状态,代码,名称,日线买信号,日线日期,日线价格,周线买信号,周线日期,周线价格,最高单信号分,综合分
日线+周线,SH.601179,中国西电,二买 / MACD绿柱扩大_零上,2026-05-26,16.18,二买 / 三买 / MACD绿柱扩大_零上 / 形态:头肩底,2026-05-29,16.57,42.9,262.7
日线+周线,SH.603032,德新科技,二买 / MACD绿柱扩大_零上 / 缺口买:普通,2026-05-28,27.69,一买 / 背驰买,2026-03-27,16.65,34.1,261.4
日线+周线,SH.601001,晋控煤业,二买 / 三买 / 拒绝回调相对强度 / 200日新高突破 / MACD绿柱扩大_零上,2026-06-01,20.2,二买 / 三买,2026-04-10,15.55,90,258.1
日线+周线,SZ.003033,征和工业,一买 / 背驰买,2026-05-15,52.38,二买 / 三买 / MACD绿柱缩小_零下 / MACD绿柱扩大_零上,2026-05-29,61.57,42.9,255.6
日线+周线,SZ.000668,*ST荣控,二买 / 三买 / MACD绿柱扩大_零上,2026-05-26,18.66,二买 / 三买,2026-03-27,12.65,42.9,247.4
日线+周线,SH.600188,兖矿能源,二买 / 拒绝回调相对强度 / 200日新高突破 / MACD绿柱扩大_零上,2026-06-01,23.98,二买 / 三买,2026-04-17,18.21,87.457,245.8
日线+周线,SZ.002388,新亚制程,二买 / MACD绿柱扩大_零上 / 形态:头肩底,2026-05-22,5.1,三买 / MACD绿柱缩小_零下 / MACD绿柱扩大_零上,2026-05-22,5.32,34.1,228.9
日线+周线,SZ.002128,电投能源,拒绝回调相对强度 / MACD绿柱缩小_零下 / MACD绿柱扩大_零上,2026-06-01,32.19,MACD绿柱扩大_零上,2026-05-29,30.95,78.126,228.8
日线+周线,SZ.002569,*ST步森,二买 / 三买 / 形态:头肩底,2026-05-21,15.37,二买 / 三买 / MACD绿柱扩大_零上,2026-04-30,14.41,42.9,227.5
日线+周线,SZ.002029,七 匹 狼,一买 / MACD绿柱扩大_零上,2026-05-28,8.4,二买 / 三买 / MACD绿柱扩大_零上,2026-05-29,8.59,34.1,224.4
日线+周线,SH.603389,*ST亚振,二买 / 三买 / 趋势买 / MACD绿柱扩大_零上 / 形态:头肩底,2026-05-29,59.1,二买 / MACD绿柱扩大_零上,2026-04-10,44.23,42.9,214.8
日线+周线,SZ.000720,新能泰山,二买 / MACD绿柱扩大_零上,2026-05-28,5.07,二买 / 三买,2026-04-30,4.43,34.1,210.7
日线+周线,SZ.300182,捷成股份,一买 / 缺口买:普通,2026-05-27,5.82,二买 / MACD绿柱扩大_零上,2026-04-30,5.6,34.1,208.8
日线+周线,SZ.000060,中金岭南,二买 / 三买 / MACD绿柱扩大_零上 / 形态:头肩底,2026-05-22,7.57,二买 / 三买 / MACD绿柱扩大_零上,2026-04-17,6.75,34.1,205.5
日线+周线,SZ.002353,杰瑞股份,二买 / 三买 / 200日新高突破 / MACD绿柱扩大_零上,2026-06-01,147,二买 / 缺口买:普通,2026-05-08,146.38,52.938,204.9
日线+周线,SH.601126,四方股份,二买 / 三买,2026-05-26,74.29,三买,2026-04-10,38.98,42.9,204.4
日线+周线,SZ.000960,锡业股份,二买 / MACD绿柱扩大_零上,2026-05-22,38.01,二买 / MACD绿柱扩大_零上,2026-05-29,37.5,34.1,203.6
日线+周线,SH.603221,爱丽家居,二买 / 三买 / 形态:头肩底,2026-05-18,11.82,背驰买 / MACD绿柱缩小_零下 / MACD绿柱扩大_零上,2026-05-22,12.46,35,200.5
日线+周线,SH.603919,金徽酒,二买,2026-05-19,18.17,MACD绿柱缩小_零下 / MACD绿柱扩大_零上,2026-05-22,19.25,34.1,198.7
日线+周线,SH.601991,大唐发电,二买 / 三买 / 趋势买,2026-05-22,6.68,二买 / 三买 / 缺口买:持续,2026-05-15,7.92,42.9,195.8
日线+周线,SH.600406,国电南瑞,一买,2026-05-29,24.7,二买 / 三买 / MACD绿柱扩大_零上,2026-05-29,24.9,42.9,195.4
日线+周线,SH.600337,美克家居,二买 / 三买 / 趋势买 / 拒绝回调相对强度,2026-06-01,3.29,二买 / 三买 / MACD绿柱扩大_零上,2026-04-03,2.39,90,194.7
日线+周线,SZ.300327,中颖电子,二买,2026-05-19,26.93,MACD绿柱缩小_零下 / MACD绿柱扩大_零上,2026-05-15,27.7,34.1,193.4
日线+周线,SH.688041,海光信息,二买 / 三买 / MACD绿柱扩大_零上,2026-05-29,293.9,二买 / MACD绿柱扩大_零上 / 缺口买:普通,2026-05-08,323.28,42.9,191.5
日线+周线,SH.601933,永辉超市,一买 / 背驰买,2026-05-25,3.38,MACD绿柱缩小_零下,2026-05-29,3.7,30,190.5
日线+周线,SZ.300913,兆龙互连,MACD绿柱扩大_零上,2026-05-28,49.78,二买 / 三买 / MACD绿柱扩大_零上,2026-04-03,49.39,34.1,190.3
日线+周线,SH.600151,航天机电,二买,2026-05-27,13.4,二买 / 三买 / MACD绿柱扩大_零上,2026-05-29,13.77,34.1,189
日线+周线,SH.600063,皖维高新,缺口买:普通,2026-05-28,6.95,MACD绿柱扩大_零上,2026-05-29,7,29.75,188.8
日线+周线,SZ.300561,*ST汇科,二买 / 拒绝回调相对强度 / MACD绿柱扩大_零上,2026-06-01,21.97,一买,2026-03-13,10.7,90,186.8
日线+周线,SZ.000509,华塑控股,二买 / 三买,2026-05-22,3.66,二买 / 形态:头肩底,2026-04-30,3.4,34.1,186.4
日线+周线,SH.601918,新集能源,三买 / 拒绝回调相对强度 / 200日新高突破,2026-06-01,11.28,二买,2026-04-17,7.26,90,185.5
日线+周线,SH.603045,福达合金,二买 / 三买 / MACD绿柱扩大_零上,2026-05-29,62.2,二买 / 缺口买:普通,2026-05-15,69.93,42.9,185.5
日线+周线,SZ.000601,韶能股份,二买 / MACD绿柱扩大_零上,2026-05-26,7.31,二买 / 三买,2025-06-27,4.65,34.1,185.5
日线+周线,SH.601366,利群股份,一买 / 背驰买,2026-05-27,3.68,MACD绿柱缩小_零下,2026-05-29,3.84,30,184.5
日线+周线,SH.600280,中央商场,一买 / 背驰买 / 缺口买:普通,2026-06-01,3.52,MACD绿柱缩小_零下 / MACD绿柱扩大_零上 / 缺口买:普通,2026-06-01,3.52,30,182.1
日线+周线,SZ.300237,ST美晨,一买 / 背驰买 / MACD绿柱扩大_零上,2026-05-29,2.28,二买 / MACD绿柱缩小_零下 / MACD绿柱扩大_零上,2026-05-22,2.42,34.1,182.1
日线+周线,SH.603895,天永智能,二买 / 三买 / 趋势买,2026-05-26,34.88,MACD绿柱扩大_零上,2026-04-10,27.62,42.9,180.9
日线+周线,SZ.002872,ST天圣,二买 / 三买,2026-05-22,5.21,二买 / 三买 / MACD绿柱扩大_零上 / 形态:头肩底,2026-04-24,5,42.9,180.9
日线+周线,SZ.301607,富特科技,二买 / 三买 / MACD绿柱扩大_零上 / 形态:头肩底,2026-05-29,53.5,二买,2026-03-27,41.51,42.9,179.5
日线+周线,SH.601963,重庆银行,二买,2026-05-11,10.28,二买 / 三买 / MACD绿柱扩大_零上,2026-04-17,10.65,42.9,177.6
日线+周线,SZ.301238,瑞泰新材,二买 / MACD绿柱扩大_零上 / 形态:头肩底,2026-05-20,20.06,背驰买 / MACD绿柱扩大_零上,2026-04-03,18.62,34.1,176.6
日线+周线,SH.688271,联影医疗,一买 / 背驰买,2026-05-18,109.14,MACD绿柱缩小_零下,2026-05-22,116.01,30,176.2
日线+周线,SZ.301507,民生健康,一买 / MACD绿柱扩大_零上,2026-05-28,12.61,背驰买 / MACD绿柱缩小_零下 / MACD绿柱扩大_零上,2026-05-15,14.4,35,176.1
日线+周线,SZ.002627,三峡旅游,一买 / 背驰买,2026-05-25,6.53,MACD绿柱扩大_零上,2026-05-29,7.31,35,175.7
日线+周线,SZ.300410,正业科技,三买 / 200日新高突破 / MACD绿柱扩大_零上,2026-06-01,11.75,背驰买 / MACD绿柱扩大_零上,2026-04-10,8.64,51.907,175.3
日线+周线,SZ.300560,中富通,二买 / 趋势买,2026-05-22,16.09,二买 / MACD绿柱扩大_零上 / 形态:头肩底,2026-04-10,15.82,42.9,175.2
日线+周线,SZ.000411,英特集团,趋势买,2026-05-28,11,二买 / MACD绿柱缩小_零下 / MACD绿柱扩大_零上,2026-05-22,12.12,35,175.1
日线+周线,SH.600639,浦东金桥,一买 / MACD绿柱缩小_零下,2026-05-29,9.94,一买,2026-05-29,9.66,30,174.5
日线+周线,SH.600452,涪陵电力,二买 / 三买,2026-04-28,11.35,三买 / MACD绿柱扩大_零上,2026-05-08,12.15,42.9,174.4
日线+周线,SZ.300001,特锐德,二买 / 三买,2026-05-26,36.752,二买 / 三买,2026-04-03,26.292,42.9,174.3
日线+周线,SH.688101,三达膜,二买 / 三买 / MACD绿柱扩大_零上,2026-05-26,17.9,背驰买 / MACD绿柱扩大_零上,2026-04-10,16.2,35,174.2
日线+周线,SZ.000917,电广传媒,一买 / MACD绿柱缩小_零下,2026-05-29,7.96,MACD绿柱扩大_零上,2026-05-29,7.96,30,173.1
日线+周线,SH.605389,长龄液压,MACD绿柱扩大_零上,2026-05-29,85.14,二买 / MACD绿柱扩大_零上,2026-04-10,55.346,42.9,172.9
日线+周线,SZ.301468,博盈特焊,二买 / MACD绿柱扩大_零上,2026-05-28,50.38,二买 / 三买 / MACD绿柱扩大_零上,2026-04-17,40.785,34.1,172.7
日线+周线,SH.600172,黄河旋风,二买 / 三买 / 缺口买:持续,2026-05-26,13.3,二买 / 三买 / 缺口买:持续,2026-05-15,11.06,42.9,172.6
日线+周线,SH.605006,山东玻纤,二买 / 三买,2026-05-19,13.67,二买 / 三买,2026-03-27,8.02,42.9,172.5
日线+周线,SH.600333,长春燃气,MACD绿柱扩大_零上,2026-05-29,5.63,二买 / 三买 / MACD绿柱扩大_零上,2026-04-10,5,34.1,171.2
日线+周线,SZ.001228,永泰运,MACD绿柱缩小_零下,2026-05-19,31.7,二买 / MACD绿柱扩大_零上,2026-05-29,29.82,42.9,170.7
日线+周线,SZ.002803,吉宏股份,MACD绿柱扩大_零上,2026-05-29,21.8,二买 / 三买 / MACD绿柱扩大_零上,2026-04-17,17.45,34.1,170.7
日线+周线,SH.600550,保变电气,一买,2026-05-27,13.13,二买 / 三买 / MACD绿柱扩大_零上,2026-05-29,13.39,42.9,170.4
日线+周线,SZ.000799,酒鬼酒,一买,2026-05-25,39.42,MACD绿柱缩小_零下,2026-05-29,45.74,30,170.1
日线+周线,SZ.300866,安克创新,二买 / 三买 / MACD绿柱扩大_零上,2026-05-28,127.46,背驰买,2026-03-13,89.51,42.9,170.1
日线+周线,SZ.300491,通合科技,二买 / MACD绿柱扩大_零上,2026-05-26,26.18,一买 / MACD绿柱扩大_零上,2026-04-10,25.02,34.1,169.7
日线+周线,SZ.003004,*ST声迅,三买 / 趋势买 / 拒绝回调相对强度 / 200日新高突破,2026-06-01,65.68,二买 / 三买,2026-04-10,27.6,90,169.6
日线+周线,SZ.002026,山东威达,一买,2026-05-28,12.12,MACD绿柱缩小_零下 / MACD绿柱扩大_零上,2026-05-29,12.28,35,168.5
日线+周线,SZ.002718,友邦吊顶,二买 / 三买 / 200日新高突破,2026-06-01,92.35,二买 / 三买,2026-03-26,53.06,47.849,168.5
日线+周线,SH.600995,南网储能,拒绝回调相对强度 / MACD绿柱扩大_零上,2026-06-01,16.34,二买 / 三买 / MACD绿柱扩大_零上 / 形态:头肩底,2026-05-08,14.753,90,168.3
日线+周线,SH.600760,中航沈飞,一买,2026-05-29,41.98,MACD绿柱缩小_零下,2026-05-22,45.175,30,168
日线+周线,SZ.002099,海翔药业,背驰买 / MACD绿柱缩小_零下,2026-05-29,5.51,MACD绿柱扩大_零上,2026-05-29,5.51,30,167.3
日线+周线,SH.600265,ST景谷,二买 / 拒绝回调相对强度 / MACD绿柱扩大_零上 / 形态:头肩底 / 缺口买:持续 / 缺口买:普通,2026-06-01,25.67,背驰买,2026-01-16,18.61,90,166.9
日线+周线,SH.688171,纬德信息,二买 / MACD绿柱扩大_零上 / 形态:头肩底,2026-05-22,55.89,二买 / MACD绿柱扩大_零上,2026-04-10,45.95,34.1,166.4
日线+周线,SZ.300670,大烨智能,二买 / MACD绿柱扩大_零上,2026-05-27,6.34,背驰买,2026-04-10,5.85,34.1,166.3
日线+周线,SZ.002438,江苏神通,二买,2026-05-22,16,二买 / 三买 / MACD绿柱扩大_零上,2026-05-08,17.21,34.1,165
日线+周线,SZ.000589,贵州轮胎,二买 / MACD绿柱扩大_零上,2026-05-22,4.65,MACD绿柱缩小_零下 / MACD绿柱扩大_零上,2026-05-22,4.74,35,164.4
日线+周线,SZ.301024,霍普股份,二买 / 三买 / MACD绿柱扩大_零上 / 形态:头肩底,2026-05-29,47.5,背驰买,2026-04-03,30.81,42.9,164
日线+周线,SH.603212,赛伍技术,二买,2026-05-21,14,二买 / 三买 / MACD绿柱扩大_零上,2026-04-17,13.84,42.9,163.7
日线+周线,SH.601086,国芳集团,一买,2026-05-29,7.61,二买 / 三买 / MACD绿柱缩小_零下,2026-05-08,9.08,42.9,163.6
日线+周线,SH.601166,兴业银行,拒绝回调相对强度,2026-06-01,18.44,一买 / MACD绿柱缩小_零下,2026-05-22,17.28,86.502,163.6
日线+周线,SH.600927,永安期货,MACD绿柱扩大_零上,2026-05-28,13.8,背驰买 / MACD绿柱缩小_零下 / MACD绿柱扩大_零上,2026-05-22,14.26,35,163.3
日线+周线,SH.603139,康惠股份,二买 / 三买 / MACD绿柱扩大_零上,2026-05-29,36.49,二买 / 三买,2025-12-31,19.91,42.9,163.3
日线+周线,SH.688777,中控技术,二买 / 三买,2026-05-15,74.6,二买 / 三买 / 趋势买 / MACD绿柱扩大_零上,2026-04-24,67.39,42.9,162.2
日线+周线,SZ.002975,博杰股份,三买 / 趋势买 / 200日新高突破 / 缺口买:持续,2026-06-01,135.07,MACD绿柱扩大_零上,2026-04-03,53.344,53.348,161.5
日线+周线,SH.600919,江苏银行,二买 / 拒绝回调相对强度 / MACD绿柱扩大_零上,2026-06-01,11.39,二买,2026-01-23,9.65,83.547,161.2
日线+周线,SZ.002314,南山控股,一买 / MACD绿柱缩小_零下,2026-05-29,2.29,MACD绿柱缩小_零下,2026-05-15,2.34,30,161.2
日线+周线,SH.600060,海信视像,背驰买 / MACD绿柱扩大_零上,2026-05-21,24.93,二买 / MACD绿柱扩大_零上,2026-04-03,20.8,35,160.9
日线+周线,SZ.000530,冰山冷热,一买 / 拒绝回调相对强度,2026-06-01,6.39,MACD绿柱缩小_零下 / MACD绿柱扩大_零上,2026-05-29,6.25,89.772,160.8
日线+周线,SZ.301200,大族数控,二买 / 三买 / 形态:头肩底,2026-05-07,175.77,二买,2026-03-13,136.28,42.9,160.8
日线+周线,SZ.000980,众泰汽车,二买 / 趋势买,2026-05-22,2.38,二买 / MACD绿柱缩小_零下 / 形态:头肩底,2026-05-22,2.58,34.1,160.4
日线+周线,SZ.002613,北玻股份,二买 / MACD绿柱扩大_零上 / 形态:头肩底,2026-05-21,4.05,背驰买,2026-04-03,3.42,34.1,160.3
日线+周线,SH.688347,华虹公司,三买,2026-05-19,140,二买 / MACD绿柱扩大_零上,2026-04-10,121.61,34.1,160.1
日线+周线,SZ.300235,方直科技,MACD绿柱扩大_零上,2026-05-27,13.2,二买 / MACD绿柱缩小_零下 / MACD绿柱扩大_零上,2026-05-15,13.945,34.1,159.6
日线+周线,SZ.300221,银禧科技,二买 / 三买,2026-05-22,11.5,二买 / MACD绿柱扩大_零上,2026-04-10,9.83,34.1,159.5
日线+周线,SH.603861,白云电器,背驰买,2026-05-27,14.98,MACD绿柱扩大_零上,2026-05-29,17.05,35,158.7
日线+周线,SZ.002441,众业达,MACD绿柱扩大_零上,2026-05-29,9.49,二买 / 三买 / MACD绿柱扩大_零上 / 形态:头肩底,2026-04-30,9.17,42.9,158.4
日线+周线,SZ.300179,四方达,二买 / 缺口买:持续,2026-05-29,45.25,二买 / 三买,2026-03-27,19.9,42.9,158.4
日线+周线,SH.600162,香江控股,拒绝回调相对强度 / MACD绿柱扩大_零上 / 缺口买:持续 / 缺口买:普通,2026-06-01,2.92,背驰买 / MACD绿柱缩小_零下,2026-04-10,1.67,90,156.8
日线+周线,SZ.000564,供销大集,一买 / 背驰买,2026-05-21,1.55,一买 / MACD绿柱缩小_零下,2026-05-29,1.74,30,156.5
日线+周线,SZ.002081,金 螳 螂,三买 / 趋势买 / MACD绿柱扩大_零上,2026-05-28,5.6,MACD绿柱扩大_零上 / 缺口买:普通,2026-05-08,6.8,32.5,156.3
日线+周线,SZ.000055,方大集团,一买 / MACD绿柱扩大_零上,2026-05-27,3.34,一买 / MACD绿柱缩小_零下,2026-05-29,3.46,30,156.1
日线+周线,SH.688519,南亚新材,二买 / 三买 / MACD绿柱扩大_零上,2026-05-21,183,二买 / 三买,2025-12-19,59.389,42.9,155.7
日线+周线,SZ.300689,澄天伟业,二买 / 三买 / MACD绿柱扩大_零上 / 形态:头肩底,2026-05-29,55.25,MACD绿柱扩大_零上,2026-04-10,47.52,42.9,155.3
日线+周线,SH.603533,掌阅科技,一买 / 缺口买:普通,2026-05-27,25.85,二买 / MACD绿柱扩大_零上 / 形态:头肩底,2026-05-29,24.04,42.9,155
日线+周线,SH.601288,农业银行,一买 / MACD绿柱扩大_零上,2026-05-29,6.14,MACD绿柱缩小_零下,2026-05-15,6.67,30,154.7
日线+周线,SZ.002304,洋河股份,一买,2026-05-25,43.32,MACD绿柱缩小_零下,2026-05-08,48.3,30,154.4
日线+周线,SZ.001331,胜通能源,200日新高突破 / 缺口买:持续,2026-05-27,69.78,二买 / MACD绿柱扩大_零上,2026-05-15,55.22,71.785,154.2
日线+周线,SH.600885,宏发股份,二买 / 三买 / 形态:头肩底,2026-05-19,30.5,MACD绿柱扩大_零上,2026-04-17,28.203,42.9,154
日线+周线,SZ.002669,康达新材,MACD绿柱扩大_零上,2026-05-21,13.904,MACD绿柱扩大_零上,2026-04-10,13.054,29.75,154
日线+周线,SZ.300816,艾可蓝,二买 / 三买,2026-05-26,80.62,二买 / 三买,2025-12-19,39.12,42.9,152.9
日线+周线,SH.603355,莱克电气,MACD绿柱扩大_零上,2026-05-29,27.4,二买 / 三买 / MACD绿柱扩大_零上,2026-04-24,30.63,35,152.8
日线+周线,SH.603721,*ST天择,二买 / 三买 / MACD绿柱扩大_零上,2026-05-22,24.09,二买,2026-03-27,17.92,42.9,152.4
日线+周线,SZ.300390,天华新能,趋势买 / MACD绿柱扩大_零上,2026-05-29,83.72,二买 / 三买,2026-03-13,42.89,42.9,151.8
日线+周线,SZ.002647,仁东控股,三买 / MACD绿柱扩大_零上,2026-05-27,11.51,趋势买,2026-05-29,11.12,32.5,150.8
日线+周线,SZ.002185,华天科技,缺口买:持续 / 缺口买:普通,2026-05-27,20.15,二买 / MACD绿柱扩大_零上 / 形态:头肩底 / 缺口买:持续,2026-05-08,13.74,34.1,150.6
日线+周线,SH.688301,奕瑞科技,二买 / 三买 / 缺口买:普通,2026-05-27,192.01,二买 / MACD绿柱扩大_零上,2026-04-17,113.2,42.9,150.2
日线+周线,SH.600312,平高电气,MACD绿柱扩大_零上,2026-05-28,21.22,二买 / 三买 / MACD绿柱扩大_零上 / 形态:头肩底,2026-05-29,21.23,42.9,150.1
日线+周线,SZ.301183,东田微,二买 / 三买,2026-05-19,235.5,二买 / MACD绿柱扩大_零上,2026-03-27,133.99,42.9,150
日线+周线,SH.600330,天通股份,二买 / 三买 / MACD绿柱扩大_零上,2026-05-26,28.86,三买,2025-11-21,8.81,42.9,149.9
日线+周线,SH.600395,盘江股份,背驰买,2026-05-22,5.1,MACD绿柱扩大_零上,2026-05-29,5.61,29.75,148.4
日线+周线,SZ.003016,欣贺股份,一买 / MACD绿柱扩大_零上,2026-05-27,7.22,MACD绿柱缩小_零下 / MACD绿柱扩大_零上,2026-05-15,8.14,35,147.5
日线+周线,SZ.301028,鼎熔岩,二买 / 三买,2026-05-15,16.45,二买 / MACD绿柱扩大_零上,2026-04-10,14.33,42.9,147.3
日线+周线,SH.603315,福鞍股份,MACD绿柱扩大_零上,2026-05-27,15.81,二买 / MACD绿柱扩大_零上,2026-04-10,13.16,35,146.5
日线+周线,SZ.300502,新易盛,二买 / 三买,2026-05-07,513,二买,2026-03-06,346.74,42.9,146.3
日线+周线,SZ.300917,特发服务,一买,2026-05-28,28.63,背驰买 / MACD绿柱缩小_零下,2026-05-15,33.53,30,146.3
日线+周线,SH.600197,伊力特,二买,2026-05-14,11.88,MACD绿柱缩小_零下,2026-05-15,12.19,34.1,146.2
日线+周线,SH.688583,思看科技,一买,2026-05-29,109.57,二买 / 三买 / MACD绿柱扩大_零上,2026-04-30,124.2,34.1,146.2
日线+周线,SZ.002155,湖南黄金,一买 / MACD绿柱缩小_零下,2026-05-29,24.28,MACD绿柱扩大_零上,2026-05-15,26.32,30,146.1
日线+周线,SZ.002982,湘佳股份,一买 / MACD绿柱扩大_零上,2026-05-28,12.15,一买,2026-05-29,12.15,29.75,146
日线+周线,SH.688508,芯朋微,MACD绿柱扩大_零上,2026-05-28,95.76,二买 / MACD绿柱扩大_零上,2026-04-10,60.65,34.1,145.7
日线+周线,SZ.300408,三环集团,二买 / 200日新高突破,2026-06-01,125.63,二买 / 三买 / 趋势买,2026-03-27,50.44,54.674,145.6
日线+周线,SH.600785,新华百货,一买,2026-05-28,15.6,二买 / 三买 / MACD绿柱扩大_零上,2026-05-29,16.31,34.1,145.4
日线+周线,SZ.300381,溢多利,MACD绿柱扩大_零上,2026-05-29,6.48,一买 / 背驰买,2026-04-30,5.92,31.5,145.4
日线+周线,SZ.002566,益盛药业,一买 / MACD绿柱扩大_零上,2026-05-28,6.86,MACD绿柱扩大_零上,2026-04-24,7.62,31.5,145.3
日线+周线,SZ.301001,凯淳股份,一买 / MACD绿柱扩大_零上,2026-05-28,26.12,MACD绿柱缩小_零下,2026-05-15,30.24,30,145.2
日线+周线,SZ.300822,贝仕达克,MACD绿柱扩大_零上,2026-05-29,13.79,二买 / 三买,2026-04-03,13.22,34.1,144.9
日线+周线,SZ.300234,开尔新材,二买 / 三买,2026-05-21,7.12,二买,2025-12-19,4.84,42.9,144.6
日线+周线,SH.601992,金隅集团,一买 / 背驰买,2026-05-21,1.52,MACD绿柱扩大_零上,2026-05-15,1.6,35,144.5
日线+周线,SZ.000733,振华科技,背驰买,2026-04-30,41.88,一买 / MACD绿柱缩小_零下 / MACD绿柱扩大_零上,2026-05-29,51.49,30,144.1
日线+周线,SZ.300388,节能国祯,一买 / MACD绿柱扩大_零上,2026-05-27,7.32,MACD绿柱缩小_零下 / MACD绿柱扩大_零上,2026-05-15,8.34,31.5,144.1
日线+周线,SH.600936,北投科技,二买 / 三买 / 趋势买,2026-05-21,5.02,MACD绿柱扩大_零上,2026-04-10,4.13,42.9,143.7
日线+周线,SZ.301262,海看股份,背驰买,2026-05-26,21.21,MACD绿柱缩小_零下 / MACD绿柱扩大_零上,2026-05-15,23.16,30,143.6
日线+周线,SH.603950,长源东谷,二买 / 三买 / MACD绿柱扩大_零上,2026-05-27,69.14,二买,2025-12-19,27.55,42.9,143
日线+周线,SZ.301099,雅创电子,二买 / 三买 / MACD绿柱扩大_零上 / 形态:头肩底,2026-05-21,61.5,二买,2026-03-06,41.78,42.9,142.8
日线+周线,SH.600167,联美控股,拒绝回调相对强度 / MACD绿柱扩大_零上,2026-06-01,6.92,背驰买 / MACD绿柱缩小_零下,2026-05-29,6.8,85.7,142.7
日线+周线,SH.603201,常润股份,一买 / 背驰买,2026-04-29,15.13,背驰买 / MACD绿柱扩大_零上,2026-04-30,15.13,31.5,142.5
日线+周线,SH.603967,中创物流,MACD绿柱扩大_零上,2026-05-28,11.98,二买 / 三买 / MACD绿柱扩大_零上,2026-04-17,12.4,35,142.4
日线+周线,SZ.002121,科陆电子,背驰买,2026-05-15,6.51,MACD绿柱扩大_零上,2026-05-15,6.84,31.5,142.4
日线+周线,SZ.002153,石基信息,一买,2026-05-28,8.09,MACD绿柱缩小_零下 / MACD绿柱扩大_零上,2026-05-15,9.4,30,142.4
日线+周线,SZ.301120,新特电气,拒绝回调相对强度,2026-06-01,27.15,二买 / 三买 / MACD绿柱扩大_零上 / 形态:头肩底,2026-05-15,20.346,90,142.4
日线+周线,SH.603213,镇洋发展,背驰买,2026-03-24,12.53,一买 / 背驰买 / MACD绿柱扩大_零上,2026-04-30,13.6,31.5,142.3
日线+周线,SZ.300828,锐新科技,一买 / MACD绿柱扩大_零上,2026-05-27,19.62,二买 / 三买 / MACD绿柱扩大_零上,2026-04-30,21.62,34.1,142.2
日线+周线,SZ.000882,华联股份,一买 / 背驰买,2026-05-22,1.42,MACD绿柱缩小_零下,2026-05-15,1.53,30,142
日线+周线,SZ.000582,北部湾港,三买,2026-05-18,11.86,二买 / 三买,2026-04-10,10.03,42.9,141.9
日线+周线,SZ.002150,正泰电源,二买,2026-04-29,26.6,二买 / 三买,2026-04-30,26.6,42.9,141.6
日线+周线,SZ.002210,飞马国际,MACD绿柱扩大_零上,2026-05-28,2.85,二买 / MACD绿柱缩小_零下,2026-05-08,3.23,35,141.6
日线+周线,SH.603163,圣晖集成,二买,2026-05-26,100.03,二买 / MACD绿柱扩大_零上,2026-05-15,110.75,42.9,141.4
日线+周线,SH.601233,桐昆股份,MACD绿柱缩小_零下 / MACD绿柱扩大_零上,2026-05-29,19.08,MACD绿柱扩大_零上,2026-05-29,19.08,33.25,141.2
日线+周线,SZ.000543,皖能电力,二买 / 拒绝回调相对强度,2026-06-01,9.82,二买 / MACD绿柱扩大_零上,2026-05-08,8.24,90,140.8
日线+周线,SZ.000839,国安股份,MACD绿柱扩大_零上,2026-05-28,3.07,二买 / 三买,2026-04-30,2.9,34.1,140.5
日线+周线,SH.600792,云煤能源,一买 / 背驰买,2026-05-27,3.73,MACD绿柱扩大_零上,2026-05-29,4.06,28,140.3
日线+周线,SH.605318,法狮龙,二买 / 三买 / MACD绿柱扩大_零上,2026-05-29,92.12,二买,2025-12-19,49.81,42.9,140.2
日线+周线,SZ.000887,中鼎股份,一买 / 背驰买,2026-04-28,17.19,MACD绿柱缩小_零下 / MACD绿柱扩大_零上,2026-05-22,20.47,30,139.8
日线+周线,SZ.300763,锦浪科技,二买 / 200日新高突破,2026-06-01,117.5,二买,2026-04-30,83.19,50.233,139.7
日线+周线,SH.603977,国泰集团,一买,2026-05-22,13.14,MACD绿柱扩大_零上,2026-05-22,13.6,33.25,139.6
日线+周线,SZ.000716,黑芝麻,一买 / 背驰买,2026-04-28,4.52,MACD绿柱缩小_零下,2026-05-15,5.21,30,139.3
日线+周线,SZ.002350,北京科锐,二买 / 三买 / MACD绿柱扩大_零上,2026-05-27,15.62,二买 / 三买,2025-12-31,7.93,42.9,139.3
日线+周线,SZ.300088,长信科技,二买 / MACD绿柱扩大_零上,2026-05-22,6.86,二买,2026-03-27,5.79,34.1,139.3
日线+周线,SZ.300566,激智科技,二买 / 三买,2026-05-18,19.61,MACD绿柱扩大_零上,2026-04-24,18.4,42.9,139.1
日线+周线,SZ.301276,嘉曼服饰,MACD绿柱扩大_零上,2026-05-28,24.23,二买 / 三买 / MACD绿柱扩大_零上,2026-04-17,24.43,35,139.1
日线+周线,SH.600207,安彩高科,二买 / 三买,2026-05-20,6.16,二买 / 形态:头肩底,2026-02-06,4.62,42.9,139
日线+周线,SH.605589,圣泉集团,二买 / 三买 / 200日新高突破,2026-06-01,49.2,二买,2026-04-03,28.83,55.292,138.9
日线+周线,SH.600868,梅雁吉祥,一买 / 背驰买,2026-05-22,3.2,MACD绿柱扩大_零上,2026-04-30,3.41,29.75,138.7
日线+周线,SH.601619,嘉泽新能,MACD绿柱扩大_零上,2026-05-21,5.37,二买 / MACD绿柱扩大_零上,2026-05-29,5.52,34.1,138.6
日线+周线,SH.600711,盛屯矿业,MACD绿柱缩小_零下,2026-05-29,12.2,二买 / 三买 / MACD绿柱扩大_零上,2026-05-29,12.2,42.9,138.5
日线+周线,SZ.002561,徐家汇,一买 / MACD绿柱缩小_零下,2026-05-29,7.32,一买 / MACD绿柱缩小_零下,2026-05-29,7.11,30,138.4
日线+周线,SH.600640,国脉文化,一买 / MACD绿柱扩大_零上,2026-05-29,11.59,MACD绿柱缩小_零下 / MACD绿柱扩大_零上,2026-05-22,12.34,30,137.9
日线+周线,SH.920953,国子软件,一买,2026-05-28,24.4,MACD绿柱缩小_零下,2026-05-22,28.25,30,137.6
日线+周线,SZ.000619,海螺新材,MACD绿柱扩大_零上,2026-05-25,5.86,背驰买 / MACD绿柱缩小_零下 / MACD绿柱扩大_零上,2026-05-22,5.96,30,137.6
日线+周线,SZ.002077,大港股份,二买 / 三买 / 形态:头肩底,2026-05-19,16.82,MACD绿柱扩大_零上,2026-04-24,15.65,42.9,137.5
日线+周线,SH.603103,横店影视,一买 / 背驰买,2026-05-22,19.52,MACD绿柱扩大_零上,2026-05-29,22.92,33.25,137.1
日线+周线,SZ.002983,芯瑞达,二买,2026-04-30,22.8,二买 / 三买 / MACD绿柱扩大_零上,2026-05-08,23.5,34.1,137.1
日线+周线,SZ.301207,华兰疫苗,一买 / MACD绿柱扩大_零上,2026-05-28,17.46,MACD绿柱扩大_零上,2026-05-29,18.02,29.75,137.1
日线+周线,SH.600678,四川金顶,MACD绿柱缩小_零下,2026-05-28,6.47,MACD绿柱扩大_零上 / 缺口买:衰竭,2026-05-15,6.9,31.5,136.7
日线+周线,SH.603319,美湖股份,MACD绿柱缩小_零下 / MACD绿柱扩大_零上,2026-05-28,33.75,MACD绿柱扩大_零上,2026-04-10,33.28,33.25,135.9
日线+周线,SZ.002640,跨境通,MACD绿柱扩大_零上,2026-05-28,3.87,背驰买 / MACD绿柱缩小_零下 / 缺口买:普通,2026-05-08,4.13,31.5,135.9
日线+周线,SH.688258,卓易信息,二买 / MACD绿柱扩大_零上,2026-05-25,138.96,MACD绿柱扩大_零上,2026-04-24,127.22,42.9,135.3
日线+周线,SH.688178,万德斯,二买 / MACD绿柱扩大_零上,2026-05-28,33.64,二买,2025-12-19,23.6,35,135.2
日线+周线,SZ.002976,瑞玛精密,二买 / 三买 / 形态:头肩底,2026-05-22,30.64,二买 / MACD绿柱扩大_零上,2026-04-03,25.4,42.9,135.2
日线+周线,SZ.002005,ST德豪,MACD绿柱扩大_零上,2026-05-20,2.86,二买 / MACD绿柱扩大_零上,2026-04-17,2.9,34.1,134.6
日线+周线,SZ.300291,百纳千成,一买 / 拒绝回调相对强度,2026-06-01,7.14,MACD绿柱扩大_零上,2026-05-22,5.8,81.134,134.5
日线+周线,SZ.300920,润阳科技,三买,2026-05-22,42.75,二买 / 三买 / MACD绿柱缩小_零下,2026-05-08,42.19,42.9,134.2
日线+周线,SZ.301168,通灵股份,MACD绿柱扩大_零上,2026-05-29,40.25,二买 / 三买 / MACD绿柱扩大_零上,2026-04-03,40.06,42.9,134.2
日线+周线,SH.688479,友车科技,二买 / 三买 / MACD绿柱扩大_零上,2026-05-26,38.66,背驰买,2025-12-19,17.77,42.9,134
日线+周线,SZ.001336,楚环科技,MACD绿柱扩大_零上,2026-05-29,26.91,二买 / 三买 / MACD绿柱扩大_零上,2026-04-24,26.17,34.1,134
日线+周线,SZ.002443,金洲管道,三买 / MACD绿柱扩大_零上,2026-05-29,11.99,二买,2026-04-10,7.981,34.1,133.9
日线+周线,SH.688499,利元亨,二买 / 形态:头肩底,2026-05-26,54.7,MACD绿柱缩小_零下 / MACD绿柱扩大_零上,2026-05-22,57.78,34.1,133.6
日线+周线,SZ.002823,凯中精密,二买 / 形态:头肩底,2026-05-22,15.94,背驰买 / MACD绿柱扩大_零上,2026-04-10,15.346,42.9,133.1
日线+周线,SZ.301305,朗坤科技,200日新高突破 / MACD绿柱扩大_零上,2026-06-01,30.83,三买 / MACD绿柱扩大_零上,2026-05-22,24.5,63.845,132.7
日线+周线,SH.601158,重庆水务,一买 / 背驰买,2026-05-22,4.22,一买,2026-05-22,4.22,28,132.6
日线+周线,SH.603889,新澳股份,MACD绿柱扩大_零上,2026-05-28,5.86,二买 / 三买 / MACD绿柱扩大_零上,2026-04-10,6.462,42.9,132.6
日线+周线,SZ.002406,远东传动,二买 / 三买,2026-05-22,7.81,MACD绿柱扩大_零上,2026-04-10,7.34,42.9,132.5
日线+周线,SZ.301171,易点天下,MACD绿柱扩大_零上,2026-05-29,42.31,二买 / 三买 / MACD绿柱扩大_零上,2026-04-10,35.278,34.1,132.5
日线+周线,SH.600323,瀚蓝环境,MACD绿柱扩大_零上,2026-05-26,30.49,MACD绿柱扩大_零上,2026-04-24,30.19,35,131.9
日线+周线,SZ.002203,海亮股份,趋势买 / MACD绿柱扩大_零上,2026-05-28,20.97,二买 / 三买,2026-03-27,12.3,34.1,131.4
日线+周线,SH.600558,大西洋,拒绝回调相对强度 / MACD绿柱扩大_零上,2026-06-01,5.78,二买 / MACD绿柱扩大_零上,2026-04-30,5.75,82.25,131.3
日线+周线,SH.688707,振华新材,MACD绿柱扩大_零上,2026-05-29,14.46,MACD绿柱扩大_零上,2026-04-03,12.47,29.75,131
日线+周线,SZ.002887,绿茵生态,二买 / 三买 / MACD绿柱扩大_零上,2026-05-29,13.28,二买 / 三买,2025-12-19,8.72,42.9,131
日线+周线,SH.600397,江钨装备,一买,2026-05-22,12.77,MACD绿柱扩大_零上,2026-05-29,13.94,31.5,130.8
日线+周线,SZ.000100,TCL科技,二买,2026-05-08,4.18,二买 / MACD绿柱扩大_零上,2026-04-30,4.27,34.1,130.7
日线+周线,SH.688717,艾罗能源,MACD绿柱扩大_零上,2026-05-29,104.22,二买 / 三买 / MACD绿柱扩大_零上,2026-05-29,104.22,42.9,130.3
日线+周线,SH.600779,水井坊,一买 / 背驰买,2026-05-25,30,MACD绿柱缩小_零下,2026-05-22,30.36,28,130.2
日线+周线,SZ.003035,南网能源,背驰买,2026-05-26,6.77,趋势买 / MACD绿柱扩大_零上,2026-05-29,7.48,29.75,130.1
日线+周线,SH.600778,友好集团,MACD绿柱扩大_零上,2026-05-28,6.2,MACD绿柱缩小_零下 / MACD绿柱扩大_零上,2026-05-22,6.6,31.5,129.9
日线+周线,SZ.300180,华峰超纤,一买 / 背驰买,2026-05-26,4.72,一买,2026-05-29,4.72,28,129.9
日线+周线,SH.688418,震有科技,MACD绿柱扩大_零上,2026-05-25,51.88,二买 / 三买 / MACD绿柱扩大_零上 / 形态:头肩底,2026-04-10,40.88,34.1,129.6
日线+周线,SZ.003006,百亚股份,一买 / 背驰买 / MACD绿柱缩小_零下,2026-05-28,16.2,一买,2026-05-29,14.85,30,129.6
日线+周线,SH.600980,北矿科技,MACD绿柱扩大_零上,2026-05-28,22.33,背驰买 / MACD绿柱扩大_零上,2026-04-10,22.56,29.75,129.3
日线+周线,SZ.300206,理邦仪器,MACD绿柱缩小_零下 / MACD绿柱扩大_零上,2026-05-29,13.5,二买,2026-04-03,12.589,35,129.2
日线+周线,SZ.002130,沃尔核材,一买 / 背驰买,2026-05-21,20.43,MACD绿柱扩大_零上,2026-04-10,24.63,33.25,128.9
日线+周线,SH.600103,青山纸业,MACD绿柱扩大_零上,2026-05-28,3.86,MACD绿柱扩大_零上,2026-04-10,3.901,33.25,128.7
日线+周线,SZ.301122,采纳股份,MACD绿柱缩小_零下 / MACD绿柱扩大_零上,2026-05-29,27.97,MACD绿柱扩大_零上,2026-05-29,27.97,30,128.7
日线+周线,SZ.000519,中兵红箭,二买,2026-05-19,17.1,MACD绿柱缩小_零下,2026-05-22,17.91,34.1,128.6
日线+周线,SH.603527,众源新材,二买 / 三买,2026-05-21,12.32,二买 / MACD绿柱扩大_零上,2026-04-10,10.66,42.9,128.4
日线+周线,SH.688209,英集芯,MACD绿柱扩大_零上,2026-05-29,23.72,二买 / MACD绿柱扩大_零上,2026-04-10,21,34.1,128.4
日线+周线,SH.600388,龙净环保,二买,2026-05-19,18.12,MACD绿柱扩大_零上,2026-05-29,18.85,34.1,128.3
日线+周线,SZ.000685,中山公用,二买,2026-05-15,10.97,二买 / 三买 / MACD绿柱扩大_零上,2026-04-10,11.05,42.9,128.1
日线+周线,SH.600191,华资实业,MACD绿柱缩小_零下,2026-05-28,10.95,二买 / 三买 / MACD绿柱扩大_零上,2026-05-29,10.68,42.9,127.9
日线+周线,SH.688073,毕得医药,MACD绿柱缩小_零下 / MACD绿柱扩大_零上,2026-05-28,53.3,MACD绿柱缩小_零下,2026-05-08,59.24,30,127.9
日线+周线,SZ.002579,中京电子,拒绝回调相对强度 / 缺口买:持续,2026-06-01,18.87,三买,2025-11-21,10.62,90,127.8
日线+周线,SZ.300881,盛德鑫泰,二买,2026-04-28,44.52,二买 / 三买,2026-03-27,40.07,42.9,127.6
日线+周线,SZ.300170,汉得信息,MACD绿柱扩大_零上,2026-05-26,19.65,二买 / MACD绿柱扩大_零上,2026-05-29,19,34.1,127.5
日线+周线,SZ.300373,扬杰科技,二买,2026-05-19,76.37,二买 / MACD绿柱扩大_零上,2026-04-10,77.46,34.1,127.5
日线+周线,SH.600105,永鼎股份,二买 / MACD绿柱扩大_零上,2026-05-27,48.5,二买 / 三买,2026-03-27,24.11,42.9,127.4
日线+周线,SZ.001277,速达股份,一买 / MACD绿柱扩大_零上,2026-05-29,31.5,背驰买 / MACD绿柱缩小_零下,2026-05-22,35.71,30,127.3
日线+周线,SH.603616,韩建河山,一买,2026-05-28,5.38,二买 / MACD绿柱扩大_零上,2026-05-08,6.52,34.1,127.1
日线+周线,SH.688612,威迈斯,MACD绿柱扩大_零上,2026-05-19,30.76,背驰买 / MACD绿柱缩小_零下,2026-04-17,31.24,35,127.1
日线+周线,SH.601958,金钼股份,三买,2026-05-18,20.15,二买 / MACD绿柱扩大_零上,2026-05-08,20.96,34.1,127
日线+周线,SH.688670,金迪克,MACD绿柱扩大_零上,2026-05-29,16.55,二买 / MACD绿柱缩小_零下 / MACD绿柱扩大_零上,2026-05-22,19.31,35,126.8
日线+周线,SH.688677,海泰新光,背驰买 / MACD绿柱扩大_零上,2026-05-21,125.88,MACD绿柱扩大_零上,2026-03-27,39.86,28,126.6
日线+周线,SZ.002214,*ST大立,MACD绿柱扩大_零上 / 缺口买:衰竭,2026-06-01,14.13,MACD绿柱扩大_零上 / 缺口买:衰竭,2026-06-01,14.13,29.75,126.6
日线+周线,SZ.000425,徐工机械,一买,2026-05-20,9.1,MACD绿柱扩大_零上,2026-04-30,9.95,28,126.5
日线+周线,SZ.300477,ST合纵,趋势买 / MACD绿柱扩大_零上,2026-05-29,2.73,二买 / MACD绿柱扩大_零上,2026-04-24,2.06,34.1,126.4
日线+周线,SH.603156,养元饮品,MACD绿柱扩大_零上,2026-05-29,42.74,二买 / MACD绿柱扩大_零上,2026-04-10,30.35,34.1,125.9
日线+周线,SH.688261,东微半导,二买,2026-05-25,74.92,二买 / MACD绿柱扩大_零上,2026-04-17,74.96,34.1,125.8
日线+周线,SH.603165,荣晟环保,MACD绿柱扩大_零上,2026-05-29,16.48,二买 / 三买,2026-03-06,13,42.9,125.6
日线+周线,SH.920879,基康技术,一买 / MACD绿柱扩大_零上,2026-05-28,15.2,MACD绿柱缩小_零下,2026-05-22,16.92,30,125.6
日线+周线,SH.600880,博瑞传播,MACD绿柱扩大_零上,2026-05-20,4.82,MACD绿柱缩小_零下 / MACD绿柱扩大_零上,2026-05-15,5,30,125.5
日线+周线,SH.603307,扬州金泉,MACD绿柱扩大_零上,2026-05-29,39.27,背驰买 / MACD绿柱扩大_零上,2026-04-10,39.45,35,125.4
日线+周线,SH.688767,博拓生物,MACD绿柱扩大_零上,2026-05-27,39.56,三买 / MACD绿柱扩大_零上,2026-03-27,30.4,32.5,125.3
日线+周线,SH.600530,交大昂立,趋势买,2026-05-20,6.56,MACD绿柱缩小_零下 / 缺口买:普通,2026-05-15,7.46,30,125
日线+周线,SZ.002475,立讯精密,二买 / MACD绿柱扩大_零上,2026-05-28,72.8,三买,2026-03-27,44.57,34.1,124.8
日线+周线,SH.600057,厦门象屿,MACD绿柱缩小_零下,2026-05-28,6.22,MACD绿柱扩大_零上,2026-05-15,6.66,31.5,124.7
日线+周线,SZ.002269,美邦服饰,一买,2026-04-27,1.5,背驰买 / MACD绿柱缩小_零下,2026-05-15,1.6,30,124.5
日线+周线,SZ.301565,中仑新材,拒绝回调相对强度,2026-06-01,27.26,MACD绿柱缩小_零下 / MACD绿柱扩大_零上,2026-05-15,22.05,90,124.1
日线+周线,SZ.002602,世纪华通,一买 / MACD绿柱缩小_零下,2026-05-27,14.76,MACD绿柱扩大_零上,2026-05-15,14.84,30,124
日线+周线,SZ.301382,蜂助手,MACD绿柱扩大_零上,2026-05-28,44.99,二买 / MACD绿柱扩大_零上,2026-04-10,31.29,34.1,124
日线+周线,SH.688584,上海合晶,二买 / 三买 / 趋势买,2026-05-19,23.88,MACD绿柱扩大_零上,2026-04-10,19.75,42.9,123.9
日线+周线,SZ.301213,观想科技,MACD绿柱扩大_零上,2026-05-28,69.48,二买 / 三买 / MACD绿柱扩大_零上,2026-05-29,65,34.1,123.4
日线+周线,SH.600292,电投水电,二买 / MACD绿柱扩大_零上,2026-05-25,14.829,二买,2026-04-03,13.219,35,123.2
日线+周线,SH.600327,大东方,一买,2026-05-27,3.52,一买 / MACD绿柱缩小_零下,2026-05-29,3.52,28,123
日线+周线,SH.600697,欧亚集团,一买 / MACD绿柱扩大_零上,2026-05-28,11.1,MACD绿柱缩小_零下 / MACD绿柱扩大_零上,2026-05-22,12.1,30,122.5
日线+周线,SZ.002044,美年健康,MACD绿柱扩大_零上,2026-05-29,5.69,二买 / MACD绿柱扩大_零上 / 缺口买:普通,2026-05-08,6.17,34.1,122.5
日线+周线,SH.603050,科林电气,二买 / 三买 / MACD绿柱扩大_零上,2026-05-27,22.63,二买 / 三买,2026-04-10,18.452,34.1,122.2
日线+周线,SZ.300084,海默科技,MACD绿柱扩大_零上,2026-05-29,12.02,二买 / 三买 / MACD绿柱扩大_零上,2026-04-17,11.23,42.9,122.2
日线+周线,SH.600008,首创环保,拒绝回调相对强度,2026-06-01,3.2,二买 / 三买 / MACD绿柱扩大_零上,2026-05-22,3.06,89.736,122.1
日线+周线,SZ.000950,重药控股,MACD绿柱扩大_零上,2026-05-29,5.81,二买 / MACD绿柱扩大_零上,2026-05-08,5.92,34.1,122
日线+周线,SH.601598,中国外运,背驰买,2026-05-06,5.85,二买 / MACD绿柱扩大_零上 / 形态:头肩底,2026-05-08,6.08,34.1,121.9
日线+周线,SZ.301097,天益医疗,MACD绿柱扩大_零上,2026-05-29,52.92,二买 / 三买 / MACD绿柱扩大_零上,2026-04-10,54.35,34.1,121.6
日线+周线,SZ.002782,可立克,背驰买,2026-04-29,18.28,二买 / MACD绿柱扩大_零上,2026-05-08,20.49,34.1,121.2
日线+周线,SZ.300686,智动力,MACD绿柱扩大_零上,2026-05-29,15.5,二买 / 三买 / MACD绿柱扩大_零上,2026-04-03,14.22,42.9,121.2
日线+周线,SH.600378,昊华科技,二买 / 三买,2026-05-13,32.62,MACD绿柱扩大_零上,2026-04-10,33.51,42.9,121.1
日线+周线,SH.603013,亚普股份,MACD绿柱扩大_零上,2026-05-29,19.24,MACD绿柱缩小_零下 / MACD绿柱扩大_零上,2026-05-22,20.78,31.5,120.9
日线+周线,SH.603719,良品铺子,二买 / MACD绿柱扩大_零上,2026-05-29,10.63,背驰买,2026-03-27,9.56,34.1,120.9
日线+周线,SZ.002568,百润股份,一买 / 背驰买,2026-04-27,16.44,一买 / 背驰买,2026-04-30,16.44,28,120.9
日线+周线,SZ.000659,珠海中富,一买,2026-05-27,3.83,三买 / MACD绿柱扩大_零上,2026-05-29,4,35,120.7
日线+周线,SZ.000725,京东方Ａ,二买 / 三买,2026-04-30,4.08,MACD绿柱扩大_零上,2026-04-17,4.02,42.9,120.4
日线+周线,SH.603813,*ST原尚,MACD绿柱扩大_零上,2026-05-29,35.52,二买 / 三买 / MACD绿柱扩大_零上,2026-04-03,21.72,35,120.3
日线+周线,SZ.000952,广济药业,一买 / 背驰买 / MACD绿柱扩大_零上,2026-05-28,6.81,二买 / MACD绿柱扩大_零上,2026-04-30,7.39,35,120.2
日线+周线,SZ.002425,凯撒文化,MACD绿柱扩大_零上,2026-05-26,3.15,MACD绿柱缩小_零下 / MACD绿柱扩大_零上,2026-05-22,3.34,30,120
日线+周线,SH.603377,ST东时,一买,2026-05-14,3.37,MACD绿柱扩大_零上,2026-05-29,3.52,31.5,119.9
日线+周线,SH.600036,招商银行,形态:上升三角,2026-04-16,40.36,一买 / MACD绿柱缩小_零下,2026-05-29,36.78,30,119.8
日线+周线,SZ.000739,普洛药业,MACD绿柱缩小_零下 / MACD绿柱扩大_零上,2026-05-27,16.79,MACD绿柱扩大_零上,2026-05-29,16.61,30,119.6
日线+周线,SH.603733,仙鹤股份,背驰买,2026-05-18,20.44,MACD绿柱扩大_零上,2026-04-24,22.07,33.25,119
日线+周线,SH.603968,醋化股份,背驰买,2026-05-26,11.04,MACD绿柱扩大_零上,2026-05-29,12.4,28,118.8
日线+周线,SH.600211,西藏药业,MACD绿柱扩大_零上,2026-05-26,38.82,背驰买 / MACD绿柱缩小_零下,2026-05-15,42.24,30,118.2
日线+周线,SH.603128,华贸物流,一买,2026-05-28,5.25,一买 / MACD绿柱缩小_零下,2026-05-29,5.25,30,118.2
日线+周线,SZ.002870,香山股份,二买 / 三买 / 形态:头肩底,2026-05-20,39.365,二买 / MACD绿柱扩大_零上,2026-04-10,36.455,42.9,118.2
日线+周线,SZ.300743,天地数码,MACD绿柱扩大_零上,2026-05-28,17.6,MACD绿柱缩小_零下 / MACD绿柱扩大_零上,2026-05-22,19.09,35,118.1
日线+周线,SZ.002642,荣联科技,二买 / 三买,2026-05-22,8.4,背驰买,2026-03-27,7.24,34.1,117.9
日线+周线,SH.603685,晨丰科技,二买 / 三买 / MACD绿柱扩大_零上,2026-05-22,32.55,三买,2025-10-17,16.63,42.9,117.8
日线+周线,SZ.000691,*ST亚太,一买,2026-04-29,7.11,二买 / MACD绿柱扩大_零上,2026-04-30,7.11,34.1,117.7
日线+周线,SZ.002491,通鼎互联,趋势买 / MACD绿柱扩大_零上,2026-05-28,23.12,二买 / 缺口买:普通,2026-05-15,22.59,34.1,117.7
日线+周线,SH.603681,永冠新材,200日新高突破,2026-06-01,24.44,三买 / MACD绿柱扩大_零上,2026-04-17,18.05,57.986,117.5
日线+周线,SZ.000681,视觉中国,MACD绿柱扩大_零上,2026-05-26,20.03,MACD绿柱缩小_零下 / MACD绿柱扩大_零上,2026-05-29,20.59,31.5,117.4
日线+周线,SH.688545,兴福电子,MACD绿柱扩大_零上,2026-05-29,75.2,二买 / MACD绿柱扩大_零上 / 缺口买:持续,2026-05-15,92.67,34.1,117.3
日线+周线,SH.601330,绿色动力,拒绝回调相对强度 / MACD绿柱扩大_零上,2026-06-01,9.71,二买 / 三买,2026-04-17,7.78,85.71,117.2
日线+周线,SZ.000892,欢瑞世纪,背驰买 / MACD绿柱缩小_零下,2026-05-26,4.09,MACD绿柱扩大_零上,2026-04-10,6.39,31.5,117
日线+周线,SZ.301017,漱玉平民,一买 / 背驰买 / 拒绝回调相对强度,2026-06-01,14.66,MACD绿柱扩大_零上,2026-05-15,13.42,87.612,116.8
日线+周线,SH.600789,鲁抗医药,一买,2026-05-29,7.72,二买 / MACD绿柱缩小_零下,2026-05-22,8.11,34.1,116.7
日线+周线,SZ.000969,安泰科技,二买,2026-05-19,20.56,二买 / MACD绿柱扩大_零上,2026-04-10,21.06,42.9,116.6
日线+周线,SZ.300255,常山药业,MACD绿柱扩大_零上,2026-05-22,40.68,MACD绿柱缩小_零下 / MACD绿柱扩大_零上,2026-05-29,41.25,30,116.6
日线+周线,SH.600619,海立股份,MACD绿柱扩大_零上,2026-05-28,16.33,三买 / MACD绿柱缩小_零下 / MACD绿柱扩大_零上,2026-05-15,18.3,32.5,116.5
日线+周线,SH.603233,大参林,一买 / MACD绿柱扩大_零上,2026-05-27,15.34,MACD绿柱扩大_零上,2026-04-24,18.19,31.5,116.5
日线+周线,SH.603898,好莱客,一买 / 背驰买,2026-05-20,12.07,MACD绿柱扩大_零上,2026-05-29,12.52,29.75,116.5
日线+周线,SZ.300120,经纬辉开,背驰买 / 缺口买:持续,2026-05-29,8.3,MACD绿柱缩小_零下,2026-05-22,7.13,30,116.5
日线+周线,SH.600743,华远控股,MACD绿柱扩大_零上,2026-05-28,2.45,二买 / 三买 / MACD绿柱缩小_零下,2026-03-27,1.77,35,116.3
日线+周线,SH.605188,国光连锁,一买 / 背驰买,2026-05-26,13.525,MACD绿柱缩小_零下 / MACD绿柱扩大_零上,2026-05-15,14.985,31.5,116.3
日线+周线,SZ.301029,怡合达,MACD绿柱扩大_零上,2026-05-29,28.57,背驰买 / MACD绿柱扩大_零上,2026-04-10,24.964,28,116.1
日线+周线,SH.600795,国电电力,拒绝回调相对强度,2026-06-01,5.25,二买 / MACD绿柱缩小_零下 / MACD绿柱扩大_零上,2026-05-22,4.9,90,115.9
日线+周线,SH.688377,迪威尔,一买,2026-05-29,27,二买 / MACD绿柱扩大_零上,2026-05-08,31.133,34.1,115.8
日线+周线,SZ.301458,钧崴电子,二买 / 三买,2026-05-19,40.87,二买,2026-03-27,31.25,42.9,115.6
日线+周线,SZ.300465,高伟达,一买 / 背驰买,2026-05-25,13.52,MACD绿柱缩小_零下,2026-05-29,14.21,30,115.5
日线+周线,SH.600750,华润江中,背驰买 / 拒绝回调相对强度 / MACD绿柱缩小_零下,2026-06-01,25.88,MACD绿柱扩大_零上,2026-05-29,25.05,81.299,115.1
日线+周线,SZ.002440,闰土股份,背驰买 / MACD绿柱缩小_零下,2026-05-29,9.47,MACD绿柱扩大_零上,2026-05-15,9.96,30,115
日线+周线,SH.600522,中天科技,趋势买 / MACD绿柱扩大_零上,2026-05-29,42.19,二买 / 三买 / 形态:头肩底,2025-11-21,15.38,34.1,114.7
日线+周线,SH.603931,格林达,拒绝回调相对强度 / 200日新高突破,2026-06-01,65.81,二买 / MACD绿柱扩大_零上,2026-04-10,27.55,90,114.5
日线+周线,SH.605305,中际联合,MACD绿柱扩大_零上,2026-05-25,41.36,MACD绿柱扩大_零上,2026-04-03,38.9,28,114.2
日线+周线,SZ.300679,电连技术,三买 / MACD绿柱扩大_零上,2026-05-27,52.85,一买,2026-03-27,32.24,32.5,114.1
日线+周线,SZ.002957,科瑞技术,三买 / MACD绿柱扩大_零上,2026-05-22,41.68,二买 / 三买,2026-03-27,23.76,40,113.9
日线+周线,SZ.002156,通富微电,三买,2026-05-19,55.01,二买 / MACD绿柱扩大_零上 / 缺口买:持续,2026-05-08,57.16,34.1,113.6
日线+周线,SZ.002639,雪人集团,一买,2026-05-26,14.7,MACD绿柱扩大_零上,2026-05-29,17.18,28,113.6
日线+周线,SZ.002702,海欣食品,一买 / MACD绿柱扩大_零上,2026-05-27,5.21,MACD绿柱扩大_零上,2026-04-10,5.58,31.5,113.6
日线+周线,SZ.300842,帝科股份,二买 / 三买,2026-05-15,89,二买 / 三买 / MACD绿柱扩大_零上,2026-04-30,90.89,34.1,113.5
日线+周线,SH.603117,万林物流,MACD绿柱扩大_零上,2026-05-29,4.48,一买 / 背驰买,2026-04-30,4.34,28,113.4
日线+周线,SH.605086,龙高股份,一买 / 背驰买,2026-05-22,29,MACD绿柱扩大_零上,2026-05-29,31.1,28,113.4
日线+周线,SH.600133,东湖高新,MACD绿柱扩大_零上,2026-05-29,8.5,MACD绿柱缩小_零下 / MACD绿柱扩大_零上,2026-05-22,9.06,31.5,113.2
日线+周线,SZ.001209,洪兴股份,二买 / MACD绿柱扩大_零上,2026-05-26,21.08,MACD绿柱扩大_零上,2026-04-10,20.63,34.1,113.2
日线+周线,SH.600609,金杯汽车,一买,2026-05-27,3.547,MACD绿柱缩小_零下,2026-05-15,3.987,30,113.1
日线+周线,SZ.002646,天佑德酒,一买,2026-05-22,7.48,MACD绿柱缩小_零下,2026-05-15,7.8,30,113.1
日线+周线,SZ.002748,世龙实业,MACD绿柱扩大_零上,2026-05-25,11.6,MACD绿柱扩大_零上,2026-05-29,11.06,35,113.1
日线+周线,SZ.300525,博思软件,一买,2026-05-28,8.62,MACD绿柱缩小_零下,2026-05-29,8.65,28,113.1
日线+周线,SH.600506,统一股份,MACD绿柱扩大_零上,2026-05-27,17.97,背驰买 / MACD绿柱扩大_零上,2026-04-10,17.042,33.25,113
日线+周线,SH.600894,广日股份,MACD绿柱缩小_零下,2026-05-28,8.53,一买,2026-05-22,8.14,30,112.7
日线+周线,SZ.002181,粤 传 媒,二买 / MACD绿柱扩大_零上,2026-05-26,12.69,二买 / 三买,2025-12-19,8.1,42.9,112.7
日线+周线,SZ.002264,新 华 都,一买,2026-05-28,6.61,MACD绿柱扩大_零上,2026-05-29,6.82,28,112.5
日线+周线,SZ.300635,中达安,MACD绿柱扩大_零上,2026-05-29,13.73,MACD绿柱缩小_零下 / MACD绿柱扩大_零上,2026-04-30,14.74,35,112.5
日线+周线,SZ.000049,德赛电池,MACD绿柱扩大_零上,2026-05-21,26.19,二买 / 三买,2026-04-10,24.22,35,112.4
日线+周线,SZ.301338,凯格精机,二买 / MACD绿柱扩大_零上,2026-05-22,202.2,三买,2025-11-28,56.05,34.1,112.4
日线+周线,SZ.000426,兴业银锡,MACD绿柱扩大_零上,2026-05-22,41.47,三买 / MACD绿柱扩大_零上,2026-04-10,43.3,32.5,112.3
日线+周线,SZ.301013,利和兴,一买 / 背驰买 / 200日新高突破,2026-06-01,46.3,背驰买 / MACD绿柱扩大_零上,2026-04-10,22.5,62.556,112.3
日线+周线,SH.603023,威帝股份,MACD绿柱扩大_零上,2026-05-29,4.49,二买 / MACD绿柱扩大_零上,2026-04-30,4.55,35,112.2
日线+周线,SZ.001301,尚太科技,MACD绿柱扩大_零上,2026-05-19,80.09,三买 / MACD绿柱扩大_零上,2026-04-03,70.06,32.5,111.7
日线+周线,SH.688016,心脉医疗,二买,2026-05-20,97.22,二买,2026-04-30,96.61,34.1,111.6
日线+周线,SZ.300554,三超新材,二买 / 三买,2026-05-22,25.52,背驰买 / MACD绿柱扩大_零上,2026-04-10,22.3,42.9,111.4
日线+周线,SH.600690,海尔智家,一买,2026-05-27,19.91,一买 / MACD绿柱缩小_零下,2026-05-29,20.88,30,110.8
日线+周线,SZ.000680,山推股份,MACD绿柱扩大_零上,2026-05-22,11.63,二买 / MACD绿柱扩大_零上,2026-05-29,10.75,34.1,110.7
日线+周线,SZ.301030,仕净科技,一买 / 拒绝回调相对强度,2026-06-01,14.25,一买 / 背驰买,2026-05-08,8.95,90,110.7
日线+周线,SH.601116,三江购物,一买,2026-05-28,11.65,MACD绿柱扩大_零上,2026-04-10,13.84,28,110.6
日线+周线,SH.688690,纳微科技,二买,2026-04-30,32.1,MACD绿柱扩大_零上,2026-04-03,25.65,42.9,110.5
日线+周线,SH.688517,金冠电气,三买 / MACD绿柱扩大_零上,2026-05-29,22.67,二买 / 三买,2025-12-19,15.11,34.1,110.4
日线+周线,SH.600027,华电国际,三买 / 拒绝回调相对强度 / 200日新高突破 / MACD绿柱扩大_零上,2026-06-01,5.92,背驰买,2026-02-06,4.81,90,110
日线+周线,SZ.301246,宏源药业,二买 / MACD绿柱扩大_零上,2026-05-28,32.49,二买 / 三买,2025-12-19,16.44,42.9,109.6
日线+周线,SH.603605,珀莱雅,一买,2026-05-20,55.02,一买,2026-05-22,55.02,28,109.4
日线+周线,SZ.000031,大悦城,一买,2026-05-28,2.49,MACD绿柱扩大_零上,2026-04-17,2.92,28,109.3
日线+周线,SH.601318,中国平安,一买 / MACD绿柱缩小_零下,2026-05-29,53.5,MACD绿柱扩大_零上,2026-04-10,58.82,35,109.2
日线+周线,SZ.001308,康冠科技,二买,2026-05-18,19.75,背驰买,2026-03-27,17.95,42.9,109.2
日线+周线,SZ.300909,汇创达,MACD绿柱扩大_零上,2026-05-26,48,三买 / MACD绿柱扩大_零上,2026-04-10,38.86,32.5,109.2
日线+周线,SZ.002752,昇兴股份,趋势买 / MACD绿柱扩大_零上,2026-05-29,6.63,二买 / MACD绿柱扩大_零上,2026-04-03,6.17,35,109.1
日线+周线,SZ.300737,科顺股份,MACD绿柱扩大_零上,2026-05-29,7.26,三买 / MACD绿柱扩大_零上,2026-04-17,6.29,32.5,109.1
日线+周线,SH.600368,五洲交通,MACD绿柱扩大_零上,2026-05-29,3.92,一买 / 背驰买,2026-03-27,3.75,28,109
日线+周线,SZ.002436,兴森科技,三买 / 趋势买 / 200日新高突破,2026-06-01,38.62,二买 / MACD绿柱扩大_零上,2026-04-10,22.91,48.731,109
日线+周线,SZ.301050,雷电微力,一买 / 背驰买 / 缺口买:普通,2026-05-26,40.95,MACD绿柱扩大_零上,2026-04-10,46.64,28,109
日线+周线,SH.688102,斯瑞新材,MACD绿柱扩大_零上,2026-05-29,34.99,二买 / 三买 / MACD绿柱扩大_零上,2026-05-29,34.99,42.9,108.8
日线+周线,SZ.002058,*ST威尔,MACD绿柱扩大_零上,2026-05-27,26.86,背驰买 / MACD绿柱扩大_零上,2026-03-27,21.6,31.5,108.8
日线+周线,SH.603557,ST起步,趋势买 / MACD绿柱扩大_零上,2026-05-28,4.68,二买 / 三买,2026-04-10,3.51,42.9,108.7
日线+周线,SH.688480,赛恩斯,MACD绿柱扩大_零上,2026-05-22,98,MACD绿柱扩大_零上,2026-05-29,98.31,29.75,108.7
日线+周线,SZ.000623,吉林敖东,MACD绿柱扩大_零上,2026-05-21,17.52,MACD绿柱缩小_零下 / MACD绿柱扩大_零上,2026-05-15,18.1,35,108.6
日线+周线,SH.600141,兴发集团,背驰买,2026-05-20,30.17,二买 / MACD绿柱扩大_零上,2026-04-24,33.02,34.1,108.5
日线+周线,SZ.002191,劲嘉股份,MACD绿柱扩大_零上,2026-05-29,3.68,二买,2026-04-30,3.46,34.1,108.5
日线+周线,SH.605287,德才股份,MACD绿柱扩大_零上,2026-05-29,42.01,二买 / MACD绿柱扩大_零上,2026-04-24,44.8,34.1,108.4
日线+周线,SH.688523,航天环宇,MACD绿柱扩大_零上,2026-05-29,56.43,二买 / 三买,2026-04-03,56.41,42.9,108.4
日线+周线,SZ.002211,ST宏达,二买,2026-05-26,3.55,二买,2026-03-27,3.31,34.1,108
日线+周线,SH.600971,恒源煤电,200日新高突破 / MACD绿柱扩大_零上,2026-06-01,8.24,一买,2025-12-26,5.95,59.021,107.9
日线+周线,SZ.300222,科大智能,200日新高突破,2026-06-01,16.27,背驰买 / MACD绿柱扩大_零上,2026-04-17,11.17,55.867,107.7
日线+周线,SH.603618,杭电股份,MACD绿柱扩大_零上,2026-05-28,38.83,二买 / 三买,2025-12-05,7.67,34.1,107.5
日线+周线,SH.688456,有研粉材,背驰买,2026-04-07,49.45,二买 / MACD绿柱扩大_零上,2026-04-10,49.45,34.1,107.5
日线+周线,SZ.002235,安妮股份,MACD绿柱扩大_零上,2026-05-29,10,二买 / MACD绿柱扩大_零上,2026-04-24,9.43,35,107.5
日线+周线,SZ.300661,圣邦股份,二买 / 三买,2026-04-29,84.06,二买,2025-11-28,62.88,42.9,107.4
日线+周线,SH.605196,华通线缆,MACD绿柱缩小_零下,2026-05-20,41.95,MACD绿柱扩大_零上,2026-05-29,39.51,30,107.3
日线+周线,SZ.002560,通达股份,三买 / MACD绿柱扩大_零上,2026-05-27,8.71,背驰买,2025-09-26,4.941,32.5,107.3
日线+周线,SH.603028,赛福天,MACD绿柱扩大_零上,2026-05-29,8.06,二买 / 三买 / MACD绿柱扩大_零上,2026-04-30,8.68,42.9,107.2
日线+周线,SZ.301512,智信精密,二买 / 三买,2026-05-20,51.52,二买 / MACD绿柱扩大_零上,2026-04-10,46.03,42.9,107.1
日线+周线,SZ.002847,盐津铺子,拒绝回调相对强度,2026-06-01,61.04,背驰买 / MACD绿柱缩小_零下,2026-05-29,59.03,79.308,106.9
日线+周线,SZ.300155,安居宝,MACD绿柱扩大_零上,2026-05-29,4.73,MACD绿柱缩小_零下 / MACD绿柱扩大_零上,2026-05-22,5.05,35,106.7
日线+周线,SH.600801,华新建材,一买 / MACD绿柱缩小_零下,2026-05-29,18.64,MACD绿柱扩大_零上,2026-05-29,18.64,30,106.6
日线+周线,SH.605198,安德利,三买 / MACD绿柱扩大_零上,2026-05-28,55.58,二买,2026-03-27,35.4,34.1,106.6
日线+周线,SH.688143,长盈通,二买,2026-04-30,62.18,二买 / 三买,2026-03-27,46.02,34.1,106.5
日线+周线,SZ.000698,ST沈化,一买,2026-05-27,3.39,MACD绿柱扩大_零上,2026-05-22,3.61,28,106.5
日线+周线,SH.688448,磁谷科技,二买 / MACD绿柱扩大_零上,2026-05-28,70.8,二买 / 三买,2026-03-27,48.8,34.1,106.1
日线+周线,SZ.000506,招金黄金,背驰买,2026-05-20,13.54,MACD绿柱扩大_零上,2026-05-29,14.19,29.75,106.1
日线+周线,SH.600025,华能水电,一买 / 拒绝回调相对强度,2026-06-01,10.1,MACD绿柱扩大_零上,2026-05-22,9.23,90,105.9
日线+周线,SZ.000796,凯撒旅业,一买 / MACD绿柱缩小_零下,2026-05-28,4.53,MACD绿柱缩小_零下 / MACD绿柱扩大_零上,2026-05-29,4.65,35,105.9
日线+周线,SZ.002218,拓日新能,一买,2026-05-28,4.44,MACD绿柱扩大_零上,2026-05-22,5.11,29.75,105.9
日线+周线,SH.600098,广州发展,二买 / 拒绝回调相对强度,2026-06-01,8.04,MACD绿柱扩大_零上,2026-05-15,7.24,90,105.4
日线+周线,SZ.000791,甘肃能源,二买 / MACD绿柱扩大_零上,2026-05-27,8.8,二买 / 形态:上升三角,2026-01-09,6.21,34.1,105.3
日线+周线,SH.603815,交建股份,三买 / MACD绿柱扩大_零上,2026-05-22,6.95,MACD绿柱缩小_零下,2026-04-24,7.14,33.25,105.2
日线+周线,SH.603868,飞科电器,趋势买 / MACD绿柱扩大_零上,2026-05-29,37.28,MACD绿柱扩大_零上,2026-03-27,32.92,29.75,105.2
日线+周线,SH.600979,广安爱众,MACD绿柱扩大_零上,2026-05-22,4.64,一买,2026-04-17,4.31,31.5,105.1
日线+周线,SZ.000813,德展健康,MACD绿柱扩大_零上,2026-05-29,3.37,MACD绿柱缩小_零下,2026-05-08,3.84,31.5,105
日线+周线,SH.600132,重庆啤酒,缺口买:普通,2026-06-01,53.51,MACD绿柱扩大_零上,2026-05-29,51.25,31.5,104.6
日线+周线,SZ.001286,陕西能源,二买 / 拒绝回调相对强度 / 200日新高突破 / MACD绿柱扩大_零上,2026-06-01,13.75,二买,2025-12-31,9.27,90,104.5
日线+周线,SZ.002154,报 喜 鸟,趋势买 / MACD绿柱扩大_零上,2026-05-29,4.1,背驰买,2026-03-27,3.33,33.25,104.5
日线+周线,SZ.001368,通达创智,MACD绿柱扩大_零上,2026-05-28,25.22,二买 / MACD绿柱扩大_零上,2026-04-10,23.33,34.1,104.4
日线+周线,SH.600054,黄山旅游,MACD绿柱缩小_零下,2026-05-21,11.12,MACD绿柱扩大_零上,2026-05-29,11.03,33.25,104.2
日线+周线,SH.603170,宝立食品,一买,2026-05-22,12.03,MACD绿柱缩小_零下 / MACD绿柱扩大_零上,2026-05-15,12.69,31.5,104.2
日线+周线,SH.603703,盛洋科技,MACD绿柱扩大_零上,2026-05-29,12.51,二买 / MACD绿柱扩大_零上,2026-04-10,13.15,34.1,104.1
日线+周线,SH.603808,歌力思,MACD绿柱扩大_零上,2026-05-19,9.72,二买,2026-03-27,8.53,34.1,104.1
日线+周线,SH.601611,中国核建,一买,2026-05-26,11.63,MACD绿柱扩大_零上,2026-05-29,12.03,29.75,104
日线+周线,SH.600673,东阳光,二买 / 三买 / MACD绿柱扩大_零上,2026-05-21,36.18,缺口买:普通,2026-05-08,39.9,42.9,103.9
日线+周线,SH.603606,东方电缆,MACD绿柱扩大_零上,2026-05-26,46,背驰买 / MACD绿柱扩大_零上,2026-04-17,49.606,29.75,103.9
日线+周线,SZ.002452,长高电新,背驰买,2026-04-07,9.76,二买 / 三买 / 形态:头肩底,2026-04-10,9.76,42.9,103.9
日线+周线,SZ.301288,*ST清研,MACD绿柱扩大_零上,2026-05-29,16.78,MACD绿柱扩大_零上,2026-04-17,18.54,29.75,103.9
日线+周线,SH.600033,福建高速,一买 / 拒绝回调相对强度,2026-06-01,3.65,MACD绿柱扩大_零上,2026-04-10,3.69,82.13,103.8
日线+周线,SZ.003041,真爱美家,MACD绿柱扩大_零上,2026-05-29,52.16,二买 / MACD绿柱扩大_零上,2026-05-29,52.16,35,103.8
日线+周线,SH.600710,苏美达,MACD绿柱缩小_零下,2026-05-26,11.88,MACD绿柱扩大_零上,2026-05-29,11.7,30,103.7
日线+周线,SZ.002091,江苏国泰,MACD绿柱缩小_零下 / MACD绿柱扩大_零上,2026-05-29,8.93,MACD绿柱扩大_零上,2026-05-29,8.93,31.5,103.7
日线+周线,SZ.301136,招标股份,一买,2026-05-27,13.25,二买 / 三买 / MACD绿柱扩大_零上,2026-04-10,15.36,34.1,103.7
日线+周线,SZ.301377,鼎泰高科,二买 / 三买,2026-05-14,223.82,二买 / 三买,2025-10-17,63.6,42.9,103.7
日线+周线,SZ.002202,金风科技,MACD绿柱扩大_零上,2026-05-21,24.73,二买 / MACD绿柱扩大_零上,2026-05-29,23.42,42.9,103.6
日线+周线,SZ.300835,龙磁科技,二买 / 三买,2026-05-19,107.48,二买,2026-03-27,69.696,42.9,103.6
日线+周线,SZ.002140,东华科技,MACD绿柱缩小_零下,2026-05-29,10.16,MACD绿柱扩大_零上,2026-05-15,10.83,30,103.1
日线+周线,SZ.300308,中际旭创,二买 / 三买,2026-04-29,815.23,三买,2026-03-13,505,42.9,103.1
日线+周线,SZ.300785,值得买,一买 / MACD绿柱扩大_零上,2026-05-28,43.3,二买 / 三买 / MACD绿柱扩大_零上,2026-05-29,45.29,34.1,103.1
日线+周线,SZ.000987,越秀资本,一买 / MACD绿柱扩大_零上,2026-05-28,7.81,MACD绿柱扩大_零上,2026-05-29,8.03,29.75,103
日线+周线,SZ.000949,新乡化纤,MACD绿柱扩大_零上,2026-05-27,7.09,二买 / 三买 / 形态:头肩底,2026-04-03,6.11,42.9,102.9
日线+周线,SH.600649,城投控股,一买,2026-05-28,3.76,MACD绿柱扩大_零上,2026-04-24,4.16,28,102.6
日线+周线,SZ.002514,宝馨科技,背驰买,2026-05-08,2.92,背驰买 / 缺口买:普通,2026-05-22,4.28,26.25,102.6
日线+周线,SH.600838,上海九百,一买 / MACD绿柱缩小_零下,2026-05-29,8.59,MACD绿柱扩大_零上,2026-05-29,8.59,30,102.5
日线+周线,SZ.300857,协创数据,MACD绿柱扩大_零上,2026-05-29,239.65,二买,2026-03-27,143.007,42.9,102.5
日线+周线,SH.605580,恒盛能源,拒绝回调相对强度,2026-06-01,27.26,二买 / 三买 / MACD绿柱缩小_零下,2026-05-22,22.1,90,102.4
日线+周线,SZ.000686,东北证券,MACD绿柱扩大_零上,2026-05-25,7.96,MACD绿柱缩小_零下 / MACD绿柱扩大_零上,2026-05-15,8.22,35,102.4
日线+周线,SH.600176,中国巨石,二买 / 三买 / MACD绿柱扩大_零上 / 缺口买:普通,2026-05-29,42.1,二买,2026-03-27,21.4,42.9,102.3
日线+周线,SH.603099,长白山,一买 / 背驰买,2026-04-27,33.02,二买 / MACD绿柱缩小_零下,2026-05-22,37,34.1,102.3
日线+周线,SH.688108,赛诺医疗,一买,2026-05-28,18.13,MACD绿柱扩大_零上,2026-04-03,21.08,35,102.3
日线+周线,SZ.000501,武商集团,一买,2026-05-22,7.45,MACD绿柱缩小_零下,2026-05-15,7.713,28,102.3
日线+周线,SH.601669,中国电建,一买,2026-05-28,5.23,MACD绿柱扩大_零上,2026-05-29,5.34,28,102.2
日线+周线,SZ.002033,丽江股份,MACD绿柱缩小_零下,2026-05-29,8.63,MACD绿柱扩大_零上,2026-05-29,8.63,30,102.1
日线+周线,SH.688661,和林微纳,MACD绿柱扩大_零上,2026-05-28,123.56,二买 / 三买,2026-04-03,72.29,42.9,101.8
日线+周线,SZ.000811,冰轮环境,MACD绿柱扩大_零上,2026-05-29,32.93,二买 / 三买,2026-03-27,16.24,42.9,101.7
日线+周线,SH.603988,中电电机,一买,2026-05-28,20.995,MACD绿柱扩大_零上,2026-05-15,24.84,29.75,101.6
日线+周线,SH.688068,热景生物,一买 / MACD绿柱缩小_零下,2026-05-29,88.64,MACD绿柱缩小_零下,2026-05-08,111.91,30,101.6
日线+周线,SZ.000657,中钨高新,二买 / MACD绿柱扩大_零上,2026-05-21,56.71,二买,2026-04-03,45.55,42.9,101.6
日线+周线,SZ.001206,依依股份,一买,2026-05-28,16.53,MACD绿柱缩小_零下,2026-05-29,16.82,28,101.6
日线+周线,SZ.002787,华源控股,MACD绿柱扩大_零上,2026-05-29,24.85,二买 / 三买 / MACD绿柱扩大_零上,2026-04-03,11.56,42.9,101.3
日线+周线,SZ.300321,同大股份,MACD绿柱扩大_零上,2026-05-27,41.36,MACD绿柱扩大_零上,2026-04-10,34.422,31.5,101.1
日线+周线,SH.601229,上海银行,一买,2026-05-29,8.87,MACD绿柱扩大_零上,2026-05-15,9.49,28,100.8
日线+周线,SH.600783,鲁信创投,二买,2026-05-18,20.52,二买 / 三买 / MACD绿柱扩大_零上,2026-04-17,21.33,34.1,100.6
日线+周线,SZ.300360,炬华科技,一买 / 背驰买,2026-05-18,14.15,MACD绿柱扩大_零上,2026-05-08,14.89,35,100.6
日线+周线,SZ.002824,和胜股份,MACD绿柱扩大_零上,2026-05-28,24.06,MACD绿柱扩大_零上,2026-04-03,20.3,33.25,100.5
日线+周线,SH.603257,中国瑞林,MACD绿柱扩大_零上,2026-05-29,61.52,背驰买 / MACD绿柱扩大_零上,2026-04-10,57.44,33.25,100.4
日线+周线,SH.900939,,MACD绿柱扩大_零上,2026-04-29,0.563,二买 / MACD绿柱缩小_零下 / MACD绿柱扩大_零上,2026-04-17,0.59,35,100.4
日线+周线,SZ.301291,明阳电气,MACD绿柱扩大_零上,2026-05-18,51.06,二买 / 三买,2026-04-10,47.9,34.1,100.2
日线+周线,SH.603330,天洋新材,MACD绿柱扩大_零上,2026-05-20,6.86,MACD绿柱缩小_零下 / MACD绿柱扩大_零上,2026-05-15,6.96,31.5,100.1
日线+周线,SZ.300959,线上线下,缺口买:普通,2026-05-26,218.99,二买 / 三买,2026-04-03,71.11,34.1,100.1
日线+周线,SH.601700,风范股份,MACD绿柱扩大_零上,2026-05-29,5.35,二买 / MACD绿柱扩大_零上,2026-04-30,5.43,34.1,100
日线+周线,SH.600863,华能蒙电,200日新高突破,2026-06-01,7.92,二买 / MACD绿柱扩大_零上,2026-05-08,4.85,88.83,99.9
日线+周线,SH.601968,宝钢包装,背驰买,2026-05-22,4.56,MACD绿柱扩大_零上,2026-04-24,5.25,31.5,99.7
日线+周线,SH.603713,密尔克卫,背驰买 / 拒绝回调相对强度,2026-06-01,57.66,MACD绿柱扩大_零上,2026-05-22,50.68,71.496,99.7
日线+周线,SH.688234,天岳先进,二买,2026-05-19,137.62,二买 / 三买 / MACD绿柱扩大_零上,2026-04-03,90.44,42.9,99.6
日线+周线,SZ.002131,利欧股份,一买,2026-05-28,5.85,MACD绿柱扩大_零上,2026-05-29,5.98,29.75,99.6
日线+周线,SH.605020,永和股份,200日新高突破,2026-06-01,35.11,背驰买 / MACD绿柱扩大_零上,2026-04-17,25.13,55.71,99.4
日线+周线,SH.688273,麦澜德,MACD绿柱扩大_零上,2026-05-22,42.711,二买 / MACD绿柱扩大_零上,2026-05-29,41.22,35,99.4
日线+周线,SZ.000014,沙河股份,一买,2026-05-28,10.49,MACD绿柱缩小_零下,2026-04-10,13.52,30,99.3
日线+周线,SZ.002849,威星智能,MACD绿柱扩大_零上,2026-05-29,16.41,二买 / MACD绿柱扩大_零上,2026-05-15,17.87,34.1,99.3
日线+周线,SH.603187,海容冷链,MACD绿柱缩小_零下,2026-05-29,12.99,MACD绿柱扩大_零上,2026-05-29,12.99,30,99.2
日线+周线,SZ.002400,省广集团,一买 / MACD绿柱扩大_零上,2026-05-28,7.86,MACD绿柱扩大_零上 / 缺口买:普通,2026-05-29,8.12,28,99.2
日线+周线,SZ.301316,慧博云通,MACD绿柱扩大_零上,2026-05-29,44.61,MACD绿柱扩大_零上,2026-04-03,40.15,26.25,99.1
日线+周线,SH.688658,悦康药业,MACD绿柱扩大_零上,2026-05-25,19,MACD绿柱缩小_零下,2026-05-15,19.87,31.5,99
日线+周线,SZ.300027,华谊兄弟,MACD绿柱扩大_零上,2026-05-28,1.81,一买,2026-04-10,1.43,35,99
日线+周线,SZ.300821,东岳硅材,MACD绿柱扩大_零上,2026-05-25,14.98,背驰买,2026-03-27,10.89,33.25,99
日线+周线,SH.688247,宣泰医药,一买,2026-05-27,8.36,MACD绿柱缩小_零下,2026-05-15,9.19,30,98.9
日线+周线,SZ.002320,海峡股份,一买,2026-05-28,7.41,MACD绿柱缩小_零下 / MACD绿柱扩大_零上,2026-05-29,7.62,28,98.9
日线+周线,SZ.003036,泰坦股份,二买 / 三买 / 拒绝回调相对强度,2026-06-01,71.8,二买,2025-12-19,14.814,90,98.9
日线+周线,SH.600507,方大特钢,MACD绿柱缩小_零下,2026-05-29,4.83,MACD绿柱扩大_零上,2026-05-29,4.83,30,98.8
日线+周线,SH.600655,豫园股份,MACD绿柱缩小_零下 / MACD绿柱扩大_零上,2026-05-29,4.74,一买,2026-03-27,4.49,33.25,98.8
日线+周线,SH.603578,三星新材,二买 / 形态:头肩底,2026-03-23,11.96,MACD绿柱扩大_零上,2026-04-24,13.36,34.1,98.7
日线+周线,SZ.002969,嘉美包装,MACD绿柱缩小_零下,2026-05-28,19.17,MACD绿柱扩大_零上,2026-05-22,19.17,30,98.6
日线+周线,SZ.300513,恒实科技,MACD绿柱扩大_零上,2026-05-28,8.42,MACD绿柱缩小_零下 / MACD绿柱扩大_零上,2026-05-22,9.02,30,98.6
日线+周线,SH.601016,节能风电,二买 / MACD绿柱扩大_零上,2026-05-26,4.63,二买,2026-01-09,2.95,34.1,98.5
日线+周线,SZ.301629,矽电股份,趋势买 / MACD绿柱扩大_零上,2026-05-29,367,二买 / 三买 / MACD绿柱扩大_零上,2026-04-17,289.026,34.1,98.5
日线+周线,SH.600157,永泰能源,二买 / 拒绝回调相对强度,2026-06-01,1.87,二买,2026-04-24,1.66,84.693,98.3
日线+周线,SH.688488,艾迪药业,MACD绿柱缩小_零下,2026-05-29,15.52,MACD绿柱扩大_零上,2026-05-29,15.52,30,98.2
日线+周线,SZ.300977,深圳瑞捷,MACD绿柱扩大_零上,2026-05-29,20.49,二买 / MACD绿柱扩大_零上,2026-04-10,19.72,34.1,98.1
日线+周线,SZ.000830,鲁西化工,MACD绿柱缩小_零下,2026-05-29,12.99,MACD绿柱扩大_零上,2026-05-29,12.99,30,98
日线+周线,SH.603061,金海通,MACD绿柱扩大_零上,2026-05-29,295,二买 / 三买,2026-03-27,153.531,42.9,97.8
日线+周线,SH.688485,九州一轨,MACD绿柱扩大_零上,2026-05-29,53.31,二买 / 三买,2026-03-27,22.3,42.9,97.8
日线+周线,SZ.300586,美联新材,MACD绿柱扩大_零上,2026-05-29,11.43,背驰买,2026-03-27,8.55,28,97.6
日线+周线,SZ.301408,华人健康,MACD绿柱扩大_零上,2026-05-22,17.77,MACD绿柱扩大_零上,2026-05-29,17.72,35,97.6
日线+周线,SZ.002918,蒙娜丽莎,MACD绿柱扩大_零上,2026-05-29,13.46,MACD绿柱扩大_零上,2026-04-10,11.97,31.5,97.4
日线+周线,SZ.002989,中天精装,MACD绿柱扩大_零上,2026-05-29,28.88,背驰买 / 缺口买:普通,2026-05-08,31.68,26.25,97.4
日线+周线,SH.600759,洲际油气,MACD绿柱缩小_零下 / 缺口买:普通,2026-06-01,2.9,MACD绿柱扩大_零上 / 缺口买:普通,2026-06-01,2.9,30,97.3
日线+周线,SH.600198,大唐电信,MACD绿柱扩大_零上,2026-05-29,8,MACD绿柱缩小_零下 / MACD绿柱扩大_零上,2026-05-22,8.78,31.5,97.1
日线+周线,SH.600358,国旅联合,MACD绿柱扩大_零上,2026-05-29,5.98,三买 / MACD绿柱扩大_零上,2026-05-08,6.3,32.5,97.1
日线+周线,SZ.301225,恒勃股份,一买,2026-05-29,90.18,二买 / MACD绿柱扩大_零上,2026-04-03,106.68,34.1,97.1
日线+周线,SZ.002193,如意集团,MACD绿柱缩小_零下,2026-05-29,4.75,MACD绿柱扩大_零上,2026-05-29,4.75,30,96.9
日线+周线,SZ.002356,赫美集团,一买 / 缺口买:普通,2026-06-01,3.28,MACD绿柱扩大_零上,2026-04-30,3.3,33.25,96.9
日线+周线,SZ.001226,拓山重工,MACD绿柱扩大_零上,2026-05-29,48.87,二买 / MACD绿柱扩大_零上,2026-04-10,44.14,34.1,96.8
日线+周线,SZ.002896,中大力德,缺口买:普通,2026-05-26,89.68,二买 / MACD绿柱缩小_零下 / MACD绿柱扩大_零上,2026-05-15,80.6,34.1,96.5
日线+周线,SH.603899,晨光股份,MACD绿柱缩小_零下,2026-05-29,23.05,MACD绿柱缩小_零下,2026-05-08,24.81,30,96.4
日线+周线,SZ.002205,国统股份,MACD绿柱扩大_零上,2026-05-29,12.99,二买 / 三买 / MACD绿柱缩小_零下 / MACD绿柱扩大_零上,2026-05-29,12.99,42.9,96.4
日线+周线,SZ.301231,荣信文化,一买 / 背驰买,2026-05-22,27.85,MACD绿柱扩大_零上,2026-04-10,31.85,28,96.4
日线+周线,SH.600243,*ST海华,MACD绿柱扩大_零上,2026-05-29,3.72,MACD绿柱缩小_零下,2026-04-30,4.16,35,96.3
日线+周线,SH.688079,美迪凯,二买 / 三买,2026-04-30,14.53,三买,2025-11-21,10.22,42.9,96.3
日线+周线,SZ.301092,争光股份,200日新高突破,2026-06-01,50.4,二买 / 三买 / MACD绿柱扩大_零上,2026-04-10,33.92,50.479,96.2
日线+周线,SH.600313,农发种业,一买,2026-05-28,5.92,MACD绿柱扩大_零上,2026-05-29,6.06,29.75,96
日线+周线,SH.603112,华翔股份,MACD绿柱扩大_零上,2026-05-29,20.24,二买 / MACD绿柱扩大_零上,2026-04-03,16.364,35,95.9
日线+周线,SZ.000090,天健集团,一买 / 拒绝回调相对强度,2026-06-01,3.87,MACD绿柱扩大_零上,2026-04-17,3.66,90,95.7
日线+周线,SZ.000797,中国武夷,一买,2026-05-28,2.47,MACD绿柱缩小_零下 / MACD绿柱扩大_零上,2026-05-22,2.6,31.5,95.7
日线+周线,SZ.002539,云图控股,MACD绿柱缩小_零下 / MACD绿柱扩大_零上,2026-05-29,12.62,MACD绿柱扩大_零上,2026-05-29,12.62,30,95.7
日线+周线,SH.600000,浦发银行,背驰买,2026-05-22,8.75,MACD绿柱缩小_零下,2026-04-17,9.86,30,95.4
日线+周线,SH.600496,精工钢构,MACD绿柱扩大_零上,2026-05-29,4.04,MACD绿柱扩大_零上,2026-04-30,4.15,35,95.3
日线+周线,SZ.301019,宁波色母,MACD绿柱扩大_零上,2026-05-29,21.25,二买 / 三买 / MACD绿柱扩大_零上,2026-04-10,20.88,35,95.2
日线+周线,SH.688303,大全能源,一买,2026-05-28,18.81,MACD绿柱缩小_零下,2026-05-15,21.19,30,95.1
日线+周线,SZ.301058,中粮科工,一买,2026-05-28,8.62,MACD绿柱缩小_零下,2026-05-15,9.75,30,95
日线+周线,SZ.002981,朝阳科技,二买,2026-05-20,24.29,MACD绿柱缩小_零下,2026-05-22,26.21,34.1,94.9
日线+周线,SH.688175,高凌信息,MACD绿柱扩大_零上,2026-05-18,34.44,MACD绿柱扩大_零上,2026-05-29,35.76,28,94.6
日线+周线,SZ.300190,维尔利,二买,2026-05-12,4.05,三买 / MACD绿柱扩大_零上,2026-04-30,4.2,34.1,94.6
日线+周线,SZ.301353,普莱得,MACD绿柱扩大_零上,2026-05-28,26.57,MACD绿柱扩大_零上,2026-04-10,28.02,29.75,94.5
日线+周线,SH.600596,新安股份,MACD绿柱扩大_零上,2026-05-19,11.95,二买 / MACD绿柱扩大_零上,2026-05-15,11.92,34.1,94.3
日线+周线,SH.605077,华康股份,MACD绿柱扩大_零上,2026-05-29,17.59,背驰买,2026-03-27,13.9,35,94.3
日线+周线,SH.600882,妙可蓝多,一买 / 背驰买,2026-05-27,17.32,一买 / MACD绿柱缩小_零下,2026-05-29,17.32,30,94.2
日线+周线,SZ.000869,张  裕Ａ,一买,2026-05-29,17.52,MACD绿柱缩小_零下,2026-05-15,19.1,30,94.2
日线+周线,SZ.002697,红旗连锁,一买,2026-05-27,4.623,MACD绿柱扩大_零上,2026-04-10,5.233,35,94.1
日线+周线,SZ.300245,天玑科技,MACD绿柱缩小_零下,2026-05-22,6.82,一买,2026-05-29,5.97,30,94.1
日线+周线,SZ.301069,凯盛新材,MACD绿柱扩大_零上,2026-05-29,19.38,二买 / 三买 / MACD绿柱缩小_零下 / MACD绿柱扩大_零上,2026-05-22,23.81,34.1,94
日线+周线,SH.601857,中国石油,一买 / 背驰买,2026-05-27,10.61,MACD绿柱扩大_零上,2026-05-29,10.87,28,93.9
日线+周线,SH.603506,南都物业,MACD绿柱扩大_零上,2026-05-27,11.7,MACD绿柱缩小_零下 / MACD绿柱扩大_零上,2026-05-15,13.06,31.5,93.7
日线+周线,SZ.300781,因赛集团,一买,2026-05-28,31.16,MACD绿柱缩小_零下 / MACD绿柱扩大_零上,2026-05-15,35.23,30,93.6
日线+周线,SH.688328,深科达,二买 / 三买,2026-05-15,63.12,三买,2025-11-21,24.02,42.9,93.5
日线+周线,SZ.002916,深南电路,MACD绿柱扩大_零上,2026-05-21,341.48,二买,2026-04-03,208.6,34.1,93.5
日线+周线,SZ.002762,*ST金比,二买 / 三买 / MACD绿柱扩大_零上,2026-05-21,8.81,背驰买 / MACD绿柱缩小_零下,2026-04-10,7.32,42.9,93.4
日线+周线,SH.688410,山外山,MACD绿柱扩大_零上,2026-05-21,16.43,MACD绿柱扩大_零上,2026-04-24,15.7,35,93.2
日线+周线,SZ.301349,信德新材,三买,2026-04-29,41.002,二买 / 三买,2025-12-19,31.697,40,93.2
日线+周线,SH.600986,浙文互联,一买 / MACD绿柱扩大_零上,2026-05-28,8.48,MACD绿柱扩大_零上,2026-05-29,8.84,28,93.1
日线+周线,SH.603338,浙江鼎力,MACD绿柱扩大_零上,2026-05-29,51.13,MACD绿柱扩大_零上,2026-04-10,49.42,31.5,93
日线+周线,SZ.002404,嘉欣丝绸,MACD绿柱扩大_零上,2026-05-26,6.23,MACD绿柱扩大_零上,2026-04-10,6.66,31.5,93
日线+周线,SZ.301456,盘古智能,MACD绿柱扩大_零上,2026-05-29,28.65,背驰买 / MACD绿柱扩大_零上,2026-04-10,28.76,29.75,93
日线+周线,SZ.002275,桂林三金,MACD绿柱扩大_零上,2026-05-20,13.76,MACD绿柱缩小_零下,2026-04-30,14.31,30,92.9
日线+周线,SZ.300521,爱司凯,背驰买 / MACD绿柱扩大_零上,2026-05-26,24.3,MACD绿柱扩大_零上,2026-04-10,26.98,28,92.9
日线+周线,SZ.002542,*ST中岩,一买,2026-05-27,1.48,一买,2026-05-29,1.48,28,92.8
日线+周线,SH.600740,山西焦化,背驰买,2026-05-22,3.67,MACD绿柱扩大_零上,2026-05-29,3.85,29.75,92.7
日线+周线,SH.600887,伊利股份,MACD绿柱扩大_零上,2026-05-26,26.58,MACD绿柱缩小_零下,2026-04-10,26.14,30,92.6
日线+周线,SZ.300539,横河精密,MACD绿柱扩大_零上,2026-05-28,25.99,二买 / 三买 / MACD绿柱缩小_零下 / MACD绿柱扩大_零上,2026-05-22,30.63,34.1,92.5
日线+周线,SH.688006,杭可科技,三买 / 拒绝回调相对强度,2026-06-01,36.66,背驰买 / MACD绿柱扩大_零上,2026-04-03,26.724,87.97,92.4
日线+周线,SH.688365,光云科技,MACD绿柱扩大_零上,2026-05-29,18.1,MACD绿柱扩大_零上,2026-05-29,18.1,29.75,92.4
日线+周线,SH.605177,东亚药业,200日新高突破,2026-06-01,22.76,二买 / MACD绿柱扩大_零上,2026-04-24,20.6,63.799,92.3
日线+周线,SZ.002997,瑞鹄模具,MACD绿柱扩大_零上,2026-05-29,31.85,一买,2026-04-30,28.66,29.75,92.3
日线+周线,SZ.002258,利尔化学,MACD绿柱缩小_零下,2026-05-18,12.21,MACD绿柱扩大_零上,2026-05-29,12.43,35,92.2
日线+周线,SH.600551,时代出版,一买,2026-05-27,7.14,背驰买 / MACD绿柱缩小_零下,2026-05-15,8.28,30,92.1
日线+周线,SZ.300887,谱尼测试,一买,2026-05-28,8.35,MACD绿柱扩大_零上,2026-05-29,8.57,28,92.1
日线+周线,SH.600050,中国联通,MACD绿柱扩大_零上,2026-05-27,4.38,背驰买 / MACD绿柱缩小_零下,2026-05-22,4.46,30,92
日线+周线,SH.600535,天士力,MACD绿柱扩大_零上,2026-05-26,14.04,MACD绿柱缩小_零下,2026-04-24,14.52,35,92
日线+周线,SZ.300457,赢合科技,MACD绿柱扩大_零上,2026-05-29,27.12,背驰买 / MACD绿柱扩大_零上,2026-03-27,25.28,35,92
日线+周线,SZ.301116,益客食品,一买 / MACD绿柱扩大_零上,2026-05-27,9.24,一买,2026-05-29,9.24,33.25,92
日线+周线,SH.601298,青岛港,拒绝回调相对强度 / MACD绿柱扩大_零上,2026-06-01,9.39,MACD绿柱扩大_零上,2026-05-15,8.89,90,91.8
日线+周线,SH.603500,祥和实业,一买,2026-05-18,9.88,MACD绿柱扩大_零上,2026-04-10,11.54,31.5,91.8
日线+周线,SZ.002946,新乳业,MACD绿柱扩大_零上,2026-05-19,17.59,MACD绿柱扩大_零上,2026-05-22,16.71,31.5,91.8
日线+周线,SH.603998,方盛制药,一买,2026-05-28,9.63,MACD绿柱扩大_零上,2026-04-24,10.4,33.25,91.7
日线+周线,SZ.301395,仁信新材,一买,2026-05-29,11.34,MACD绿柱扩大_零上,2026-05-29,11.43,28,91.7
日线+周线,SZ.002589,瑞康医药,MACD绿柱缩小_零下,2026-05-29,2.87,MACD绿柱扩大_零上,2026-05-29,2.87,30,91.6
日线+周线,SZ.301087,可孚医疗,MACD绿柱缩小_零下,2026-05-29,47.09,MACD绿柱扩大_零上,2026-05-29,47.09,30,91.6
日线+周线,SZ.000881,中广核技,MACD绿柱扩大_零上,2026-05-27,7.52,MACD绿柱缩小_零下 / MACD绿柱扩大_零上,2026-05-29,7.37,31.5,91.5
日线+周线,SZ.002746,仙坛股份,MACD绿柱扩大_零上,2026-05-28,5.8,MACD绿柱扩大_零上,2026-04-17,5.9,35,91.5
日线+周线,SZ.300464,星徽股份,二买 / 形态:头肩底,2026-04-16,7.23,二买 / 三买,2025-12-31,6.1,42.9,91.5
日线+周线,SH.600111,北方稀土,MACD绿柱扩大_零上,2026-05-29,48.62,MACD绿柱扩大_零上,2026-04-24,47.24,35,91.4
日线+周线,SZ.000630,铜陵有色,MACD绿柱扩大_零上,2026-05-21,5.78,二买 / MACD绿柱扩大_零上,2026-04-17,6.43,34.1,91.3
日线+周线,SZ.000061,农 产 品,一买 / MACD绿柱缩小_零下,2026-05-29,6.46,MACD绿柱扩大_零上,2026-04-17,7.43,30,91.1
日线+周线,SZ.301591,肯特股份,200日新高突破,2026-06-01,49.2,MACD绿柱扩大_零上,2026-05-08,32.946,91.097,91.097
日线+周线,SH.603132,金徽股份,MACD绿柱扩大_零上,2026-05-28,17.24,二买,2026-03-27,14.12,35,91
日线+周线,SH.601212,白银有色,一买 / MACD绿柱缩小_零下,2026-05-29,6.27,MACD绿柱扩大_零上,2026-05-15,6.97,30,90.9
日线+周线,SH.601827,三峰环境,背驰买 / 拒绝回调相对强度,2026-06-01,8.58,MACD绿柱扩大_零上,2026-04-30,8.24,89.291,90.9
日线+周线,SH.688392,骄成超声,MACD绿柱扩大_零上,2026-05-29,155.92,二买 / MACD绿柱扩大_零上,2026-04-03,108.99,34.1,90.9
日线+周线,SZ.000701,厦门信达,MACD绿柱扩大_零上,2026-05-22,5.9,MACD绿柱缩小_零下 / MACD绿柱扩大_零上,2026-05-22,5.9,30,90.7
日线+周线,SH.600029,南方航空,背驰买,2026-05-18,5.19,MACD绿柱缩小_零下 / MACD绿柱扩大_零上,2026-05-29,5.49,33.25,90.6
日线+周线,SH.603227,雪峰科技,背驰买,2026-05-25,8.35,MACD绿柱扩大_零上,2026-05-29,8.74,28,90.6
日线+周线,SH.605123,派克新材,MACD绿柱扩大_零上,2026-05-29,99.99,二买 / MACD绿柱扩大_零上 / 缺口买:普通,2026-05-08,116.51,34.1,90.4
日线+周线,SH.603303,得邦照明,二买 / 200日新高突破,2026-06-01,26.16,二买,2026-03-27,13.03,60.517,90.3
日线+周线,SZ.002391,长青股份,一买 / MACD绿柱扩大_零上,2026-05-28,5.52,MACD绿柱扩大_零上,2026-04-17,6.09,31.5,90.3
日线+周线,SZ.300131,英唐智控,MACD绿柱扩大_零上,2026-05-29,17.38,二买 / 三买 / MACD绿柱扩大_零上,2026-04-03,11.36,42.9,90.2
日线+周线,SH.603131,上海沪工,MACD绿柱扩大_零上,2026-05-28,20.04,MACD绿柱缩小_零下 / MACD绿柱扩大_零上 / 缺口买:普通,2026-05-22,21.64,31.5,90.1
日线+周线,SH.600011,华能国际,拒绝回调相对强度 / 200日新高突破,2026-06-01,9.76,背驰买,2026-04-10,6.66,90,90
日线+周线,SH.600121,郑州煤电,拒绝回调相对强度,2026-06-01,4.7,MACD绿柱扩大_零上,2026-04-30,4.25,90,90
日线+周线,SH.600302,标准股份,拒绝回调相对强度,2026-06-01,11.3,MACD绿柱扩大_零上,2026-05-22,9.79,90,90
日线+周线,SH.600367,红星发展,拒绝回调相对强度 / 200日新高突破,2026-06-01,35.31,二买 / 三买,2026-04-10,19.44,90,90
日线+周线,SH.600377,宁沪高速,拒绝回调相对强度,2026-06-01,12.93,一买,2026-04-17,11.47,90,90
日线+周线,SH.600483,福能股份,三买 / 拒绝回调相对强度 / 200日新高突破,2026-06-01,11.56,二买,2026-04-30,9.51,90,90
日线+周线,SH.600730,中国高科,一买 / 拒绝回调相对强度,2026-06-01,15.28,二买 / MACD绿柱扩大_零上 / 缺口买:普通,2026-05-15,12.45,90,90
日线+周线,SH.600992,贵绳股份,拒绝回调相对强度,2026-06-01,13.18,一买 / MACD绿柱缩小_零下,2026-05-22,12.26,90,90
日线+周线,SH.603586,金麒麟,拒绝回调相对强度,2026-06-01,17.38,MACD绿柱扩大_零上,2026-03-27,17.56,90,90
日线+周线,SZ.000027,深圳能源,拒绝回调相对强度,2026-06-01,8.02,MACD绿柱扩大_零上,2026-04-30,6.84,90,90
日线+周线,SZ.000151,中成股份,拒绝回调相对强度,2026-06-01,13.74,背驰买,2026-04-24,10.5,90,90
日线+周线,SZ.000429,粤高速Ａ,背驰买 / 拒绝回调相对强度 / 200日新高突破,2026-06-01,14.16,二买,2026-01-16,11.21,90,90
日线+周线,SZ.000598,兴蓉环境,拒绝回调相对强度,2026-06-01,7.14,MACD绿柱扩大_零上,2026-04-10,6.7,90,90
日线+周线,SZ.000615,*ST美谷,拒绝回调相对强度,2026-06-01,3.82,二买,2026-02-06,3.05,90,90
日线+周线,SZ.000929,*ST兰黄,MACD绿柱扩大_零上,2026-05-29,10.38,二买 / MACD绿柱扩大_零上,2026-04-17,10.19,34.1,90
日线+周线,SZ.002076,*ST星光,拒绝回调相对强度,2026-06-01,2.73,MACD绿柱扩大_零上,2026-04-10,2.14,90,90
日线+周线,SZ.002700,万憬能源,拒绝回调相对强度,2026-06-01,7.67,一买,2026-04-03,6.34,90,90
日线+周线,SZ.300478,杭州高新,拒绝回调相对强度,2026-06-01,44.81,二买 / 三买 / MACD绿柱扩大_零上,2026-04-03,23.01,90,90
日线+周线,SZ.300596,利安隆,拒绝回调相对强度,2026-06-01,47.59,MACD绿柱扩大_零上,2026-04-30,43.41,90,90
日线+周线,SZ.300863,卡倍亿,拒绝回调相对强度 / 200日新高突破,2026-06-01,63.88,二买 / 三买 / MACD绿柱扩大_零上,2026-04-10,39.567,90,90
日线+周线,SZ.399001,,拒绝回调相对强度 / 200日新高突破,2026-04-23,15043.45,二买 / 三买 / MACD绿柱扩大_零上 / 形态:头肩底,2026-04-10,14309.47,90,90
日线+周线,SH.601518,吉林高速,拒绝回调相对强度,2026-06-01,3.13,MACD绿柱扩大_零上,2026-04-30,2.93,89.961,89.961
日线+周线,SZ.001376,百通能源,一买,2026-05-22,13.07,MACD绿柱扩大_零上,2026-05-08,15.88,29.75,89.9
日线+周线,SZ.000692,惠天热电,趋势买 / 拒绝回调相对强度 / MACD绿柱扩大_零上,2026-06-01,5.48,二买,2025-09-30,3.36,89.804,89.804
日线+周线,SZ.003816,中国广核,二买 / MACD绿柱扩大_零上,2026-05-25,4.37,背驰买,2025-04-11,3.235,34.1,89.8
日线+周线,SZ.002898,*ST赛隆,MACD绿柱扩大_零上 / 缺口买:衰竭,2026-04-30,8.3,MACD绿柱扩大_零上 / 缺口买:衰竭,2026-04-30,8.3,31.5,89.7
日线+周线,SZ.300204,舒泰神,一买,2026-05-28,22.92,一买 / 背驰买 / MACD绿柱缩小_零下,2026-03-27,27.76,30,89.7
日线+周线,SZ.000400,许继电气,拒绝回调相对强度,2026-06-01,27.22,二买 / MACD绿柱扩大_零上,2026-05-08,26.41,89.622,89.622
日线+周线,SZ.301177,迪阿股份,MACD绿柱扩大_零上,2026-05-27,26.34,MACD绿柱缩小_零下 / MACD绿柱扩大_零上,2026-05-22,28.6,30,89.6
日线+周线,SZ.301228,实朴检测,拒绝回调相对强度,2026-06-01,70.45,二买 / 三买 / MACD绿柱扩大_零上,2026-04-10,44.16,89.56,89.56
日线+周线,SZ.000430,ST张家界,MACD绿柱扩大_零上,2026-05-25,7.16,MACD绿柱扩大_零上,2026-04-03,7.28,31.5,89.4
日线+周线,SZ.300405,科隆股份,MACD绿柱扩大_零上,2026-05-29,6.42,背驰买 / MACD绿柱扩大_零上,2026-04-24,6,31.5,89.4
日线+周线,SZ.002444,巨星科技,MACD绿柱扩大_零上,2026-05-25,33.37,二买 / MACD绿柱扩大_零上,2026-04-10,30.82,34.1,89
日线+周线,SZ.002112,三变科技,一买,2026-05-29,18.18,MACD绿柱扩大_零上,2026-05-29,18.3,29.75,88.9
日线+周线,SZ.300801,泰和科技,MACD绿柱扩大_零上,2026-05-29,26.97,背驰买 / MACD绿柱扩大_零上,2026-04-10,26.471,33.25,88.9
日线+周线,SH.603600,永艺股份,MACD绿柱扩大_零上,2026-05-29,10.66,MACD绿柱扩大_零上,2026-04-03,10.07,35,88.8
日线+周线,SZ.300130,新国都,背驰买,2026-04-29,21.51,背驰买,2026-04-30,21.51,26.25,88.8
日线+周线,SH.600018,上港集团,拒绝回调相对强度,2026-06-01,5.14,MACD绿柱缩小_零下,2026-04-17,4.93,88.724,88.724
日线+周线,SH.600897,厦门空港,一买 / 缺口买:普通,2026-06-01,15.11,MACD绿柱扩大_零上,2026-05-22,14.64,28,88.7
日线+周线,SZ.002281,光迅科技,趋势买 / MACD绿柱扩大_零上,2026-05-29,203.95,二买 / 趋势买,2026-02-06,65.27,42.9,88.7
日线+周线,SZ.000767,晋控电力,三买 / 200日新高突破,2026-06-01,6.14,二买,2025-09-30,2.8,77.699,88.6
日线+周线,SH.600581,*ST八钢,一买 / MACD绿柱缩小_零下,2026-05-28,2.46,MACD绿柱缩小_零下,2026-04-24,2.85,30,88.5
日线+周线,SH.688367,工大高科,MACD绿柱扩大_零上,2026-05-25,35.96,MACD绿柱扩大_零上,2026-05-29,34.21,35,88.5
日线+周线,SH.600622,光大嘉宝,一买,2026-05-28,2.37,一买 / MACD绿柱缩小_零下,2026-05-29,2.37,30,88.3
日线+周线,SH.603869,ST智知,MACD绿柱扩大_零上,2026-05-29,10.32,三买 / MACD绿柱扩大_零上,2026-04-03,9.52,40,88.3
日线+周线,SH.600797,浙大网新,一买,2026-05-29,7.02,MACD绿柱缩小_零下 / MACD绿柱扩大_零上,2026-05-22,8.7,30,88.2
日线+周线,SH.603893,瑞芯微,MACD绿柱扩大_零上,2026-05-18,181.2,背驰买 / MACD绿柱扩大_零上,2026-03-27,151.83,29.75,88.2
日线+周线,SH.600738,丽尚国潮,一买,2026-05-27,4.24,MACD绿柱扩大_零上,2026-03-27,4.81,28,88.1
日线+周线,SZ.000829,天音控股,MACD绿柱扩大_零上,2026-05-20,9.81,MACD绿柱扩大_零上,2026-04-10,10.57,31.5,88.1
日线+周线,SZ.301002,崧盛股份,MACD绿柱扩大_零上,2026-05-29,49.52,二买 / MACD绿柱扩大_零上,2026-04-10,37.79,34.1,88.1
日线+周线,SZ.300617,安靠智电,二买 / MACD绿柱扩大_零上,2026-05-22,58.68,二买 / 三买,2026-04-03,50.02,42.9,88
日线+周线,SZ.301056,森赫股份,一买,2026-05-28,13.03,MACD绿柱扩大_零上,2026-05-29,13.51,29.75,88
日线+周线,SZ.000993,闽东电力,二买 / 拒绝回调相对强度,2026-06-01,14.43,MACD绿柱扩大_零上,2026-05-08,12.9,87.976,87.976
日线+周线,SZ.002512,ST达华,MACD绿柱扩大_零上,2026-05-29,4.5,MACD绿柱缩小_零下 / MACD绿柱扩大_零上,2026-05-29,4.5,31.5,87.7
日线+周线,SH.600763,通策医疗,MACD绿柱缩小_零下,2026-05-29,37.41,MACD绿柱扩大_零上,2026-04-24,43.23,30,87.6
日线+周线,SZ.002603,以岭药业,MACD绿柱扩大_零上 / 形态:头肩底,2026-05-20,16.23,MACD绿柱扩大_零上,2026-04-03,16.89,35,87.6
日线+周线,SH.601658,邮储银行,一买 / 形态:头肩底,2026-05-22,4.87,MACD绿柱缩小_零下,2026-04-17,5.07,30,87.4
日线+周线,SH.600170,上海建工,一买,2026-05-28,2.47,MACD绿柱扩大_零上,2026-05-22,2.55,28,87.3
日线+周线,SH.603598,引力传媒,MACD绿柱扩大_零上,2026-05-29,22.03,MACD绿柱扩大_零上,2026-04-10,20.69,33.25,87.3
日线+周线,SZ.300847,中船汉光,一买,2026-05-29,14.28,背驰买 / MACD绿柱缩小_零下,2026-05-22,15.314,30,87.3
日线+周线,SH.600305,恒顺醋业,一买,2026-05-22,7.17,背驰买 / MACD绿柱扩大_零上,2026-03-27,7.57,31.5,87.2
日线+周线,SZ.300147,ST香雪,MACD绿柱扩大_零上,2026-05-29,9.92,二买,2026-03-27,8.71,34.1,87
日线+周线,SH.601677,明泰铝业,MACD绿柱扩大_零上,2026-05-19,17.6,二买,2026-03-27,13.97,34.1,86.9
日线+周线,SH.688117,圣诺生物,MACD绿柱扩大_零上,2026-05-19,35.71,MACD绿柱缩小_零下 / MACD绿柱扩大_零上,2026-05-22,35.84,35,86.8
日线+周线,SH.600148,长春一东,MACD绿柱扩大_零上,2026-05-27,17.57,MACD绿柱缩小_零下,2026-05-15,19.01,33.25,86.7
日线+周线,SZ.003013,地铁设计,拒绝回调相对强度,2026-06-01,14.91,背驰买,2026-04-10,12.81,86.591,86.591
日线+周线,SH.688622,禾信仪器,二买,2026-05-21,76.1,MACD绿柱扩大_零上,2026-03-27,90.73,34.1,86.5
日线+周线,SH.688566,吉贝尔,一买,2026-05-28,24.38,MACD绿柱缩小_零下,2026-03-27,29.69,30,86.4
日线+周线,SZ.000932,华菱钢铁,MACD绿柱缩小_零下,2026-05-29,4.01,MACD绿柱扩大_零上,2026-04-17,5.05,30,86.4
日线+周线,SZ.300778,新城市,MACD绿柱扩大_零上,2026-05-29,12.09,背驰买 / MACD绿柱扩大_零上,2026-04-10,12.31,28,86.3
日线+周线,SZ.300957,贝泰妮,MACD绿柱扩大_零上 / 形态:头肩底,2026-05-25,38.172,一买,2026-04-24,35.452,31.5,86.2
日线+周线,SH.688235,百济神州,MACD绿柱扩大_零上,2026-05-29,243.9,MACD绿柱缩小_零下,2026-05-29,243.9,33.25,86.1
日线+周线,SH.688031,星环科技,一买,2026-05-28,111.1,MACD绿柱扩大_零上,2026-05-29,116.88,28,86
日线+周线,SH.600576,祥源文旅,拒绝回调相对强度,2026-06-01,6.11,一买,2026-05-08,5.58,85.959,85.959
日线+周线,SZ.003022,联泓新科,MACD绿柱扩大_零上,2026-05-27,24,二买 / MACD绿柱扩大_零上,2026-04-03,19.38,34.1,85.9
日线+周线,SZ.000927,中国铁物,MACD绿柱缩小_零下,2026-05-28,2.67,MACD绿柱扩大_零上,2026-05-29,2.7,30,85.7
日线+周线,SZ.000963,华东医药,MACD绿柱缩小_零下,2026-05-29,29.02,MACD绿柱缩小_零下,2026-04-24,35.18,30,85.7
日线+周线,SZ.002343,慈文传媒,一买,2026-05-26,5.23,MACD绿柱缩小_零下,2026-05-15,5.92,28.8,85.7
日线+周线,SH.600497,驰宏锌锗,MACD绿柱扩大_零上,2026-05-29,9.52,二买 / MACD绿柱扩大_零上,2026-04-17,8.78,34.1,85.6
日线+周线,SH.600713,南京医药,MACD绿柱缩小_零下,2026-05-29,5.01,MACD绿柱扩大_零上,2026-05-29,5.01,30,85.6
日线+周线,SH.601038,一拖股份,MACD绿柱扩大_零上,2026-05-25,13.08,MACD绿柱扩大_零上 / 形态:头肩底,2026-04-24,12.96,31.5,85.6
日线+周线,SZ.002170,芭田股份,MACD绿柱扩大_零上,2026-05-19,12.2,MACD绿柱扩大_零上,2026-05-29,11.49,35,85.6
日线+周线,SZ.002545,东方铁塔,MACD绿柱扩大_零上,2026-05-29,21.8,二买 / MACD绿柱扩大_零上,2026-05-29,21.8,42.9,85.6
日线+周线,SZ.000862,银星能源,MACD绿柱扩大_零上,2026-05-26,6.64,MACD绿柱扩大_零上,2026-05-08,6.93,29.75,85.4
日线+周线,SZ.002328,新朋股份,背驰买 / MACD绿柱扩大_零上,2026-05-22,9.424,MACD绿柱扩大_零上,2026-03-27,7.034,29.75,85.4
日线+周线,SZ.002428,云南锗业,趋势买 / MACD绿柱扩大_零上,2026-05-28,89.85,二买 / 三买,2025-11-28,24.03,42.9,85.4
日线+周线,SH.603365,水星家纺,MACD绿柱扩大_零上,2026-05-19,19.57,MACD绿柱扩大_零上,2026-04-17,20.58,31.5,85.1
日线+周线,SH.601686,友发集团,一买,2026-05-28,5.11,MACD绿柱扩大_零上,2026-04-30,5.57,28,85
日线+周线,SZ.002780,三夫户外,MACD绿柱扩大_零上,2026-05-27,14.1,背驰买 / MACD绿柱扩大_零上,2026-04-10,15.06,29.75,85
日线+周线,SZ.002949,华阳国际,一买 / MACD绿柱扩大_零上,2026-05-28,11.95,MACD绿柱缩小_零下 / MACD绿柱扩大_零上,2026-05-15,14,31.5,85
日线+周线,SZ.000039,中集集团,MACD绿柱扩大_零上,2026-05-25,10.12,二买 / 三买,2026-03-27,10.28,42.9,84.8
日线+周线,SZ.300721,怡达股份,二买 / 三买,2026-05-26,27.85,MACD绿柱扩大_零上 / 缺口买:普通,2026-05-22,32.35,42.9,84.8
日线+周线,SH.603356,华菱精工,MACD绿柱扩大_零上,2026-05-29,18.04,MACD绿柱扩大_零上,2026-04-24,17.38,31.5,84.7
日线+周线,SZ.001318,阳光乳业,一买,2026-05-27,11.59,MACD绿柱扩大_零上,2026-04-10,13.59,35,84.7
日线+周线,SH.601988,中国银行,拒绝回调相对强度,2026-06-01,5.93,二买 / 三买,2026-01-30,5.23,84.553,84.553
日线+周线,SH.600676,交运股份,MACD绿柱扩大_零上,2026-05-21,7.23,二买 / MACD绿柱扩大_零上,2026-05-22,7.09,34.1,84.5
日线+周线,SH.688775,影石创新,MACD绿柱扩大_零上,2026-05-26,180.5,MACD绿柱缩小_零下,2026-05-15,215.2,30,84.5
日线+周线,SZ.002605,姚记科技,一买,2026-05-28,18.38,MACD绿柱缩小_零下,2026-05-22,19.38,30,84.5
日线+周线,SZ.002484,江海股份,200日新高突破 / 缺口买:持续,2026-06-01,79.15,二买 / MACD绿柱扩大_零上,2026-04-10,29.493,63.119,84.4
日线+周线,SH.600422,昆药集团,MACD绿柱缩小_零下,2026-05-26,8.43,一买,2026-05-29,8.3,30,84.3
日线+周线,SH.601010,文峰股份,MACD绿柱缩小_零下,2026-05-29,1.7,缺口买:衰竭,2026-05-07,2,29.4,84.3
日线+周线,SZ.000923,河钢资源,一买 / MACD绿柱缩小_零下,2026-05-29,15.52,MACD绿柱扩大_零上,2026-04-10,18.71,30,84.3
日线+周线,SZ.002437,誉衡药业,MACD绿柱缩小_零下,2026-05-29,2.96,MACD绿柱扩大_零上,2026-05-29,2.96,30,84.3
日线+周线,SZ.002895,川恒股份,一买,2026-05-19,31.45,MACD绿柱扩大_零上,2026-05-29,34.1,35,84.3
日线+周线,SH.600252,中恒集团,MACD绿柱缩小_零下,2026-05-29,2.22,MACD绿柱缩小_零下,2026-04-10,2.59,30,84.1
日线+周线,SH.688130,晶华微,MACD绿柱扩大_零上,2026-05-29,26.57,背驰买 / MACD绿柱扩大_零上,2026-04-10,21.15,28,84.1
日线+周线,SH.600487,亨通光电,200日新高突破 / MACD绿柱扩大_零上,2026-06-01,75.56,二买 / 三买,2025-11-28,18.91,50.318,84
日线+周线,SH.603995,甬金股份,拒绝回调相对强度 / MACD绿柱扩大_零上,2026-06-01,20.49,MACD绿柱扩大_零上,2026-04-17,18.49,83.99,83.99
日线+周线,SZ.002478,常宝股份,MACD绿柱缩小_零下,2026-05-29,7.39,MACD绿柱扩大_零上,2026-05-15,8.16,30,83.9
日线+周线,SH.601231,环旭电子,MACD绿柱扩大_零上,2026-05-22,39.45,二买,2026-03-27,32.23,42.9,83.7
日线+周线,SH.688077,大地熊,MACD绿柱扩大_零上,2026-05-29,27.22,背驰买 / MACD绿柱缩小_零下 / MACD绿柱扩大_零上,2026-05-22,30.65,30,83.6
日线+周线,SZ.000958,电投产融,拒绝回调相对强度,2026-06-01,6.2,背驰买,2026-04-30,5.81,83.234,83.234
日线+周线,SZ.301137,哈焊华通,一买,2026-05-27,39.3,二买 / MACD绿柱扩大_零上,2026-04-24,42.79,34.1,83.2
日线+周线,SH.603188,亚邦股份,MACD绿柱扩大_零上,2026-05-25,4.81,MACD绿柱扩大_零上,2026-05-29,4.52,28,83
日线+周线,SZ.002345,潮宏基,一买 / MACD绿柱缩小_零下,2026-05-28,8.79,一买 / MACD绿柱缩小_零下,2026-05-29,8.79,30,83
日线+周线,SZ.002596,海南瑞泽,MACD绿柱扩大_零上,2026-05-29,3.71,MACD绿柱缩小_零下 / MACD绿柱扩大_零上,2026-05-29,3.71,30,83
日线+周线,SZ.300307,慈星股份,MACD绿柱扩大_零上,2026-05-29,6.74,二买 / 三买,2026-03-27,6.16,34.1,83
日线+周线,SH.600373,中文传媒,一买,2026-05-28,7.4,MACD绿柱缩小_零下,2026-05-22,7.89,28,82.9
日线+周线,SH.600515,海南机场,一买,2026-05-28,3.12,MACD绿柱缩小_零下 / MACD绿柱扩大_零上,2026-05-29,3.21,31.5,82.8
日线+周线,SH.600987,航民股份,一买,2026-05-29,6.45,MACD绿柱扩大_零上,2026-05-29,6.54,35,82.8
日线+周线,SZ.002515,金字火腿,MACD绿柱扩大_零上,2026-05-29,6.16,二买 / 三买,2026-04-10,5.37,34.1,82.7
日线+周线,SH.600973,宝胜股份,MACD绿柱扩大_零上,2026-05-29,6.96,MACD绿柱扩大_零上,2026-05-29,6.96,29.75,82.6
日线+周线,SH.603298,杭叉集团,MACD绿柱扩大_零上,2026-05-29,25.48,MACD绿柱扩大_零上,2026-04-10,25.07,35,82.6
日线+周线,SH.603822,ST嘉澳,缺口买:普通,2026-06-01,79.2,MACD绿柱扩大_零上 / 缺口买:普通,2026-06-01,79.2,35,82.6
日线+周线,SZ.000063,中兴通讯,MACD绿柱扩大_零上 / 形态:头肩底,2026-05-27,34.82,背驰买,2026-04-03,31.8,35,82.6
日线+周线,SZ.001229,魅视科技,一买 / 拒绝回调相对强度,2026-06-01,37.95,MACD绿柱扩大_零上,2026-05-29,36.79,82.544,82.544
日线+周线,SH.600335,国机汽车,一买,2026-05-28,5.31,MACD绿柱缩小_零下 / MACD绿柱扩大_零上,2026-05-15,6.01,30,82.5
日线+周线,SZ.301081,严牌股份,二买,2026-04-27,14.5,二买,2025-12-19,9.62,34.1,82.5
日线+周线,SZ.000816,智慧农业,一买 / MACD绿柱缩小_零下,2026-05-29,2.71,MACD绿柱扩大_零上,2026-04-17,3.22,31.5,82.3
日线+周线,SZ.001234,泰慕士,MACD绿柱扩大_零上,2026-05-22,25.61,MACD绿柱扩大_零上,2026-04-10,25.77,35,82.3
日线+周线,SZ.300972,万辰集团,MACD绿柱扩大_零上,2026-05-29,181.69,二买 / MACD绿柱扩大_零上,2026-04-03,177.523,34.1,82.3
日线+周线,SH.603172,万丰股份,MACD绿柱扩大_零上,2026-05-29,19.73,二买 / MACD绿柱扩大_零上,2026-04-30,21.58,34.1,82.2
日线+周线,SH.688696,极米科技,一买,2026-05-29,74.9,MACD绿柱缩小_零下,2026-05-22,83.55,30,82.2
日线+周线,SH.600115,中国东航,背驰买,2026-05-18,3.99,MACD绿柱缩小_零下 / MACD绿柱扩大_零上,2026-05-29,4.39,30,82.1
日线+周线,SZ.002511,中顺洁柔,MACD绿柱缩小_零下,2026-05-29,7.25,MACD绿柱扩大_零上,2026-05-22,7.45,30,82.1
日线+周线,SZ.002534,西子洁能,背驰买,2026-05-18,16.78,二买 / MACD绿柱扩大_零上,2026-05-15,17,34.1,82.1
日线+周线,SH.603839,安正时尚,MACD绿柱扩大_零上,2026-05-27,6.96,MACD绿柱缩小_零下 / MACD绿柱扩大_零上,2026-04-30,8.09,30,82
日线+周线,SZ.300640,德艺文创,MACD绿柱扩大_零上,2026-05-29,6.59,二买 / MACD绿柱扩大_零上,2026-04-10,7.11,35,82
日线+周线,SH.600409,三友化工,一买,2026-05-29,6.19,MACD绿柱扩大_零上,2026-05-22,6.65,28,81.9
日线+周线,SH.603660,苏州科达,MACD绿柱扩大_零上,2026-05-29,11.88,二买 / MACD绿柱扩大_零上 / 缺口买:普通,2026-05-08,13.33,35,81.9
日线+周线,SH.603823,百合花,二买,2026-04-29,15.79,二买 / MACD绿柱扩大_零上,2026-04-17,16.16,42.9,81.9
日线+周线,SZ.301126,达嘉维康,一买 / MACD绿柱扩大_零上,2026-05-29,10.08,MACD绿柱缩小_零下 / MACD绿柱扩大_零上,2026-05-22,11.37,33.25,81.9
日线+周线,SZ.002813,路畅科技,MACD绿柱扩大_零上,2026-05-21,25.06,二买 / MACD绿柱扩大_零上,2026-04-10,24.39,34.1,81.8
日线+周线,SH.603488,展鹏科技,二买 / MACD绿柱扩大_零上,2026-05-22,11.55,三买,2026-03-27,9,34.1,81.7
日线+周线,SZ.000785,居然智家,一买,2026-05-28,2.32,一买,2026-04-10,2.32,28,81.7
日线+周线,SZ.001335,信凯科技,MACD绿柱扩大_零上,2026-05-29,45,MACD绿柱扩大_零上,2026-04-17,43.09,29.75,81.7
日线+周线,SH.600381,*ST春天,200日新高突破,2026-06-01,5.5,MACD绿柱缩小_零下 / 缺口买:普通,2026-05-15,5.31,53.704,81.6
日线+周线,SH.600993,马应龙,一买,2026-05-29,23.09,MACD绿柱缩小_零下,2026-05-15,25.52,30,81.6
日线+周线,SH.603926,铁流股份,MACD绿柱扩大_零上,2026-05-29,20.6,二买 / MACD绿柱扩大_零上,2026-04-17,20.02,34.1,81.6
日线+周线,SH.603021,ST华鹏,MACD绿柱缩小_零下,2026-05-26,6.93,趋势买,2026-05-22,6.46,30,81.5
日线+周线,SH.600352,浙江龙盛,MACD绿柱缩小_零下,2026-05-29,11.22,MACD绿柱扩大_零上,2026-05-15,11.96,30,81.4
日线+周线,SZ.002956,西麦食品,MACD绿柱扩大_零上,2026-05-26,21.53,MACD绿柱扩大_零上,2026-04-03,19.558,33.25,81.4
日线+周线,SZ.301233,盛帮股份,三买,2026-05-22,59,背驰买,2026-04-03,42.04,32.5,81.4
日线+周线,SZ.002083,孚日股份,MACD绿柱缩小_零下,2026-05-29,10.03,MACD绿柱扩大_零上,2026-05-29,10.03,31.5,81.1
日线+周线,SZ.300583,赛托生物,MACD绿柱扩大_零上,2026-05-27,13.1,背驰买,2026-03-27,12.82,28,81.1
日线+周线,SZ.300585,奥联电子,MACD绿柱扩大_零上,2026-05-28,20.15,MACD绿柱扩大_零上,2026-04-03,15.51,29.75,81.1
日线+周线,SZ.001236,弘业期货,一买,2026-05-28,8.15,MACD绿柱缩小_零下,2026-05-15,9.45,30,80.8
日线+周线,SZ.000069,华侨城Ａ,一买,2026-05-27,1.84,MACD绿柱扩大_零上,2026-04-03,2.16,28,80.6
日线+周线,SZ.000930,中粮科技,MACD绿柱缩小_零下,2026-05-29,5.11,MACD绿柱扩大_零上,2026-05-22,5.21,30,80.5
日线+周线,SH.600048,保利发展,MACD绿柱扩大_零上,2026-05-27,5.67,背驰买,2026-04-10,5.47,33.25,80.4
日线+周线,SZ.000010,美丽生态,MACD绿柱缩小_零下 / 缺口买:普通,2026-06-01,2.21,缺口买:衰竭,2026-05-08,2.48,30,80.4
日线+周线,SZ.002723,小崧股份,MACD绿柱缩小_零下 / MACD绿柱扩大_零上,2026-05-29,9.03,二买,2026-03-27,8.56,34.1,80.4
日线+周线,SH.601886,江河集团,MACD绿柱扩大_零上,2026-05-29,8.99,MACD绿柱扩大_零上,2026-04-03,8.43,28,80.2
日线+周线,SZ.000551,创元科技,MACD绿柱扩大_零上,2026-05-29,15.82,二买 / 三买 / MACD绿柱扩大_零上,2026-04-10,14.03,34.1,80.2
日线+周线,SZ.001270,*ST铖昌,MACD绿柱扩大_零上,2026-05-22,143.2,二买 / 三买 / MACD绿柱扩大_零上,2026-04-10,122.78,42.9,80.1
日线+周线,SZ.002971,和远气体,MACD绿柱扩大_零上,2026-05-28,33.82,二买 / 三买 / MACD绿柱扩大_零上,2026-04-10,31.03,42.9,80.1
日线+周线,SZ.301067,显盈科技,MACD绿柱缩小_零下,2026-05-25,33.5,MACD绿柱扩大_零上,2026-03-27,30.8,31.5,80.1
日线+周线,SZ.002145,钛能化学,一买,2026-05-22,4.25,MACD绿柱扩大_零上,2026-04-17,4.68,29.75,80
日线+周线,SH.600714,金瑞矿业,二买,2026-04-27,17.12,二买,2025-12-19,11.24,34.1,79.9
日线+周线,SZ.000568,泸州老窖,MACD绿柱缩小_零下,2026-05-28,89.02,MACD绿柱缩小_零下,2026-05-15,91,30,79.9
日线+周线,SZ.002064,华峰化学,MACD绿柱扩大_零上,2026-05-21,10.26,二买 / MACD绿柱扩大_零上,2026-05-29,10.11,34.1,79.6
日线+周线,SZ.300187,永清环保,拒绝回调相对强度 / MACD绿柱扩大_零上,2026-06-01,6,MACD绿柱扩大_零上,2026-04-24,5.08,79.425,79.425
日线+周线,SH.600708,光明地产,MACD绿柱扩大_零上,2026-05-27,3.22,二买 / MACD绿柱扩大_零上,2026-04-24,3.34,34.1,79.4
日线+周线,SZ.001332,锡装股份,MACD绿柱扩大_零上,2026-05-29,46.45,背驰买 / MACD绿柱扩大_零上,2026-04-10,38.65,29.75,79.3
日线+周线,SH.688597,煜邦电力,一买,2026-05-28,7.7,MACD绿柱扩大_零上,2026-05-29,7.87,28,79
日线+周线,SH.688300,联瑞新材,二买 / 200日新高突破,2026-06-01,174.5,二买 / 三买,2025-11-21,52.75,73.42,78.9
日线+周线,SZ.000517,荣安地产,MACD绿柱扩大_零上,2026-05-25,1.9,二买,2026-04-30,1.8,34.1,78.5
日线+周线,SZ.002555,三七互娱,一买,2026-05-26,19.02,MACD绿柱扩大_零上,2026-05-29,19.2,28,78.5
日线+周线,SH.600859,王府井,一买,2026-05-25,10.63,MACD绿柱缩小_零下,2026-05-15,11.62,30,78.3
日线+周线,SH.688630,芯碁微装,二买 / MACD绿柱扩大_零上,2026-05-19,279.3,二买 / 三买,2025-11-21,105.29,42.9,78.3
日线+周线,SH.600807,济高发展,背驰买,2026-05-22,2.77,MACD绿柱扩大_零上,2026-04-17,2.94,33.25,78.2
日线+周线,SH.688046,药康生物,MACD绿柱扩大_零上,2026-05-29,19.39,MACD绿柱扩大_零上,2026-04-03,16.06,33.25,78.1
日线+周线,SH.603282,亚光股份,MACD绿柱缩小_零下,2026-05-25,17.34,MACD绿柱扩大_零上,2026-05-29,15.99,30,77.8
日线+周线,SZ.002582,好想你,MACD绿柱扩大_零上,2026-05-22,10.93,MACD绿柱扩大_零上,2026-05-29,11.18,35,77.7
日线+周线,SH.601728,中国电信,MACD绿柱扩大_零上,2026-05-29,6.05,背驰买,2026-02-06,5.62,29.75,77.6
日线+周线,SH.605289,罗曼股份,二买 / MACD绿柱扩大_零上,2026-05-27,119.15,二买,2026-04-03,66.743,42.9,77.5
日线+周线,SZ.301360,荣旗科技,MACD绿柱扩大_零上,2026-05-28,64.47,MACD绿柱扩大_零上,2026-04-10,54.154,31.5,77.5
日线+周线,SZ.000333,美的集团,拒绝回调相对强度 / MACD绿柱扩大_零上,2026-06-01,81.7,二买 / MACD绿柱扩大_零上,2026-04-03,71.77,77.355,77.355
日线+周线,SZ.002038,双鹭药业,MACD绿柱缩小_零下,2026-05-29,5.88,一买,2026-03-27,5.47,30,77.3
日线+周线,SH.601375,中原证券,一买 / 拒绝回调相对强度,2026-06-01,4.06,MACD绿柱缩小_零下,2026-05-15,3.94,75.334,77.2
日线+周线,SZ.300564,筑博设计,MACD绿柱扩大_零上,2026-05-29,14.27,MACD绿柱扩大_零上,2026-04-10,15.16,29.75,77.2
日线+周线,SH.600217,中再资环,MACD绿柱缩小_零下,2026-05-29,3.42,一买,2026-05-22,3.33,30,77.1
日线+周线,SH.600719,大连热电,三买,2026-05-22,8.04,背驰买,2025-12-19,5.51,32.5,77.1
日线+周线,SH.600884,杉杉股份,二买 / MACD绿柱扩大_零上,2026-05-26,14.16,MACD绿柱扩大_零上,2026-04-03,13.01,34.1,77.1
日线+周线,SZ.000029,深深房Ａ,MACD绿柱扩大_零上,2026-05-29,24.75,MACD绿柱缩小_零下,2026-04-30,21.26,30,77.1
日线+周线,SH.600219,南山铝业,背驰买,2026-05-18,4.904,MACD绿柱扩大_零上,2026-05-22,5.28,28,77
日线+周线,SH.600359,新农开发,一买 / MACD绿柱扩大_零上,2026-05-28,6.23,MACD绿柱扩大_零上,2026-04-17,6.97,29.75,77
日线+周线,SH.600754,锦江酒店,MACD绿柱缩小_零下,2026-05-29,20.41,MACD绿柱扩大_零上,2026-05-22,20.89,30,77
日线+周线,SH.600879,航天电子,MACD绿柱扩大_零上,2026-05-26,21.28,三买 / MACD绿柱扩大_零上,2026-05-29,19.51,32.5,76.9
日线+周线,SZ.300718,长盛轴承,缺口买:普通,2026-05-26,86.231,二买 / MACD绿柱缩小_零下,2026-05-08,78.751,34.1,76.8
日线+周线,SZ.300806,斯迪克,MACD绿柱扩大_零上,2026-05-29,76.12,二买 / 三买,2026-04-03,42.09,42.9,76.7
日线+周线,SH.601333,广深铁路,MACD绿柱扩大_零上,2026-05-22,3.03,背驰买,2026-03-27,2.9,29.75,76.6
日线+周线,SH.688148,芳源股份,MACD绿柱扩大_零上,2026-05-29,8.6,MACD绿柱扩大_零上,2026-04-03,7.58,31.5,76.6
日线+周线,SZ.301106,骏成科技,MACD绿柱扩大_零上,2026-05-28,34.78,MACD绿柱扩大_零上,2026-04-17,30.18,28,76.6
日线+周线,SZ.002323,雅博股份,缺口买:普通,2026-05-27,1.33,MACD绿柱扩大_零上,2026-05-29,1.47,26.25,76.3
日线+周线,SH.601155,新城控股,MACD绿柱扩大_零上,2026-05-21,13.74,MACD绿柱扩大_零上,2026-04-17,14.71,29.75,76.2
日线+周线,SZ.001330,博纳影业,MACD绿柱扩大_零上,2026-05-29,9.05,MACD绿柱扩大_零上,2026-03-27,6.89,28,76.2
日线+周线,SZ.300433,蓝思科技,背驰买,2026-04-16,24.94,MACD绿柱扩大_零上,2026-04-30,25.69,26.25,76.2
日线+周线,SH.601718,际华集团,MACD绿柱缩小_零下,2026-05-29,2.08,缺口买:衰竭,2026-05-08,2.51,30,76.1
日线+周线,SH.603197,保隆科技,MACD绿柱扩大_零上,2026-05-29,31.56,背驰买,2026-04-10,31.23,26.25,76
日线+周线,SZ.000036,华联控股,MACD绿柱扩大_零上,2026-05-29,5.19,MACD绿柱扩大_零上,2026-04-03,4.66,35,76
日线+周线,SZ.301272,英华特,MACD绿柱扩大_零上,2026-05-29,39.74,背驰买 / MACD绿柱扩大_零上,2026-04-10,40.512,28,76
日线+周线,SH.600248,陕建股份,一买,2026-05-28,3.2,一买,2026-05-29,3.2,28,75.9
日线+周线,SH.601007,金陵饭店,MACD绿柱缩小_零下,2026-05-29,6.82,背驰买 / MACD绿柱扩大_零上,2026-05-29,6.82,30,75.9
日线+周线,SH.688275,万润新能,MACD绿柱扩大_零上,2026-05-29,133.8,三买,2026-01-30,69.5,35,75.9
日线+周线,SH.688357,建龙微纳,MACD绿柱缩小_零下 / MACD绿柱扩大_零上,2026-05-26,34.26,MACD绿柱扩大_零上,2026-04-03,32.35,35,75.9
日线+周线,SH.600686,金龙汽车,MACD绿柱缩小_零下,2026-05-27,14.07,MACD绿柱扩大_零上,2026-05-22,14.57,30,75.8
日线+周线,SH.601600,中国铝业,背驰买,2026-05-19,10.34,MACD绿柱扩大_零上,2026-05-29,11.42,28,75.8
日线+周线,SH.603378,亚士创能,趋势买,2026-05-28,4.95,MACD绿柱缩小_零下 / MACD绿柱扩大_零上,2026-05-29,5.4,30,75.8
日线+周线,SZ.000737,北方铜业,二买 / MACD绿柱扩大_零上,2026-05-22,13.44,MACD绿柱扩大_零上,2026-04-10,13.72,34.1,75.8
日线+周线,SZ.002008,大族激光,MACD绿柱扩大_零上,2026-05-29,131.85,二买,2026-03-27,59,42.9,75.8
日线+周线,SZ.301487,盟固利,三买,2026-05-20,24.59,背驰买,2026-04-03,19.36,32.5,75.8
日线+周线,SZ.301626,苏州天脉,二买 / 200日新高突破,2026-06-01,321.79,二买,2026-02-06,168.6,52.853,75.8
日线+周线,SH.688021,奥福科技,MACD绿柱扩大_零上,2026-05-29,24.35,二买 / 三买,2026-04-24,23.11,42.9,75.7
日线+周线,SH.688400,凌云光,MACD绿柱扩大_零上,2026-05-29,61.43,二买 / MACD绿柱扩大_零上,2026-04-03,37.57,34.1,75.7
日线+周线,SH.605089,味知香,MACD绿柱缩小_零下,2026-05-29,22.49,MACD绿柱扩大_零上,2026-04-10,25.6,31.5,75.6
日线+周线,SZ.000919,金陵药业,MACD绿柱缩小_零下,2026-05-29,6.34,MACD绿柱扩大_零上,2026-05-29,6.34,30,75.6
日线+周线,SZ.301230,泓博医药,MACD绿柱扩大_零上,2026-05-21,38.81,MACD绿柱扩大_零上,2026-05-29,35.34,31.5,75.6
日线+周线,SZ.001339,智微智能,趋势买 / MACD绿柱扩大_零上,2026-05-29,104,二买,2025-12-19,46.69,34.1,75.5
日线+周线,SZ.301057,汇隆新材,背驰买,2026-05-18,29.81,MACD绿柱扩大_零上,2026-05-29,30.63,28,75.5
日线+周线,SH.600418,江淮汽车,MACD绿柱扩大_零上,2026-05-20,45.71,MACD绿柱扩大_零上,2026-04-10,46.76,29.75,75.3
日线+周线,SH.603280,南方路机,一买,2026-05-28,28.48,MACD绿柱缩小_零下 / MACD绿柱扩大_零上,2026-05-15,32.9,30,75.3
日线+周线,SZ.002216,三全食品,MACD绿柱扩大_零上,2026-05-27,13.14,二买,2025-12-12,11.05,35,75.3
日线+周线,SH.605376,博迁新材,二买 / 200日新高突破 / MACD绿柱扩大_零上,2026-06-01,178.78,二买,2026-03-27,84.3,54.579,75.2
日线+周线,SH.688578,艾力斯,一买,2026-05-29,86.8,背驰买 / MACD绿柱缩小_零下,2026-04-24,94.72,30,75.2
日线+周线,SZ.300145,南方泵业,MACD绿柱扩大_零上,2026-05-29,4.38,二买,2026-04-10,4.16,34.1,75.2
日线+周线,SZ.301290,东星医疗,MACD绿柱扩大_零上,2026-05-29,29.06,二买 / 三买,2025-12-19,24.49,35,75.2
日线+周线,SH.688793,倍轻松,一买 / MACD绿柱扩大_零上,2026-05-29,18.1,背驰买,2026-04-24,20.21,28,74.9
日线+周线,SZ.300573,兴齐眼药,MACD绿柱扩大_零上,2026-05-19,45.3,MACD绿柱扩大_零上,2026-04-10,46.35,31.5,74.9
日线+周线,SH.601128,常熟银行,MACD绿柱扩大_零上,2026-05-26,7.11,MACD绿柱扩大_零上,2026-04-10,7.03,29.75,74.8
日线+周线,SZ.300885,海昌新材,MACD绿柱扩大_零上,2026-05-29,27.2,二买 / MACD绿柱扩大_零上,2026-04-10,24.079,35,74.8
日线+周线,SZ.301248,杰创智能,MACD绿柱扩大_零上,2026-05-29,79.99,二买 / 三买,2025-11-14,24.5,42.9,74.7
日线+周线,SH.603838,*ST四通,MACD绿柱扩大_零上,2026-05-29,9.08,二买 / 三买,2025-12-12,7.04,42.9,74.6
日线+周线,SZ.000810,创维数字,MACD绿柱扩大_零上,2026-05-29,11.51,背驰买,2026-03-27,10.11,33.25,74.6
日线+周线,SZ.300933,中辰股份,MACD绿柱扩大_零上,2026-05-29,7.64,MACD绿柱缩小_零下 / MACD绿柱扩大_零上,2026-05-22,8.58,30,74.6
日线+周线,SZ.301085,亚康股份,MACD绿柱扩大_零上,2026-05-29,74.31,二买,2026-04-10,54.3,34.1,74.6
日线+周线,SZ.002659,凯文教育,一买,2026-05-28,4.3,MACD绿柱缩小_零下 / MACD绿柱扩大_零上,2026-05-15,5.02,31.5,74.5
日线+周线,SH.688401,路维光电,三买,2026-04-29,60.78,二买 / MACD绿柱扩大_零上,2026-04-03,50.2,34.1,74.4
日线+周线,SZ.300616,尚品宅配,三买,2026-05-18,14.625,MACD绿柱扩大_零上,2026-04-10,12.075,32.5,74.4
日线+周线,SZ.000688,国城矿业,MACD绿柱扩大_零上,2026-05-29,42.18,二买 / 三买,2025-12-12,21.17,42.9,74.1
日线+周线,SH.601665,齐鲁银行,MACD绿柱扩大_零上,2026-05-29,6.08,趋势买,2026-05-29,5.97,28,73.9
日线+周线,SZ.002251,步步高,一买,2026-05-21,3.65,MACD绿柱缩小_零下,2026-05-15,3.8,28,73.9
日线+周线,SZ.300418,昆仑万维,一买,2026-05-28,42.4,MACD绿柱扩大_零上,2026-05-29,43.92,28,73.9
日线+周线,SH.600250,南京商旅,MACD绿柱缩小_零下,2026-05-29,9.29,MACD绿柱扩大_零上,2026-05-15,9.94,30,73.8
日线+周线,SH.601398,工商银行,MACD绿柱扩大_零上,2026-05-20,7.13,MACD绿柱缩小_零下,2026-04-17,7.271,30,73.8
日线+周线,SZ.002877,智能自控,一买,2026-05-29,7.86,二买 / MACD绿柱扩大_零上,2026-04-10,8.17,34.1,73.7
日线+周线,SZ.002446,盛路通信,MACD绿柱扩大_零上,2026-05-27,9.86,MACD绿柱扩大_零上,2026-04-17,10.51,33.25,73.5
日线+周线,SZ.002761,浙江建投,MACD绿柱扩大_零上,2026-05-25,7.87,MACD绿柱缩小_零下,2026-04-30,8.37,30,73.5
日线+周线,SH.603989,艾华集团,三买,2026-05-18,19.85,缺口买:持续,2026-05-29,35.81,32.5,73.4
日线+周线,SZ.300122,智飞生物,一买,2026-05-27,13.11,背驰买 / MACD绿柱缩小_零下,2026-05-08,15.47,30,73.4
日线+周线,SH.601858,中国科传,MACD绿柱扩大_零上,2026-05-29,24.69,二买 / 形态:头肩底,2026-03-13,18.53,34.1,73.2
日线+周线,SZ.001278,一彬科技,MACD绿柱扩大_零上,2026-05-25,20.6,MACD绿柱扩大_零上,2026-04-30,22,31.5,73.2
日线+周线,SZ.300665,飞鹿股份,趋势买,2026-05-28,9.23,二买 / 三买,2026-03-27,6.86,34.1,73.2
日线+周线,SH.600080,金花股份,MACD绿柱缩小_零下,2026-05-28,5.34,MACD绿柱扩大_零上 / 缺口买:衰竭,2026-05-08,6.54,30,73
日线+周线,SH.600458,时代新材,二买,2026-05-20,11.88,MACD绿柱缩小_零下,2026-05-29,12.66,34.1,72.6
日线+周线,SH.600396,华电辽能,二买,2026-05-22,13.89,二买,2025-12-31,2.83,42.9,72.5
日线+周线,SH.688332,中科蓝讯,趋势买,2026-05-26,86.86,MACD绿柱扩大_零上,2026-04-03,79.027,31.5,72.4
日线+周线,SZ.000723,美锦能源,背驰买,2026-05-22,3.91,MACD绿柱扩大_零上,2026-04-30,4.46,26.25,72.4
日线+周线,SZ.002785,万里石,MACD绿柱扩大_零上,2026-05-29,44.72,二买 / MACD绿柱扩大_零上,2026-04-24,40.5,35,72.4
日线+周线,SZ.000903,ST云动,MACD绿柱缩小_零下,2026-05-29,1.85,一买,2026-05-29,1.7,30,72.3
日线+周线,SZ.300985,致远新能,MACD绿柱扩大_零上,2026-05-28,22.6,二买,2026-04-03,19.67,34.1,72.3
日线+周线,SZ.000889,中嘉博创,MACD绿柱扩大_零上,2026-05-27,3.91,背驰买 / MACD绿柱扩大_零上,2026-04-03,3.2,28,72.2
日线+周线,SH.600284,浦东建设,MACD绿柱扩大_零上,2026-05-25,6.99,背驰买 / MACD绿柱缩小_零下 / MACD绿柱扩大_零上,2026-05-22,6.95,30,72.1
日线+周线,SH.601336,新华保险,一买,2026-05-28,57.95,MACD绿柱扩大_零上,2026-04-17,64.27,33.25,72.1
日线+周线,SH.688168,安博通,三买 / MACD绿柱扩大_零上,2026-05-29,59.45,背驰买,2026-04-03,47.636,32.5,72.1
日线+周线,SZ.002864,盘龙药业,一买,2026-05-27,28,MACD绿柱扩大_零上,2026-05-08,31.36,35,72.1
日线+周线,SZ.002453,华软科技,趋势买,2026-05-21,5.66,背驰买,2026-04-17,4.77,26.25,72
日线+周线,SZ.002857,三晖电气,一买,2026-05-27,19.45,MACD绿柱扩大_零上,2026-05-29,19.78,28,72
日线+周线,SH.688055,龙腾光电,二买,2026-05-18,4.4,背驰买,2025-12-19,3.49,42.9,71.9
日线+周线,SZ.301060,兰卫医学,MACD绿柱扩大_零上,2026-05-29,9.76,二买 / MACD绿柱扩大_零上,2026-04-30,10.33,34.1,71.9
日线+周线,SH.600329,达仁堂,一买 / MACD绿柱扩大_零上,2026-05-28,38.58,MACD绿柱扩大_零上,2026-04-30,40.6,31.5,71.8
日线+周线,SH.688302,海创药业,MACD绿柱扩大_零上,2026-05-22,42.85,二买 / 三买,2026-03-27,36.2,34.1,71.8
日线+周线,SZ.300497,富祥药业,MACD绿柱缩小_零下,2026-05-29,15.3,二买,2026-03-27,13.99,34.1,71.8
日线+周线,SH.603091,众鑫股份,MACD绿柱扩大_零上,2026-05-29,72.88,MACD绿柱扩大_零上,2026-04-10,77.6,31.5,71.6
日线+周线,SH.605598,上海港湾,MACD绿柱扩大_零上,2026-05-29,46.4,MACD绿柱扩大_零上,2026-05-29,46.4,31.5,71.6
日线+周线,SH.603075,热威股份,三买 / 200日新高突破,2026-06-01,28.09,MACD绿柱扩大_零上,2026-04-03,21.15,63.992,71.4
日线+周线,SH.603909,建发合诚,MACD绿柱扩大_零上,2026-05-21,11.15,MACD绿柱扩大_零上,2026-04-03,10.52,35,71.4
日线+周线,SH.688147,微导纳米,MACD绿柱扩大_零上,2026-05-29,80.4,二买 / MACD绿柱扩大_零上,2026-04-24,64.1,34.1,71.4
日线+周线,SZ.301419,阿莱德,二买 / MACD绿柱扩大_零上,2026-05-27,39.28,二买 / 三买,2026-01-30,25.608,42.9,71.4
日线+周线,SZ.002347,泰尔股份,一买,2026-05-29,6.92,MACD绿柱扩大_零上,2026-04-10,8.29,31.5,71.3
日线+周线,SH.688558,国盛智科,MACD绿柱扩大_零上,2026-05-29,34.4,MACD绿柱扩大_零上 / 缺口买:普通,2026-05-08,41.976,29.75,71.2
日线+周线,SH.601228,广州港,一买,2026-05-29,3.05,背驰买 / MACD绿柱扩大_零上,2026-05-08,3.3,33.25,71
日线+周线,SH.603877,太平鸟,一买,2026-05-28,12.31,MACD绿柱缩小_零下 / MACD绿柱扩大_零上,2026-05-15,13.9,33.25,70.8
日线+周线,SH.603978,深圳新星,MACD绿柱扩大_零上,2026-05-29,28.66,二买 / 三买 / MACD绿柱扩大_零上,2026-04-03,23.47,34.1,70.7
日线+周线,SZ.300647,超频三,MACD绿柱扩大_零上,2026-05-29,6.02,MACD绿柱扩大_零上,2026-04-03,5.75,29.75,70.7
日线+周线,SH.601500,通用股份,MACD绿柱扩大_零上,2026-05-29,4.2,一买,2026-03-27,4.07,35,70.6
日线+周线,SH.688656,浩欧博,MACD绿柱扩大_零上,2026-05-21,124.463,MACD绿柱缩小_零下,2026-05-15,135.72,30,70.6
日线+周线,SZ.000035,中国天楹,背驰买,2026-05-26,5.81,MACD绿柱扩大_零上,2026-05-29,5.89,31.5,70.6
日线+周线,SZ.002632,道明光学,一买,2026-05-27,10.13,二买 / MACD绿柱扩大_零上,2026-05-29,10.17,34.1,70.2
日线+周线,SZ.300872,天阳科技,趋势买,2026-05-28,18.49,背驰买 / 缺口买:普通,2026-05-08,20.3,26.25,70.1
日线+周线,SH.603657,春光科技,MACD绿柱扩大_零上,2026-05-29,26.68,背驰买 / MACD绿柱缩小_零下,2026-04-30,29.33,30,70
日线+周线,SZ.000612,焦作万方,MACD绿柱缩小_零下 / MACD绿柱扩大_零上,2026-05-27,12.1,MACD绿柱扩大_零上,2026-05-29,11.56,30,70
日线+周线,SH.600704,物产中大,一买,2026-05-22,4.85,MACD绿柱扩大_零上,2026-04-10,5.27,31.5,69.7
日线+周线,SZ.300444,双杰电气,MACD绿柱扩大_零上,2026-05-26,14.73,MACD绿柱扩大_零上,2026-05-29,14.58,33.25,69.7
日线+周线,SZ.000533,顺钠股份,一买,2026-05-27,11.55,MACD绿柱扩大_零上,2026-05-29,11.54,28,69.5
日线+周线,SZ.002327,富安娜,MACD绿柱扩大_零上,2026-05-28,6.73,背驰买,2026-03-27,6.5,35,69.4
日线+周线,SZ.301021,英诺激光,200日新高突破,2026-06-01,96.3,二买 / 三买,2026-03-27,46.7,49.726,69.4
日线+周线,SZ.301526,国际复材,二买 / 三买,2026-05-12,17.05,二买,2026-03-27,10.16,42.9,69.2
日线+周线,SH.600829,人民同泰,一买,2026-05-28,8.44,MACD绿柱扩大_零上,2026-04-30,9.72,28,69.1
日线+周线,SH.603027,千禾味业,MACD绿柱缩小_零下,2026-05-29,7.68,一买 / MACD绿柱扩大_零上,2026-05-15,8.38,30,69.1
日线+周线,SZ.300563,神宇股份,MACD绿柱扩大_零上,2026-05-20,31.56,MACD绿柱缩小_零下,2026-05-15,31.62,30,69.1
日线+周线,SZ.301198,喜悦智行,三买 / MACD绿柱扩大_零上,2026-05-29,17.63,二买 / 三买,2026-04-10,13.23,34.1,69
日线+周线,SH.603279,景津装备,MACD绿柱扩大_零上,2026-05-20,15.91,MACD绿柱扩大_零上,2026-05-29,15.25,24.5,68.9
日线+周线,SH.688236,春立医疗,MACD绿柱缩小_零下,2026-05-25,17.3,MACD绿柱扩大_零上,2026-03-27,19.55,31.5,68.9
日线+周线,SH.600316,洪都航空,MACD绿柱缩小_零下,2026-05-29,29.38,MACD绿柱扩大_零上,2026-05-29,29.38,30,68.7
日线+周线,SH.601360,三六零,MACD绿柱扩大_零上,2026-05-21,10.6,MACD绿柱缩小_零下 / MACD绿柱扩大_零上,2026-05-15,10.98,31.5,68.7
日线+周线,SH.600298,安琪酵母,一买,2026-05-20,35.21,MACD绿柱扩大_零上,2026-05-15,36.25,31.5,68.6
日线+周线,SH.603014,威高血净,一买,2026-05-26,33.36,MACD绿柱扩大_零上,2026-04-10,37.57,35,68.6
日线+周线,SZ.300906,日月明,MACD绿柱扩大_零上,2026-05-27,32.11,二买 / MACD绿柱扩大_零上,2026-04-10,32.5,35,68.6
日线+周线,SH.600691,潞化科技,一买 / MACD绿柱缩小_零下,2026-05-29,2.7,MACD绿柱扩大_零上,2026-05-29,2.7,30,68.4
日线+周线,SZ.000957,中通客车,MACD绿柱扩大_零上,2026-05-21,11.08,MACD绿柱扩大_零上,2026-04-10,11.4,35,68.4
日线+周线,SH.603183,建研院,MACD绿柱扩大_零上,2026-05-25,4.41,MACD绿柱扩大_零上,2026-04-10,4.6,33.25,68.3
日线+周线,SH.688800,瑞可达,MACD绿柱扩大_零上,2026-05-29,119.37,二买,2026-04-03,79.41,34.1,68.1
日线+周线,SZ.002788,鹭燕医药,一买,2026-05-28,11.47,MACD绿柱扩大_零上,2026-05-15,13.21,28,67.9
日线+周线,SZ.002830,名雕股份,MACD绿柱扩大_零上,2026-05-29,21.25,二买 / MACD绿柱扩大_零上,2026-04-24,20.94,34.1,67.9
日线+周线,SZ.300466,赛摩智能,MACD绿柱扩大_零上,2026-05-28,8.56,MACD绿柱缩小_零下,2026-05-15,9.34,31.5,67.9
日线+周线,SH.600361,创新新材,MACD绿柱扩大_零上,2026-05-18,4.35,MACD绿柱扩大_零上,2026-04-10,4.15,28,67.8
日线+周线,SZ.000736,*ST中地,MACD绿柱扩大_零上,2026-05-29,5.36,MACD绿柱扩大_零上,2026-03-27,4.99,33.25,67.8
日线+周线,SH.603663,三祥新材,MACD绿柱扩大_零上,2026-05-18,42.87,二买 / 三买 / MACD绿柱扩大_零上,2026-05-15,42.89,42.9,67.7
日线+周线,SZ.002366,融发核电,一买,2026-05-26,6.72,MACD绿柱扩大_零上,2026-04-30,7.49,33.25,67.7
日线+周线,SZ.302132,中航成飞,一买,2026-05-27,61,背驰买 / MACD绿柱缩小_零下,2026-05-22,65.01,30,67.7
日线+周线,SH.688051,佳华科技,MACD绿柱扩大_零上,2026-05-29,31.66,二买 / 三买,2026-03-27,28.9,34.1,67.6
日线+周线,SH.688702,盛科通信,MACD绿柱扩大_零上,2026-05-29,281.52,二买,2025-11-07,108.9,42.9,67.6
日线+周线,SZ.002517,恺英网络,一买,2026-05-28,15.55,MACD绿柱扩大_零上,2026-04-10,20.19,35,67.6
日线+周线,SH.601199,江南水务,MACD绿柱扩大_零上,2026-05-29,5.88,MACD绿柱扩大_零上,2026-04-30,5.31,29.75,67.5
日线+周线,SH.605151,西上海,MACD绿柱扩大_零上,2026-05-29,21.66,MACD绿柱扩大_零上,2026-04-10,19.28,29.75,67.5
日线+周线,SZ.000028,国药一致,MACD绿柱缩小_零下,2026-05-26,23.58,MACD绿柱扩大_零上,2026-05-15,24.14,30,67.4
日线+周线,SH.688681,科汇股份,MACD绿柱扩大_零上,2026-05-29,17.26,MACD绿柱扩大_零上,2026-05-29,17.26,29.75,67.3
日线+周线,SH.688819,天能股份,MACD绿柱缩小_零下,2026-05-29,24.54,MACD绿柱扩大_零上,2026-05-22,26.28,30,67.1
日线+周线,SZ.300817,双飞集团,MACD绿柱扩大_零上,2026-05-28,19.58,二买 / 三买,2026-04-03,17,35,67.1
日线+周线,SZ.301012,扬电科技,MACD绿柱扩大_零上,2026-05-29,33.12,二买 / 三买,2026-04-10,27.85,42.9,67.1
日线+周线,SZ.002915,中欣氟材,MACD绿柱扩大_零上,2026-05-29,18.98,背驰买 / MACD绿柱缩小_零下 / MACD绿柱扩大_零上,2026-05-15,23.11,31.5,67
日线+周线,SH.600096,云天化,一买 / MACD绿柱缩小_零下,2026-05-29,30.44,MACD绿柱扩大_零上,2026-05-29,30.64,30,66.9
日线+周线,SH.601390,中国中铁,一买,2026-05-28,4.65,MACD绿柱扩大_零上,2026-04-24,5.21,28,66.9
日线+周线,SH.603051,鹿山新材,MACD绿柱扩大_零上,2026-05-29,21.57,MACD绿柱扩大_零上,2026-04-10,21.59,29.75,66.9
日线+周线,SZ.000593,德龙汇能,MACD绿柱扩大_零上,2026-05-29,20.59,三买,2026-03-27,13.03,40,66.9
日线+周线,SZ.002296,辉煌科技,一买,2026-05-29,9.93,MACD绿柱扩大_零上,2026-05-29,10.01,28,66.9
日线+周线,SZ.000783,长江证券,MACD绿柱扩大_零上,2026-05-29,8.13,三买 / MACD绿柱扩大_零上,2026-03-27,6.75,33.25,66.8
日线+周线,SH.603010,万盛股份,三买,2026-05-22,13.22,二买,2026-01-16,10.08,34.1,66.7
日线+周线,SH.605099,共创草坪,MACD绿柱扩大_零上,2026-05-27,41.65,二买 / MACD绿柱扩大_零上,2026-04-24,38.69,34.1,66.6
日线+周线,SH.605178,时空科技,二买,2026-05-25,63.7,MACD绿柱扩大_零上,2026-05-29,67.21,34.1,66.6
日线+周线,SZ.002329,皇氏集团,二买 / 趋势买 / MACD绿柱扩大_零上,2026-05-29,4.33,二买,2026-03-06,3.6,34.1,66.6
日线+周线,SZ.002393,力生制药,MACD绿柱缩小_零下,2026-05-29,14.86,MACD绿柱扩大_零上,2026-05-22,15.18,30,66.6
日线+周线,SZ.002591,恒大高新,MACD绿柱扩大_零上,2026-05-29,7.81,二买 / 三买 / MACD绿柱扩大_零上,2026-04-17,6.86,34.1,66.4
日线+周线,SZ.300239,东宝生物,一买,2026-05-28,4.91,MACD绿柱扩大_零上,2026-04-24,5.438,31.5,66.4
日线+周线,SH.603272,联翔股份,200日新高突破 / 缺口买:普通,2026-06-01,44.13,二买,2025-12-19,17.66,66.338,66.338
日线+周线,SZ.000560,我爱我家,MACD绿柱扩大_零上,2026-05-22,2.85,MACD绿柱扩大_零上,2026-04-24,2.88,29.75,66.3
日线+周线,SZ.000620,盈新发展,MACD绿柱扩大_零上,2026-05-29,2.8,二买 / MACD绿柱扩大_零上 / 缺口买:普通,2026-05-08,3.04,42.9,66.3
日线+周线,SZ.300894,火星人,一买,2026-05-28,8.93,MACD绿柱缩小_零下,2026-05-22,10.03,30,66.2
日线+周线,SH.600266,城建发展,一买,2026-05-28,4.66,MACD绿柱扩大_零上,2026-04-10,5.05,31.5,66.1
日线+周线,SH.600794,保税科技,一买,2026-05-28,3.19,背驰买,2025-04-11,3.05,28,66.1
日线+周线,SZ.300437,清水源,一买,2026-05-29,12.27,MACD绿柱扩大_零上,2026-05-22,13.93,28,66.1
日线+周线,SH.601216,君正集团,一买,2026-05-28,5.08,MACD绿柱扩大_零上,2026-05-29,5.12,28,66
日线+周线,SZ.002600,领益智造,MACD绿柱扩大_零上,2026-05-29,14.55,MACD绿柱扩大_零上,2026-04-10,13.59,33.25,66
日线+周线,SZ.002838,道恩股份,MACD绿柱扩大_零上,2026-05-29,33.74,二买 / MACD绿柱扩大_零上,2026-04-10,27.22,34.1,66
日线+周线,SH.600366,宁波韵升,MACD绿柱扩大_零上,2026-05-29,12.29,背驰买 / MACD绿柱缩小_零下 / MACD绿柱扩大_零上,2026-05-22,13.11,33.25,65.9
日线+周线,SZ.300745,欣锐科技,MACD绿柱扩大_零上,2026-05-29,45.44,三买 / MACD绿柱扩大_零上,2026-04-03,24.8,32.5,65.9
日线+周线,SZ.300856,科思股份,MACD绿柱扩大_零上,2026-05-29,12.72,背驰买,2026-03-27,11.82,35,65.9
日线+周线,SH.600776,东方通信,MACD绿柱扩大_零上,2026-05-27,15.18,二买 / 三买 / MACD绿柱扩大_零上,2026-04-10,15.53,35,65.8
日线+周线,SZ.000617,中油资本,一买,2026-05-28,7.61,MACD绿柱扩大_零上,2026-05-22,8.13,28,65.8
日线+周线,SZ.300058,蓝色光标,MACD绿柱扩大_零上,2026-05-28,16.16,MACD绿柱扩大_零上,2026-05-29,16.7,35,65.8
日线+周线,SH.601011,宝泰隆,一买,2026-05-27,2.73,MACD绿柱扩大_零上,2026-05-15,2.92,28,65.7
日线+周线,SH.603031,安孚科技,200日新高突破,2026-06-01,58,二买 / MACD绿柱扩大_零上,2026-04-10,35.331,54.274,65.7
日线+周线,SZ.300711,广哈通信,一买 / MACD绿柱缩小_零下,2026-05-27,19.35,MACD绿柱扩大_零上,2026-05-29,19.78,31.5,65.7
日线+周线,SH.603987,康德莱,MACD绿柱缩小_零下,2026-05-29,7.49,MACD绿柱扩大_零上,2026-05-15,7.92,30,65.5
日线+周线,SH.600790,轻纺城,MACD绿柱扩大_零上,2026-05-29,4.08,MACD绿柱扩大_零上,2026-04-17,3.66,33.25,65.4
日线+周线,SZ.002940,昂利康,MACD绿柱扩大_零上,2026-05-29,35,背驰买 / MACD绿柱缩小_零下,2026-04-10,31.04,30,65.4
日线+周线,SZ.300434,金石亚药,MACD绿柱扩大_零上,2026-05-29,9.87,MACD绿柱扩大_零上,2026-04-03,10.06,35,65.4
日线+周线,SZ.002907,华森制药,MACD绿柱缩小_零下,2026-05-29,12.4,MACD绿柱缩小_零下,2026-05-08,13.7,30,65.2
日线+周线,SH.688657,浩辰软件,MACD绿柱扩大_零上,2026-05-22,39.04,二买 / MACD绿柱扩大_零上,2026-04-03,30.089,35,65.1
日线+周线,SZ.300098,高新兴,MACD绿柱扩大_零上,2026-05-29,5.31,MACD绿柱缩小_零下 / MACD绿柱扩大_零上,2026-05-22,5.82,30,64.9
日线+周线,SH.600874,创业环保,一买,2026-05-28,5.67,MACD绿柱扩大_零上,2026-05-29,5.77,29.75,64.8
日线+周线,SH.601869,长飞光纤,MACD绿柱扩大_零上,2026-05-28,370.55,二买,2026-01-16,105.33,42.9,64.8
日线+周线,SH.603285,键邦股份,MACD绿柱扩大_零上,2026-05-29,47.86,三买,2026-03-27,28.29,32.5,64.8
日线+周线,SZ.301042,安联锐视,MACD绿柱扩大_零上,2026-05-29,95.88,MACD绿柱扩大_零上,2026-04-17,95.31,35,64.8
日线+周线,SH.600288,大恒科技,MACD绿柱扩大_零上,2026-05-20,14.61,MACD绿柱扩大_零上,2026-05-29,13.27,29.75,64.7
日线+周线,SH.601061,中信金属,MACD绿柱扩大_零上,2026-05-29,13.16,MACD绿柱扩大_零上,2026-04-10,11.99,29.75,64.7
日线+周线,SH.603239,浙江仙通,MACD绿柱扩大_零上,2026-05-20,22.22,MACD绿柱扩大_零上,2026-05-29,19.97,29.75,64.7
日线+周线,SZ.300591,万里马,MACD绿柱扩大_零上,2026-05-29,7.79,MACD绿柱缩小_零下,2026-04-30,7.92,33.25,64.7
日线+周线,SH.600683,京投发展,MACD绿柱扩大_零上,2026-05-29,15.2,二买 / 三买,2025-12-19,4.18,34.1,64.6
日线+周线,SZ.300700,岱勒新材,MACD绿柱扩大_零上,2026-05-29,18.6,二买,2026-03-27,12.18,34.1,64.6
日线+周线,SZ.300956,英力股份,一买 / MACD绿柱扩大_零上,2026-05-28,13.64,MACD绿柱缩小_零下,2026-05-15,15.48,30,64.6
日线+周线,SZ.000554,泰山石油,一买,2026-05-28,6.62,MACD绿柱扩大_零上,2026-05-29,6.74,29.75,64.4
日线+周线,SH.603599,广信股份,MACD绿柱缩小_零下,2026-05-29,11.19,MACD绿柱扩大_零上,2026-05-29,11.19,30,64.3
日线+周线,SZ.300201,海伦哲,二买,2026-04-03,9.96,二买,2025-12-19,5.22,42.9,64.2
日线+周线,SZ.301283,聚胶股份,MACD绿柱扩大_零上,2026-05-26,29.62,MACD绿柱扩大_零上,2026-05-29,27.12,33.25,64.2
日线+周线,SZ.002856,美芝股份,200日新高突破,2026-06-01,23.37,二买 / MACD绿柱扩大_零上,2026-04-17,11.55,64.151,64.151
日线+周线,SZ.300962,中金辐照,MACD绿柱缩小_零下,2026-05-29,13.33,MACD绿柱扩大_零上,2026-04-17,16.15,30,64
日线+周线,SH.600814,杭州解百,一买,2026-05-28,6.91,MACD绿柱扩大_零上,2026-04-10,7.65,29.75,63.9
日线+周线,SH.688319,欧林生物,MACD绿柱扩大_零上,2026-05-29,35.15,二买,2025-11-28,21.32,34.1,63.9
日线+周线,SH.688049,炬芯科技,MACD绿柱扩大_零上,2026-05-29,45.14,背驰买 / MACD绿柱缩小_零下 / MACD绿柱扩大_零上,2026-05-22,50.31,30,63.7
日线+周线,SH.603055,台华新材,背驰买,2026-05-18,8.19,MACD绿柱扩大_零上,2026-05-15,8.76,26.25,63.3
日线+周线,SH.603709,中源家居,MACD绿柱扩大_零上,2026-05-28,16.46,MACD绿柱扩大_零上,2026-04-10,16.99,31.5,63.3
日线+周线,SZ.300331,苏大维格,MACD绿柱扩大_零上,2026-05-29,52.74,二买 / MACD绿柱扩大_零上,2026-04-17,46.68,34.1,63.3
日线+周线,SH.603029,天鹅股份,MACD绿柱扩大_零上,2026-05-25,18.29,MACD绿柱扩大_零上,2026-05-29,16.78,33.25,63.1
日线+周线,SZ.301038,深水规院,一买,2026-05-28,17.65,MACD绿柱缩小_零下,2026-05-29,20.19,30,63
日线+周线,SH.600455,博通股份,MACD绿柱扩大_零上,2026-05-29,26.49,MACD绿柱扩大_零上,2026-04-24,25.44,31.5,62.8
日线+周线,SH.603701,德宏股份,MACD绿柱扩大_零上,2026-05-20,25.8,二买,2026-03-06,19.06,34.1,62.8
日线+周线,SZ.002293,罗莱生活,MACD绿柱扩大_零上,2026-05-29,9.94,三买 / MACD绿柱扩大_零上,2026-04-17,9.75,35,62.8
日线+周线,SH.603301,振德医疗,MACD绿柱扩大_零上,2026-05-27,86.17,MACD绿柱扩大_零上,2026-05-29,83.49,33.25,62.6
日线+周线,SZ.002295,精艺股份,MACD绿柱扩大_零上,2026-05-27,10.27,MACD绿柱缩小_零下 / MACD绿柱扩大_零上,2026-05-22,11.13,33.25,62.5
日线+周线,SZ.002644,佛慈制药,背驰买,2026-05-27,7.38,MACD绿柱扩大_零上,2026-04-17,8.43,33.25,62.5
日线+周线,SZ.300681,英搏尔,MACD绿柱扩大_零上,2026-05-27,31.12,背驰买,2026-03-27,20.25,31.5,62.5
日线+周线,SH.600055,万东医疗,一买,2026-05-28,12.45,背驰买,2026-03-27,13.77,28,62.4
日线+周线,SH.603057,紫燕食品,MACD绿柱扩大_零上,2026-05-29,26.66,MACD绿柱扩大_零上,2026-05-29,26.66,31.5,62.4
日线+周线,SZ.300748,金力永磁,MACD绿柱扩大_零上,2026-05-29,31.51,MACD绿柱扩大_零上,2026-04-10,32.46,33.25,62.4
日线+周线,SZ.002826,易明医药,背驰买,2026-05-22,17.55,MACD绿柱扩大_零上,2026-05-29,17.81,28,62.1
日线+周线,SZ.002364,中恒电气,三买,2026-04-30,38.85,二买,2026-04-03,25.53,34.1,62
日线+周线,SZ.300572,安车检测,MACD绿柱扩大_零上,2026-05-29,29.96,MACD绿柱扩大_零上,2026-03-27,27.41,29.75,62
日线+周线,SH.603809,豪能股份,MACD绿柱扩大_零上,2026-05-28,10.55,背驰买 / MACD绿柱缩小_零下,2026-05-15,11.48,30,61.8
日线+周线,SZ.000650,仁和药业,一买,2026-05-28,5.23,MACD绿柱扩大_零上,2026-03-27,5.7,29.75,61.7
日线+周线,SH.600076,康欣新材,MACD绿柱扩大_零上,2026-05-29,3.51,二买 / 三买 / MACD绿柱扩大_零上 / 缺口买:普通,2026-05-15,4.28,34.1,61.6
日线+周线,SH.603836,海程邦达,MACD绿柱扩大_零上,2026-05-28,12.86,MACD绿柱扩大_零上,2026-04-03,12.41,35,61.6
日线+周线,SZ.000825,太钢不锈,MACD绿柱缩小_零下,2026-05-29,3.87,MACD绿柱扩大_零上,2026-05-29,3.87,30,61.6
日线+周线,SZ.301169,零点有数,MACD绿柱扩大_零上,2026-05-29,80.88,二买 / 三买 / MACD绿柱扩大_零上,2026-04-10,56.31,34.1,61.6
日线+周线,SH.600165,ST宁科,MACD绿柱缩小_零下,2026-05-22,3.08,MACD绿柱扩大_零上,2026-05-29,3.03,30,61.5
日线+周线,SZ.002662,峰璟股份,MACD绿柱缩小_零下,2026-05-25,3.72,MACD绿柱扩大_零上,2026-05-29,3.47,30,61.5
日线+周线,SH.688393,安必平,MACD绿柱扩大_零上,2026-05-27,22.18,MACD绿柱缩小_零下,2026-05-22,24.44,30,61.4
日线+周线,SZ.002712,思美传媒,MACD绿柱扩大_零上,2026-05-28,5.15,MACD绿柱缩小_零下 / MACD绿柱扩大_零上,2026-05-15,5.6,33.25,61.4
日线+周线,SH.600463,空港股份,MACD绿柱扩大_零上,2026-05-28,9.62,MACD绿柱缩小_零下 / MACD绿柱扩大_零上,2026-05-22,10.32,31.5,61.3
日线+周线,SZ.300094,国联水产,一买,2026-05-28,2.84,MACD绿柱缩小_零下,2026-05-29,2.93,30,61.3
日线+周线,SH.600118,中国卫星,MACD绿柱扩大_零上,2026-05-25,87.84,三买 / MACD绿柱扩大_零上,2026-04-17,85.93,33.25,61.1
日线+周线,SH.603617,君禾股份,MACD绿柱扩大_零上,2026-05-28,7.32,背驰买,2026-03-27,6.78,31.5,61.1
日线+周线,SH.603766,隆鑫通用,MACD绿柱扩大_零上,2026-05-19,14.05,MACD绿柱扩大_零上,2026-05-29,13.05,31.5,61.1
日线+周线,SH.600658,电子城,MACD绿柱扩大_零上,2026-05-29,4.71,背驰买,2026-04-10,4.42,35,60.9
日线+周线,SZ.301075,多瑞医药,MACD绿柱扩大_零上,2026-05-29,74.59,二买,2026-04-03,60.77,34.1,60.9
日线+周线,SH.601108,财通证券,MACD绿柱扩大_零上,2026-05-26,8.05,MACD绿柱缩小_零下 / MACD绿柱扩大_零上,2026-05-15,8.24,33.25,60.7
日线+周线,SZ.300033,同花顺,MACD绿柱扩大_零上 / 形态:头肩底,2026-05-22,226.87,MACD绿柱扩大_零上,2026-04-10,228.7,35,60.7
日线+周线,SZ.301156,美农生物,MACD绿柱扩大_零上,2026-05-29,13.15,MACD绿柱扩大_零上,2026-04-24,14.562,28,60.6
日线+周线,SH.600826,兰生股份,一买,2026-05-28,8.36,一买 / MACD绿柱扩大_零上,2026-05-29,8.36,33.25,60.5
日线+周线,SZ.000042,中洲控股,MACD绿柱扩大_零上,2026-05-29,9.8,二买 / 三买,2026-03-27,8.39,42.9,60.3
日线+周线,SZ.300357,我武生物,一买,2026-05-28,21.94,MACD绿柱缩小_零下,2026-05-15,24.12,29.4,60.3
日线+周线,SZ.300800,力合科技,MACD绿柱扩大_零上,2026-05-27,11.02,MACD绿柱扩大_零上,2026-04-10,11.812,28,60.3
日线+周线,SZ.301178,天亿马,MACD绿柱扩大_零上,2026-05-27,50.68,背驰买,2026-03-27,43.54,29.75,60.2
日线+周线,SH.600681,百川能源,一买,2026-05-28,3.64,MACD绿柱扩大_零上,2026-05-29,3.74,29.75,60.1
日线+周线,SZ.000985,大庆华科,一买,2026-05-27,16.63,MACD绿柱扩大_零上,2026-05-29,17.08,28,60
日线+周线,SH.600039,四川路桥,MACD绿柱缩小_零下,2026-05-20,8.09,MACD绿柱扩大_零上,2026-05-22,8.1,30,59.9
日线+周线,SH.603007,花王股份,MACD绿柱扩大_零上,2026-05-29,5.96,二买,2026-05-08,5.6,34.1,59.9
日线+周线,SH.603209,兴通股份,一买,2026-05-29,13.39,MACD绿柱扩大_零上,2026-04-17,14.48,29.75,59.9
日线+周线,SZ.301234,五洲医疗,MACD绿柱扩大_零上,2026-05-26,37.51,MACD绿柱扩大_零上,2026-04-03,35.9,35,59.9
日线+周线,SZ.301279,金道科技,MACD绿柱扩大_零上,2026-05-29,22.97,二买 / MACD绿柱扩大_零上,2026-04-10,20.995,35,59.8
日线+周线,SZ.002233,塔牌集团,一买,2026-05-28,7.89,MACD绿柱扩大_零上,2026-05-29,8.34,31.5,59.6
日线+周线,SH.688513,苑东生物,形态:头肩底,2026-04-02,71,MACD绿柱扩大_零上,2026-05-29,53.08,26.25,59.4
日线+周线,SZ.002237,恒邦股份,一买 / MACD绿柱扩大_零上,2026-05-28,13.3,MACD绿柱扩大_零上,2026-05-29,13.46,31.5,59.4
日线+周线,SH.600531,豫光金铅,MACD绿柱扩大_零上,2026-05-22,13.92,二买 / MACD绿柱扩大_零上,2026-05-29,13.23,34.1,59.3
日线+周线,SH.603698,航天工程,MACD绿柱扩大_零上,2026-05-29,32.6,MACD绿柱扩大_零上,2026-04-10,31.895,29.75,59.2
日线+周线,SZ.000505,京粮控股,一买,2026-05-28,5.72,MACD绿柱缩小_零下 / MACD绿柱扩大_零上,2026-05-15,6.64,30,59.2
日线+周线,SZ.002158,汉钟精机,MACD绿柱扩大_零上,2026-05-29,30.25,背驰买 / MACD绿柱扩大_零上,2026-04-10,24.53,31.5,59.2
日线+周线,SZ.300619,金银河,MACD绿柱扩大_零上,2026-05-29,42.38,MACD绿柱扩大_零上,2026-04-10,42.03,35,59.2
日线+周线,SZ.301355,南王科技,MACD绿柱扩大_零上,2026-05-22,12.32,MACD绿柱缩小_零下 / MACD绿柱扩大_零上,2026-05-15,12.52,35,59.2
日线+周线,SH.600184,光电股份,MACD绿柱扩大_零上,2026-05-29,26.88,MACD绿柱扩大_零上 / 缺口买:普通,2026-05-15,28.1,33.25,59.1
日线+周线,SZ.002384,东山精密,MACD绿柱扩大_零上,2026-05-29,213.05,二买,2026-02-06,67.18,42.9,59.1
日线+周线,SH.603110,东方材料,MACD绿柱扩大_零上,2026-05-29,22.12,MACD绿柱扩大_零上,2026-04-10,16.25,35,59
日线+周线,SH.603162,海通发展,MACD绿柱扩大_零上,2026-05-28,11.41,三买 / MACD绿柱扩大_零上,2026-04-10,9.453,32.5,59
日线+周线,SH.600257,大湖股份,一买,2026-05-28,5.26,MACD绿柱扩大_零上,2026-05-29,5.51,29.75,58.9
日线+周线,SH.688161,威高骨科,MACD绿柱缩小_零下,2026-05-29,26.38,MACD绿柱扩大_零上,2026-05-22,26.27,30,58.7
日线+周线,SZ.000802,北京文化,MACD绿柱扩大_零上,2026-05-29,5.07,一买,2026-04-10,3.76,29.75,58.7
日线+周线,SZ.300109,新开源,MACD绿柱扩大_零上,2026-05-26,17.44,MACD绿柱扩大_零上,2026-04-10,18.26,35,58.7
日线+周线,SH.600521,华海药业,MACD绿柱扩大_零上,2026-05-28,16.08,MACD绿柱缩小_零下,2026-04-10,16.19,30,58.6
日线+周线,SZ.002052,同洲电子,MACD绿柱扩大_零上,2026-05-29,9.86,背驰买 / MACD绿柱缩小_零下,2026-05-22,10.81,30,58.6
日线+周线,SH.600315,上海家化,MACD绿柱缩小_零下,2026-05-29,18.69,MACD绿柱缩小_零下,2026-05-08,20.35,30,58.4
日线+周线,SZ.300268,*ST佳沃,MACD绿柱扩大_零上,2026-05-26,12.99,MACD绿柱扩大_零上,2026-05-29,12.68,31.5,58.4
日线+周线,SZ.300364,中文在线,MACD绿柱扩大_零上,2026-05-22,26.08,MACD绿柱扩大_零上,2026-04-10,27.78,29.75,58.4
日线+周线,SZ.300467,迅游科技,MACD绿柱扩大_零上,2026-05-29,34.06,二买 / 三买 / MACD绿柱扩大_零上,2026-04-10,29.54,42.9,58.4
日线+周线,SZ.000768,中航西飞,一买,2026-05-26,21.36,MACD绿柱扩大_零上,2026-04-24,23.78,28,58.3
日线+周线,SZ.300973,立高食品,一买 / MACD绿柱缩小_零下,2026-05-27,26.22,一买,2026-05-29,26.22,30,58.3
日线+周线,SZ.300998,宁波方正,三买 / MACD绿柱扩大_零上,2026-05-22,27.922,二买,2026-03-27,21.042,34.1,58.3
日线+周线,SZ.002124,天邦食品,MACD绿柱扩大_零上,2026-05-29,2.57,一买,2026-03-27,2.24,33.25,58.2
日线+周线,SZ.301071,力量钻石,二买 / 形态:头肩底,2026-04-03,37.909,二买,2026-04-03,37.909,34.1,58.2
日线+周线,SH.688399,硕世生物,MACD绿柱扩大_零上,2026-05-28,55.33,MACD绿柱缩小_零下,2026-05-22,58.89,35,58.1
日线+周线,SZ.002913,奥士康,MACD绿柱扩大_零上,2026-05-21,52.53,三买,2025-11-21,32.55,32.5,58.1
日线+周线,SZ.300772,运达股份,一买 / 背驰买,2026-05-26,15,MACD绿柱扩大_零上,2026-05-08,17,35,58
日线+周线,SZ.301335,天元宠物,一买,2026-05-28,21.92,一买 / MACD绿柱缩小_零下,2026-05-29,21.92,30,58
日线+周线,SZ.001268,联合精密,MACD绿柱扩大_零上,2026-05-29,40.55,MACD绿柱扩大_零上,2026-04-10,29.48,35,57.9
日线+周线,SH.600383,金地集团,MACD绿柱扩大_零上,2026-05-22,2.69,背驰买,2026-04-10,2.58,28,57.8
日线+周线,SZ.002963,豪尔赛,MACD绿柱扩大_零上,2026-05-29,16.74,三买 / MACD绿柱扩大_零上,2026-04-10,14.38,32.5,57.8
日线+周线,SZ.001314,亿道信息,三买 / 趋势买 / 200日新高突破,2026-06-01,64.46,背驰买,2026-04-03,38.32,57.517,57.517
日线+周线,SH.603215,比依股份,MACD绿柱缩小_零下,2026-05-22,17.5,MACD绿柱扩大_零上,2026-03-27,19.71,30,57.4
日线+周线,SZ.001316,润贝航科,MACD绿柱扩大_零上,2026-05-29,36.71,MACD绿柱扩大_零上 / 缺口买:普通,2026-05-08,43.046,29.75,57.4
日线+周线,SH.600236,桂冠电力,MACD绿柱扩大_零上,2026-05-26,10.68,二买 / 三买,2025-12-12,6.71,42.9,57.3
日线+周线,SH.600566,济川药业,MACD绿柱扩大_零上,2026-05-29,27.53,MACD绿柱扩大_零上,2026-04-17,24.9,28,57.3
日线+周线,SH.600583,海油工程,MACD绿柱缩小_零下,2026-05-20,6.21,MACD绿柱扩大_零上,2026-05-29,5.61,30,57.3
日线+周线,SH.601208,东材科技,三买,2026-04-24,33.65,二买,2026-03-27,27.4,42.9,57.2
日线+周线,SZ.300598,诚迈科技,一买,2026-05-29,31.51,MACD绿柱缩小_零下,2026-05-22,37.1,30,57.2
日线+周线,SZ.300324,旋极信息,MACD绿柱扩大_零上,2026-05-27,4.59,MACD绿柱缩小_零下 / MACD绿柱扩大_零上,2026-05-29,4.49,30,57.1
日线+周线,SZ.000001,平安银行,MACD绿柱扩大_零上,2026-05-20,10.77,MACD绿柱缩小_零下,2026-04-10,11.09,33.25,57
日线+周线,SZ.300870,欧陆通,MACD绿柱扩大_零上,2026-05-29,275,二买,2025-11-21,122.044,42.9,57
日线+周线,SH.603085,天成自控,MACD绿柱扩大_零上,2026-05-29,13.37,MACD绿柱扩大_零上,2026-04-10,11.1,29.75,56.9
日线+周线,SH.688719,爱科赛博,MACD绿柱扩大_零上,2026-05-29,76.12,MACD绿柱扩大_零上,2026-03-27,43.37,33.25,56.9
日线+周线,SZ.002774,快意电梯,MACD绿柱扩大_零上,2026-05-29,11.47,MACD绿柱扩大_零上,2026-04-10,10.51,29.75,56.9
日线+周线,SZ.300050,世纪鼎利,MACD绿柱扩大_零上,2026-05-28,7.38,二买,2025-12-19,5.22,34.1,56.8
日线+周线,SZ.300507,苏奥传感,MACD绿柱扩大_零上,2026-05-29,7.83,MACD绿柱缩小_零下 / MACD绿柱扩大_零上,2026-05-22,8.88,30,56.8
日线+周线,SZ.301079,邵阳液压,MACD绿柱扩大_零上,2026-05-22,40.19,二买 / 三买,2026-03-27,34.35,34.1,56.8
日线+周线,SZ.300420,五洋自控,200日新高突破,2026-06-01,5.02,MACD绿柱扩大_零上,2026-04-10,3.62,56.668,56.668
日线+周线,SH.600403,大有能源,一买,2026-05-27,4.9,MACD绿柱扩大_零上,2026-04-17,5.67,28,56.6
日线+周线,SZ.300303,聚飞光电,MACD绿柱扩大_零上,2026-05-29,8.74,二买 / 三买 / 形态:头肩底,2026-04-03,8.461,34.1,56.6
日线+周线,SH.600563,法拉电子,背驰买,2026-04-29,112.78,二买,2026-04-30,112.78,34.1,56.5
日线+周线,SH.688620,安凯微,MACD绿柱扩大_零上,2026-05-29,12.35,二买,2026-03-27,10,34.1,56.5
日线+周线,SZ.003027,同兴科技,MACD绿柱扩大_零上,2026-05-28,22.604,二买 / MACD绿柱扩大_零上,2026-04-10,21.674,34.1,56.5
日线+周线,SZ.300557,理工光科,MACD绿柱扩大_零上,2026-05-29,33.58,二买 / 三买 / MACD绿柱扩大_零上,2026-04-10,34.78,34.1,56.5
日线+周线,SZ.300715,凯伦股份,二买,2026-03-24,12.51,二买 / 三买,2025-12-19,10.16,34.1,56.5
日线+周线,SH.605116,奥锐特,MACD绿柱缩小_零下,2026-05-25,20.98,MACD绿柱扩大_零上,2026-05-29,19.83,30,56.4
日线+周线,SZ.301181,标榜股份,MACD绿柱扩大_零上,2026-05-28,31.13,MACD绿柱扩大_零上,2026-04-03,29.092,31.5,56.3
日线+周线,SH.605005,合兴股份,MACD绿柱缩小_零下,2026-05-21,18.62,MACD绿柱扩大_零上,2026-05-22,18.6,30,56.1
日线+周线,SH.688157,松井股份,MACD绿柱缩小_零下,2026-05-20,34.7,MACD绿柱扩大_零上,2026-05-29,27.88,30,56.1
日线+周线,SZ.300824,北鼎股份,一买,2026-05-28,8.34,MACD绿柱缩小_零下,2026-05-15,9.5,30,56
日线+周线,SZ.002060,广东建工,一买,2026-05-28,3.41,MACD绿柱扩大_零上,2026-05-29,3.55,35,55.9
日线+周线,SZ.001219,青岛食品,MACD绿柱扩大_零上,2026-05-19,14.2,MACD绿柱扩大_零上,2026-04-10,14.65,33.25,55.8
日线+周线,SZ.300030,阳普医疗,MACD绿柱扩大_零上,2026-05-26,7.25,MACD绿柱扩大_零上,2026-04-24,7.98,31.5,55.8
日线+周线,SZ.300949,奥雅股份,MACD绿柱扩大_零上,2026-05-29,24.41,MACD绿柱扩大_零上,2026-04-10,26.138,28,55.8
日线+周线,SZ.002698,博实股份,MACD绿柱扩大_零上,2026-05-27,13.19,MACD绿柱缩小_零下,2026-05-22,14.23,30,55.7
日线+周线,SZ.300455,航天智装,MACD绿柱扩大_零上,2026-05-27,23.15,三买 / MACD绿柱扩大_零上,2026-05-29,21.7,32.5,55.7
日线+周线,SH.603706,东方环宇,MACD绿柱扩大_零上,2026-05-29,22.28,MACD绿柱扩大_零上,2026-04-10,19.28,28,55.6
日线+周线,SZ.002016,世荣兆业,MACD绿柱缩小_零下,2026-05-29,4.75,MACD绿柱扩大_零上,2026-04-03,5.57,30,55.6
日线+周线,SH.603333,尚纬股份,MACD绿柱扩大_零上,2026-05-29,8.71,MACD绿柱扩大_零上,2026-04-17,7.76,29.75,55.5
日线+周线,SZ.301115,联检科技,背驰买,2026-04-28,18.84,三买,2026-04-30,18.84,32.5,55.5
日线+周线,SZ.003020,立方制药,一买,2026-05-28,16,MACD绿柱缩小_零下,2026-05-08,19.092,30,55.4
日线+周线,SZ.300540,蜀道装备,MACD绿柱扩大_零上,2026-05-29,25.86,MACD绿柱扩大_零上,2026-04-10,20.07,28,55.2
日线+周线,SH.600100,同方股份,MACD绿柱扩大_零上,2026-05-28,8.18,MACD绿柱扩大_零上,2026-04-17,8.33,33.25,55.1
日线+周线,SZ.300752,隆利科技,MACD绿柱扩大_零上,2026-05-22,19.72,背驰买,2026-04-03,15.56,29.75,55.1
日线+周线,SH.603226,菲林格尔,二买,2026-04-29,37.15,二买 / 三买,2026-02-13,27.33,42.9,55
日线+周线,SH.688375,国博电子,MACD绿柱扩大_零上,2026-05-21,106,MACD绿柱扩大_零上,2026-05-29,91,31.5,55
日线+周线,SZ.000758,中色股份,MACD绿柱扩大_零上,2026-05-22,7.1,二买 / MACD绿柱扩大_零上,2026-04-17,6.95,34.1,55
日线+周线,SZ.300368,汇金股份,MACD绿柱扩大_零上,2026-05-27,10.17,MACD绿柱缩小_零下,2026-05-15,11.68,30,54.9
日线+周线,SZ.002376,新北洋,MACD绿柱扩大_零上,2026-05-20,6.824,MACD绿柱缩小_零下 / MACD绿柱扩大_零上,2026-05-15,6.854,31.5,54.8
日线+周线,SH.688562,航天软件,一买,2026-05-28,16.88,MACD绿柱扩大_零上,2026-04-10,18.83,35,54.7
日线+周线,SZ.300095,华伍股份,MACD绿柱扩大_零上,2026-05-29,9.14,MACD绿柱扩大_零上,2026-04-10,9.79,35,54.7
日线+周线,SH.603336,宏辉果蔬,MACD绿柱扩大_零上,2026-05-29,9.79,MACD绿柱扩大_零上,2026-04-10,9.17,31.5,54.5
日线+周线,SH.605337,李子园,一买,2026-05-27,9.47,一买 / MACD绿柱缩小_零下,2026-05-29,9.47,30,54.5
日线+周线,SH.600864,哈投股份,MACD绿柱缩小_零下,2026-05-29,5.59,MACD绿柱缩小_零下,2026-03-27,6.91,30,54.4
日线+周线,SH.688076,ST诺泰,MACD绿柱扩大_零上,2026-05-29,29.84,背驰买,2026-03-27,28.18,31.5,54.4
日线+周线,SZ.001313,粤海饲料,MACD绿柱扩大_零上,2026-05-29,8.37,背驰买,2026-03-27,6.43,31.5,54.4
日线+周线,SZ.300792,壹网壹创,一买,2026-05-28,30.41,二买 / MACD绿柱扩大_零上,2026-04-17,35.56,34.1,54.4
日线+周线,SZ.002009,天奇股份,MACD绿柱扩大_零上,2026-05-28,22.7,MACD绿柱扩大_零上,2026-05-08,26.96,33.25,54.3
日线+周线,SZ.002259,升达林业,MACD绿柱扩大_零上,2026-05-25,5.35,MACD绿柱扩大_零上,2026-05-29,4.77,31.5,54.3
日线+周线,SZ.002637,赞宇科技,一买,2026-05-22,10.01,MACD绿柱扩大_零上,2026-04-24,12.27,28,54.3
日线+周线,SZ.002881,美格智能,二买,2026-05-18,40.31,背驰买,2026-04-10,35.62,42.9,54.3
日线+周线,SZ.002565,顺灏股份,MACD绿柱扩大_零上,2026-05-22,16.6,MACD绿柱扩大_零上,2026-04-10,16.66,35,54.2
日线+周线,SH.603638,艾迪精密,MACD绿柱扩大_零上,2026-05-29,21.89,MACD绿柱扩大_零上,2026-04-10,20.52,28,54.1
日线+周线,SH.603888,新华网,一买,2026-05-28,18.12,MACD绿柱扩大_零上,2026-05-29,18.26,28,54.1
日线+周线,SZ.000709,河钢股份,背驰买,2026-05-22,2.18,MACD绿柱扩大_零上,2026-04-30,2.33,31.5,54
日线+周线,SZ.300450,先导智能,MACD绿柱缩小_零下 / MACD绿柱扩大_零上,2026-05-29,50.81,MACD绿柱扩大_零上,2026-05-29,50.81,30,54
日线+周线,SH.603903,中持股份,MACD绿柱扩大_零上,2026-05-29,10.97,二买 / 三买 / MACD绿柱扩大_零上,2026-03-27,10.6,42.9,53.8
日线+周线,SH.688230,芯导科技,MACD绿柱扩大_零上,2026-05-29,68.04,背驰买 / MACD绿柱扩大_零上,2026-04-10,63.86,35,53.8
日线+周线,SZ.301631,壹连科技,MACD绿柱扩大_零上,2026-05-29,124.49,MACD绿柱扩大_零上,2026-04-10,88.4,33.25,53.7
日线+周线,SH.600235,民丰特纸,MACD绿柱扩大_零上,2026-05-21,6.36,MACD绿柱扩大_零上,2026-05-29,5.98,26.25,53.6
日线+周线,SH.603038,华立股份,MACD绿柱扩大_零上,2026-05-29,15.32,二买 / MACD绿柱缩小_零下 / MACD绿柱扩大_零上,2026-05-15,16.05,34.1,53.6
日线+周线,SH.600107,ST尔雅,MACD绿柱扩大_零上,2026-05-29,6.12,MACD绿柱缩小_零下 / MACD绿柱扩大_零上,2026-05-08,6.8,30,53.2
日线+周线,SH.603817,海峡环保,一买,2026-05-27,6.18,MACD绿柱扩大_零上,2026-05-29,6.23,28,53.2
日线+周线,SZ.001328,登康口腔,一买,2026-05-26,28.58,MACD绿柱缩小_零下,2026-05-29,30.96,30,53.2
日线+周线,SH.603682,锦和商管,MACD绿柱扩大_零上,2026-05-27,8.28,二买 / MACD绿柱扩大_零上,2026-04-10,6.31,34.1,53.1
日线+周线,SZ.002988,豪美新材,MACD绿柱扩大_零上,2026-05-18,31.6,背驰买 / MACD绿柱缩小_零下,2026-05-22,33.18,31.5,53.1
日线+周线,SZ.300200,高盟新材,MACD绿柱扩大_零上,2026-05-29,9.24,二买 / MACD绿柱缩小_零下 / MACD绿柱扩大_零上,2026-05-22,10.53,34.1,53.1
日线+周线,SH.603259,药明康德,MACD绿柱扩大_零上,2026-05-20,101.521,MACD绿柱扩大_零上,2026-03-27,95.421,31.5,52.9
日线+周线,SH.605599,菜百股份,MACD绿柱缩小_零下,2026-05-28,15.85,MACD绿柱扩大_零上,2026-05-29,16.01,30,52.9
日线+周线,SZ.002262,恩华药业,一买,2026-05-27,19.65,MACD绿柱缩小_零下,2026-05-08,21.49,30,52.9
日线+周线,SZ.300454,深信服,MACD绿柱扩大_零上,2026-05-29,106.94,MACD绿柱扩大_零上,2026-04-10,105.49,35,52.9
日线+周线,SZ.000978,桂林旅游,MACD绿柱缩小_零下 / 形态:头肩底,2026-05-22,6.34,MACD绿柱扩大_零上,2026-05-29,6.65,31.5,52.8
日线+周线,SZ.301359,东南电子,MACD绿柱扩大_零上,2026-05-29,20.52,二买 / 三买,2025-12-19,17.91,42.9,52.8
日线+周线,SH.603456,九洲药业,MACD绿柱缩小_零下,2026-05-21,13.06,MACD绿柱扩大_零上,2026-03-27,16.59,35,52.7
日线+周线,SZ.000788,北大医药,MACD绿柱缩小_零下,2026-05-29,5.38,MACD绿柱扩大_零上,2026-03-27,5.91,30,52.7
日线+周线,SZ.300442,润泽科技,MACD绿柱扩大_零上,2026-05-29,83.87,二买 / 三买,2026-04-10,78.5,42.9,52.7
日线+周线,SH.601696,中银证券,一买,2026-05-28,11.27,背驰买 / MACD绿柱缩小_零下 / MACD绿柱扩大_零上,2026-05-22,11.71,33.25,52.6
日线+周线,SH.603661,恒林股份,缺口买:普通,2026-05-26,37.47,MACD绿柱扩大_零上,2026-05-08,30.14,28,52.6
日线+周线,SZ.300489,光智科技,三买 / 缺口买:普通,2026-05-29,148.24,二买,2026-03-27,40,40,52.6
日线+周线,SZ.300142,沃森生物,MACD绿柱扩大_零上,2026-05-29,12.87,二买,2026-03-06,11.25,34.1,52.5
日线+周线,SZ.300841,康华生物,一买,2026-05-28,46,MACD绿柱缩小_零下,2026-05-22,51,29.1,52.5
日线+周线,SH.601882,海天精工,MACD绿柱扩大_零上,2026-05-29,21.64,MACD绿柱扩大_零上,2026-04-24,18.8,29.75,52.3
日线+周线,SZ.002289,*ST宇顺,趋势买 / MACD绿柱扩大_零上,2026-05-28,40.9,缺口买:持续,2026-05-08,42.33,33.25,52.3
日线+周线,SZ.300407,凯发电气,MACD绿柱扩大_零上,2026-05-29,12.39,MACD绿柱扩大_零上,2026-05-29,12.39,28,52.3
日线+周线,SH.688113,联测科技,MACD绿柱扩大_零上,2026-05-29,39.18,MACD绿柱扩大_零上,2026-04-10,38.81,29.75,52.2
日线+周线,SZ.002490,山东墨龙,一买,2026-05-27,7.64,MACD绿柱扩大_零上,2026-05-29,7.79,28,52.1
日线+周线,SH.600346,恒力石化,一买,2026-05-28,17.1,MACD绿柱扩大_零上,2026-05-22,18.53,28,51.9
日线+周线,SH.688227,品高股份,MACD绿柱扩大_零上,2026-05-22,90.05,MACD绿柱扩大_零上,2026-04-10,62.18,29.75,51.9
日线+周线,SZ.002811,郑中设计,一买,2026-05-29,11.46,MACD绿柱扩大_零上,2026-04-10,13.553,31.5,51.8
日线+周线,SH.603095,越剑智能,MACD绿柱扩大_零上,2026-05-29,19.91,MACD绿柱扩大_零上,2026-04-24,17.32,35,51.7
日线+周线,SH.688045,必易微,MACD绿柱扩大_零上,2026-05-29,63.86,二买 / MACD绿柱扩大_零上,2026-04-10,46.426,34.1,51.7
日线+周线,SZ.000638,*ST万方,缺口买:衰竭,2026-04-10,0.94,缺口买:衰竭,2026-04-13,0.89,16.25,51.7
日线+周线,SZ.000812,陕西金叶,一买,2026-05-28,3.66,MACD绿柱缩小_零下,2026-05-15,3.88,30,51.7
日线+周线,SZ.002062,宏润建设,MACD绿柱扩大_零上,2026-05-29,8.15,MACD绿柱扩大_零上,2026-04-10,7.213,29.75,51.7
日线+周线,SZ.000062,深圳华强,MACD绿柱扩大_零上,2026-05-29,29.14,背驰买,2026-03-13,22.62,26.25,51.6
日线+周线,SZ.002307,北新路桥,一买,2026-05-28,3.82,MACD绿柱扩大_零上,2026-04-30,4.32,35,51.6
日线+周线,SZ.301006,迈拓股份,MACD绿柱扩大_零上,2026-05-22,17.26,MACD绿柱扩大_零上,2026-05-29,15.24,28,51.5
日线+周线,SH.600769,祥龙电业,MACD绿柱扩大_零上,2026-05-29,15.05,二买 / 三买,2025-12-19,11.63,34.1,51.4
日线+周线,SZ.002728,特一药业,一买,2026-05-27,8.55,MACD绿柱扩大_零上,2026-05-22,9.02,28,51.4
日线+周线,SZ.002865,钧达股份,MACD绿柱扩大_零上,2026-05-28,84.09,二买 / 三买 / MACD绿柱扩大_零上,2026-04-30,80.65,34.1,51.4
日线+周线,SH.601388,怡球资源,MACD绿柱缩小_零下 / MACD绿柱扩大_零上,2026-05-29,3.46,MACD绿柱扩大_零上,2026-05-29,3.46,35,51.3
日线+周线,SH.600718,东软集团,一买,2026-05-28,8.09,MACD绿柱缩小_零下,2026-05-22,8.61,30,51.1
日线+周线,SZ.000678,襄阳轴承,MACD绿柱扩大_零上,2026-05-28,11.85,背驰买,2026-03-27,11.22,29.75,51.1
日线+周线,SZ.300601,康泰生物,MACD绿柱扩大_零上,2026-05-22,13.4,MACD绿柱缩小_零下,2026-04-30,14.1,30,51.1
日线+周线,SH.600475,华光环能,一买,2026-05-28,15.23,二买 / MACD绿柱扩大_零上,2026-04-17,17.81,34.1,50.9
日线+周线,SH.603367,辰欣药业,一买,2026-05-28,13.6,MACD绿柱缩小_零下,2026-05-08,15.67,30,50.9
日线+周线,SZ.300281,金明精机,MACD绿柱扩大_零上,2026-05-29,7.3,MACD绿柱扩大_零上,2026-03-27,6.75,28,50.9
日线+周线,SH.688668,鼎通科技,三买,2026-05-07,209.59,二买,2026-04-03,123.71,42.9,50.8
日线+周线,SH.688095,福昕软件,MACD绿柱扩大_零上,2026-05-29,70.49,MACD绿柱缩小_零下 / MACD绿柱扩大_零上,2026-05-22,77.4,31.5,50.7
日线+周线,SH.688380,中微半导,MACD绿柱扩大_零上,2026-05-29,46,二买 / MACD绿柱扩大_零上,2026-04-24,45.611,34.1,50.6
日线+周线,SZ.300223,北京君正,缺口买:普通,2026-05-27,160.01,三买 / MACD绿柱扩大_零上,2026-04-17,116.64,32.5,50.6
日线+周线,SH.600854,春兰股份,MACD绿柱扩大_零上,2026-05-28,5.01,MACD绿柱扩大_零上,2026-04-10,5.13,31.5,50.5
日线+周线,SH.688172,燕东微,二买,2026-04-17,38.28,MACD绿柱扩大_零上,2026-04-24,41.66,34.1,50.5
日线+周线,SZ.301025,读客文化,MACD绿柱扩大_零上,2026-05-22,10.43,MACD绿柱扩大_零上,2026-05-29,9.5,31.5,50.5
日线+周线,SZ.301378,通达海,MACD绿柱扩大_零上,2026-05-28,30.37,MACD绿柱扩大_零上,2026-04-17,32.16,31.5,50.5
日线+周线,SH.603237,五芳斋,MACD绿柱缩小_零下 / 形态:头肩底,2026-05-29,16.13,一买,2026-05-22,15.44,30,50.4
日线+周线,SH.601866,中远海发,一买,2026-05-28,2.5,MACD绿柱扩大_零上,2026-05-29,2.52,28,50.3
日线+周线,SZ.002755,奥赛康,MACD绿柱扩大_零上,2026-05-29,14.56,背驰买,2026-03-06,14.14,26.25,50.3
日线+周线,SH.600745,闻泰科技,缺口买:普通,2026-06-01,21.7,缺口买:普通 / 缺口买:衰竭,2026-06-01,21.7,16.25,50.2
日线+周线,SH.601828,美凯龙,MACD绿柱扩大_零上,2026-05-29,2.44,一买,2026-04-10,2.3,29.75,50.1
日线+周线,SH.603738,泰晶科技,MACD绿柱扩大_零上,2026-05-29,43.42,缺口买:普通,2026-05-15,55.58,28,50
日线+周线,SZ.300173,ST福能,一买,2026-05-27,3.58,一买,2026-05-29,3.58,28,49.9
日线+周线,SH.600267,海正药业,MACD绿柱扩大_零上,2026-05-27,10.29,一买,2026-03-27,9.41,35,49.8
日线+周线,SH.603025,大豪科技,MACD绿柱扩大_零上,2026-05-29,15.47,MACD绿柱扩大_零上,2026-04-10,13.66,31.5,49.8
日线+周线,SZ.002597,金禾实业,背驰买,2026-05-25,19.92,MACD绿柱扩大_零上,2026-05-08,23.402,29.75,49.8
日线+周线,SH.688600,皖仪科技,MACD绿柱扩大_零上,2026-05-26,26.17,MACD绿柱扩大_零上,2026-04-10,24.99,29.75,49.5
日线+周线,SZ.002658,雪迪龙,MACD绿柱扩大_零上,2026-05-29,7.68,二买 / MACD绿柱扩大_零上,2026-04-24,8.75,34.1,49.5
日线+周线,SZ.002724,海洋王,MACD绿柱缩小_零下,2026-05-28,5.63,MACD绿柱扩大_零上,2026-04-17,7.04,30,49.5
日线+周线,SZ.002900,哈三联,一买,2026-05-27,10,MACD绿柱缩小_零下,2026-04-10,12.16,30,49.5
日线+周线,SH.600320,振华重工,MACD绿柱扩大_零上,2026-05-22,4.86,MACD绿柱扩大_零上,2026-05-29,4.8,33.25,49.4
日线+周线,SH.688337,普源精电,三买,2026-05-13,57.5,二买,2025-12-05,35.75,40,49.4
日线+周线,SZ.002805,丰元股份,趋势买 / MACD绿柱扩大_零上,2026-05-29,21.55,二买 / 三买,2026-02-06,15.66,35,49.4
日线+周线,SZ.301509,金凯生科,MACD绿柱缩小_零下,2026-05-25,31.1,MACD绿柱扩大_零上,2026-05-22,32.47,30,49.4
日线+周线,SZ.002375,亚厦股份,MACD绿柱扩大_零上,2026-05-29,4.13,MACD绿柱扩大_零上,2026-04-17,3.98,31.5,49.3
日线+周线,SZ.300865,大宏立,MACD绿柱扩大_零上,2026-05-29,27.26,背驰买,2026-03-27,23.93,31.5,49.3
日线+周线,SH.688203,海正生材,MACD绿柱扩大_零上,2026-05-29,12.17,MACD绿柱扩大_零上,2026-04-03,11.59,28,49.2
日线+周线,SZ.300826,测绘股份,MACD绿柱扩大_零上,2026-05-22,16.48,背驰买,2026-03-27,15.31,31.5,49.2
日线+周线,SH.603256,宏和科技,二买 / MACD绿柱扩大_零上,2026-05-21,144.88,二买 / 缺口买:持续,2026-05-29,202.15,42.9,49
日线+周线,SH.603208,江山欧派,MACD绿柱扩大_零上,2026-05-27,12.65,MACD绿柱缩小_零下,2026-05-15,13.99,30,48.9
日线+周线,SZ.301052,果麦文化,一买,2026-05-28,27.22,MACD绿柱缩小_零下,2026-05-08,33.88,30,48.9
日线+周线,SH.600234,科新发展,MACD绿柱扩大_零上,2026-05-29,26.12,二买,2025-03-07,5.18,34.1,48.8
日线+周线,SH.600520,三佳科技,缺口买:普通,2026-05-26,36.82,背驰买,2026-04-10,22.6,21,48.8
日线+周线,SZ.000401,金隅冀东,MACD绿柱缩小_零下,2026-05-28,3.85,MACD绿柱扩大_零上,2026-04-30,4.18,30,48.8
日线+周线,SZ.000408,藏格矿业,MACD绿柱扩大_零上,2026-05-22,80.96,MACD绿柱扩大_零上,2026-05-29,77.18,35,48.8
日线+周线,SZ.301007,德迈仕,MACD绿柱扩大_零上,2026-05-29,34.56,背驰买 / MACD绿柱缩小_零下 / MACD绿柱扩大_零上,2026-05-08,37.65,31.5,48.8
日线+周线,SH.600562,国睿科技,MACD绿柱缩小_零下 / MACD绿柱扩大_零上,2026-05-29,23.88,MACD绿柱扩大_零上,2026-04-03,23.84,30,48.7
日线+周线,SH.601512,中新集团,MACD绿柱扩大_零上,2026-05-25,8.9,MACD绿柱扩大_零上,2026-04-10,8.84,35,48.7
日线+周线,SZ.300853,申昊科技,200日新高突破 / MACD绿柱扩大_零上,2026-06-01,38.1,背驰买,2026-04-03,17.5,48.651,48.651
日线+周线,SH.688310,迈得医疗,MACD绿柱扩大_零上,2026-05-22,16.55,二买,2026-03-27,14.22,34.1,48.6
日线+周线,SZ.300897,山科智能,MACD绿柱扩大_零上,2026-05-29,17.39,二买 / 三买 / MACD绿柱扩大_零上,2026-04-10,17.885,34.1,48.6
日线+周线,SZ.300363,博腾股份,MACD绿柱缩小_零下,2026-05-29,14.74,MACD绿柱缩小_零下 / MACD绿柱扩大_零上,2026-05-08,20.44,30,48.5
日线+周线,SZ.300571,平治信息,MACD绿柱扩大_零上,2026-05-29,46.87,缺口买:持续,2026-05-08,58,24.5,48.3
日线+周线,SZ.001201,东瑞股份,一买,2026-05-28,11.58,MACD绿柱缩小_零下,2026-05-22,12.3,30,48.1
日线+周线,SZ.002888,惠威科技,MACD绿柱扩大_零上,2026-05-29,18.31,MACD绿柱扩大_零上,2026-04-10,18.52,28,48.1
日线+周线,SZ.301611,珂玛科技,MACD绿柱扩大_零上,2026-05-29,92.54,二买 / 三买 / MACD绿柱扩大_零上 / 形态:头肩底,2026-04-17,103,42.9,48.1
日线+周线,SH.600571,信雅达,一买,2026-05-27,11.43,MACD绿柱缩小_零下,2026-05-15,12.87,30,48
日线+周线,SZ.000900,现代投资,形态:头肩底,2026-03-17,4.21,一买,2026-05-29,3.68,28,48
日线+周线,SZ.002022,科华生物,MACD绿柱扩大_零上,2026-05-21,5.59,MACD绿柱缩小_零下,2026-04-30,5.97,30,47.9
日线+周线,SH.600739,辽宁成大,MACD绿柱扩大_零上,2026-05-20,11.25,MACD绿柱缩小_零下 / MACD绿柱扩大_零上,2026-05-08,11.96,30,47.8
日线+周线,SZ.301598,博科测试,MACD绿柱扩大_零上,2026-05-29,58.02,MACD绿柱扩大_零上,2026-04-03,56.44,28,47.8
日线+周线,SZ.300690,双一科技,一买,2026-05-27,25.07,MACD绿柱扩大_零上,2026-05-08,30.01,28,47.6
日线+周线,SH.603087,甘李药业,MACD绿柱缩小_零下,2026-05-29,52.28,MACD绿柱扩大_零上,2026-03-27,60.72,35,47.5
日线+周线,SZ.002157,正邦科技,MACD绿柱扩大_零上,2026-05-29,3.1,MACD绿柱扩大_零上,2026-04-10,3.07,29.75,47.5
日线+周线,SZ.002397,梦洁股份,MACD绿柱扩大_零上,2026-05-28,4.95,MACD绿柱扩大_零上,2026-04-10,3.95,31.5,47.5
日线+周线,SH.601118,海南橡胶,MACD绿柱扩大_零上,2026-05-25,6.19,MACD绿柱扩大_零上,2026-05-29,6.38,22.75,47.2
日线+周线,SZ.300575,中旗股份,MACD绿柱扩大_零上,2026-05-29,6.01,背驰买,2026-03-27,5.59,29.75,47.2
日线+周线,SH.600633,浙数文化,MACD绿柱扩大_零上,2026-05-26,12.73,MACD绿柱扩大_零上,2026-04-03,12.08,31.5,47.1
日线+周线,SH.600966,博汇纸业,背驰买,2026-05-22,5.77,MACD绿柱扩大_零上,2026-05-29,5.91,28,46.9
日线+周线,SZ.000581,威孚高科,背驰买,2026-04-20,18.66,MACD绿柱扩大_零上,2026-05-08,19.99,31.5,46.9
日线+周线,SZ.002430,杭氧股份,MACD绿柱扩大_零上,2026-05-21,27.32,MACD绿柱扩大_零上,2026-05-29,24.84,29.75,46.9
日线+周线,SH.600959,江苏有线,一买,2026-05-28,3.49,MACD绿柱扩大_零上,2026-05-29,3.53,28,46.6
日线+周线,SZ.002244,滨江集团,MACD绿柱扩大_零上,2026-05-29,10.38,MACD绿柱扩大_零上,2026-04-10,9.99,28,46.5
日线+周线,SH.688132,邦彦技术,MACD绿柱扩大_零上,2026-05-27,16.02,MACD绿柱缩小_零下,2026-05-22,17.39,30,46.4
日线+周线,SH.603000,人民网,一买,2026-05-28,17.2,MACD绿柱扩大_零上,2026-04-10,19.73,29.75,46.3
日线+周线,SH.688069,德林海,MACD绿柱扩大_零上,2026-05-29,59.02,二买,2025-12-19,20.63,34.1,46.3
日线+周线,SZ.000718,苏宁环球,一买,2026-05-27,1.91,MACD绿柱缩小_零下,2026-05-08,2.16,30,46.3
日线+周线,SZ.002493,荣盛石化,MACD绿柱扩大_零上,2026-05-21,11.52,MACD绿柱扩大_零上,2026-05-29,11.26,24.5,46.3
日线+周线,SZ.300302,同有科技,趋势买,2026-05-26,44.61,背驰买,2026-03-06,17.18,26.25,46.3
日线+周线,SH.603648,畅联股份,MACD绿柱扩大_零上,2026-05-21,9.63,MACD绿柱缩小_零下,2026-05-15,10.06,30,46.1
日线+周线,SH.600753,*ST海钦,MACD绿柱扩大_零上,2026-05-29,13.15,二买,2025-10-17,6.68,34.1,46
日线+周线,SH.688099,晶晨股份,MACD绿柱扩大_零上,2026-05-29,105.9,二买 / 三买 / MACD绿柱扩大_零上,2026-04-10,81.98,34.1,45.9
日线+周线,SZ.002315,焦点科技,一买,2026-05-28,26.33,MACD绿柱缩小_零下 / MACD绿柱扩大_零上,2026-05-22,29.16,30,45.9
日线+周线,SH.688257,新锐股份,二买,2026-04-27,72.25,二买 / 三买,2025-06-27,13.49,42.9,45.8
日线+周线,SH.600696,*ST岩石,缺口买:普通 / 缺口买:衰竭,2026-04-29,1.31,缺口买:衰竭,2026-04-10,1.26,16.25,45.6
日线+周线,SZ.002389,航天彩虹,一买,2026-05-28,19.35,二买 / MACD绿柱扩大_零上,2026-04-24,21.39,34.1,45.6
日线+周线,SZ.001298,好上好,MACD绿柱扩大_零上,2026-05-29,21.35,MACD绿柱扩大_零上,2026-04-10,20.241,29.75,45.5
日线+周线,SZ.300756,金马游乐,MACD绿柱扩大_零上,2026-05-22,35.486,MACD绿柱扩大_零上,2026-03-27,29.114,35,45.5
日线+周线,SH.688472,阿特斯,MACD绿柱扩大_零上,2026-05-29,13.25,MACD绿柱扩大_零上,2026-04-17,13.21,29.75,45.4
日线+周线,SZ.000597,东北制药,一买,2026-05-28,4.55,MACD绿柱缩小_零下,2026-04-03,5.32,30,45.4
日线+周线,SH.603317,天味食品,MACD绿柱扩大_零上,2026-05-29,14.81,MACD绿柱扩大_零上,2026-04-03,12.05,35,45.3
日线+周线,SZ.002846,英联股份,MACD绿柱扩大_零上,2026-05-19,13.905,MACD绿柱缩小_零下,2026-05-08,15.685,33.25,45.3
日线+周线,SH.600084,中信尼雅,MACD绿柱缩小_零下,2026-05-20,5.1,MACD绿柱扩大_零上,2026-05-29,4.84,30,45.2
日线+周线,SH.688659,元琛科技,MACD绿柱扩大_零上,2026-05-29,10.52,MACD绿柱扩大_零上,2026-04-10,9.88,29.75,45.2
日线+周线,SZ.002741,光华科技,背驰买,2026-04-03,16.31,MACD绿柱扩大_零上 / 缺口买:持续,2026-05-29,28.86,26.25,45.1
日线+周线,SZ.301295,美硕科技,MACD绿柱扩大_零上,2026-05-29,49.42,二买,2026-03-27,28.47,34.1,45.1
日线+周线,SH.600382,广东明珠,MACD绿柱缩小_零下,2026-05-19,8.271,MACD绿柱扩大_零上,2026-05-15,8.861,30,45
日线+周线,SZ.000697,ST炼石,二买 / 三买,2026-04-24,9.85,二买,2026-01-16,8.42,42.9,45
日线+周线,SZ.002941,新疆交建,MACD绿柱缩小_零下,2026-05-25,13.18,MACD绿柱扩大_零上,2026-05-08,14.08,30,45
日线+周线,SZ.300229,拓尔思,一买,2026-05-28,16.5,MACD绿柱缩小_零下,2026-05-22,18.37,30,44.6
日线+周线,SH.601068,中铝国际,MACD绿柱缩小_零下,2026-05-29,5.53,二买 / MACD绿柱扩大_零上,2026-05-29,5.53,34.1,44.5
日线+周线,SZ.002672,东江环保,一买,2026-05-28,3.7,MACD绿柱扩大_零上,2026-04-10,4.35,28,44.5
日线+周线,SZ.301161,唯万密封,MACD绿柱扩大_零上,2026-05-29,30.66,背驰买 / MACD绿柱缩小_零下 / MACD绿柱扩大_零上,2026-05-29,30.66,33.25,44.5
日线+周线,SH.600547,山东黄金,一买 / MACD绿柱缩小_零下,2026-05-29,28.87,MACD绿柱扩大_零上,2026-05-22,30.05,30,44.4
日线+周线,SZ.300582,英飞特,MACD绿柱扩大_零上,2026-05-29,14.63,MACD绿柱扩大_零上,2026-04-24,13.11,35,44.4
日线+周线,SZ.301059,金三江,MACD绿柱扩大_零上,2026-05-29,14.06,MACD绿柱扩大_零上,2026-04-24,13.811,33.25,44.3
日线+周线,SH.603203,快克智能,三买,2026-04-23,44.7,二买 / 三买,2025-11-28,28.58,42.9,43.8
日线+周线,SH.603236,移远通信,背驰买,2026-05-18,71.55,MACD绿柱缩小_零下,2026-05-29,75.1,30,43.8
日线+周线,SH.605365,立达信,MACD绿柱扩大_零上,2026-05-22,18.55,MACD绿柱扩大_零上,2026-04-03,20.29,29.75,43.8
日线+周线,SZ.301608,博实结,MACD绿柱扩大_零上,2026-05-29,54.68,MACD绿柱扩大_零上,2026-04-10,57,31.5,43.8
日线+周线,SZ.300732,设研院,MACD绿柱扩大_零上,2026-05-28,7.07,背驰买,2026-03-27,6.52,31.5,43.7
日线+周线,SH.688625,呈和科技,二买 / 三买 / 形态:头肩底,2026-03-23,50.47,二买,2026-03-27,50.47,42.9,43.6
日线+周线,SZ.300264,佳创视讯,MACD绿柱扩大_零上,2026-05-29,8.24,二买 / 三买,2026-04-24,8.05,34.1,43.5
日线+周线,SZ.300396,迪瑞医疗,MACD绿柱缩小_零下,2026-05-26,7.7,一买,2026-05-29,7.61,30,43.5
日线+周线,SH.600834,申通地铁,一买,2026-05-28,7.56,MACD绿柱扩大_零上,2026-04-03,8.26,28,43.4
日线+周线,SH.688137,近岸蛋白,MACD绿柱扩大_零上,2026-05-28,43.24,MACD绿柱扩大_零上,2026-04-03,42.23,31.5,43.3
日线+周线,SZ.001212,中旗新材,MACD绿柱扩大_零上,2026-05-29,50.61,二买 / MACD绿柱扩大_零上,2026-04-24,49.65,34.1,43.3
日线+周线,SZ.300910,瑞丰新材,一买,2026-05-29,32.71,MACD绿柱缩小_零下,2026-05-29,33.76,30,43.3
日线+周线,SZ.300720,海川智能,MACD绿柱扩大_零上,2026-05-29,63,二买,2025-10-17,22.3,42.9,43
日线+周线,SZ.002007,华兰生物,一买,2026-05-28,13.28,背驰买,2024-09-20,13.02,28,42.9
日线+周线,SZ.002513,蓝丰生化,MACD绿柱扩大_零上,2026-05-26,6.1,MACD绿柱缩小_零下 / MACD绿柱扩大_零上,2026-05-22,6.42,30,42.9
日线+周线,SZ.301548,崇德科技,MACD绿柱扩大_零上,2026-05-29,77.08,二买 / 三买,2026-04-03,63.202,34.1,42.9
日线+周线,SH.603729,龙韵股份,MACD绿柱缩小_零下,2026-05-29,13.06,MACD绿柱扩大_零上,2026-04-30,16.37,30,42.8
日线+周线,SZ.301152,天力锂能,MACD绿柱扩大_零上,2026-05-28,28.59,MACD绿柱扩大_零上,2026-04-03,27.12,29.75,42.8
日线+周线,SZ.300211,*ST亿通,MACD绿柱扩大_零上,2026-05-29,8.45,MACD绿柱扩大_零上,2026-03-27,8.25,31.5,42.7
日线+周线,SH.603158,腾龙股份,MACD绿柱扩大_零上,2026-05-22,14.53,二买 / 三买 / 形态:头肩底,2025-10-17,9.93,34.1,42.6
日线+周线,SZ.002127,南极电商,MACD绿柱扩大_零上,2026-05-29,2.98,背驰买,2026-03-27,2.64,29.75,42.4
日线+周线,SZ.300436,广生堂,MACD绿柱扩大_零上,2026-05-29,113.27,三买,2026-01-23,79,32.5,42.3
日线+周线,SZ.301298,东利机械,MACD绿柱扩大_零上,2026-05-26,14.9,MACD绿柱扩大_零上,2026-04-10,16.073,31.5,42.3
日线+周线,SH.688693,锴威特,MACD绿柱扩大_零上,2026-05-29,113.78,二买,2025-11-21,35.5,42.9,42.1
日线+周线,SZ.000955,欣龙控股,一买,2026-05-28,4.18,MACD绿柱缩小_零下 / MACD绿柱扩大_零上,2026-05-15,4.72,29.75,42.1
日线+周线,SH.605179,一鸣食品,一买,2026-05-27,14.69,MACD绿柱缩小_零下,2026-05-15,16.02,28,42
日线+周线,SH.605208,永茂泰,MACD绿柱扩大_零上,2026-05-25,14.47,MACD绿柱扩大_零上,2026-03-27,13.19,31.5,42
日线+周线,SH.688701,卓锦股份,MACD绿柱扩大_零上,2026-05-29,9.63,二买 / MACD绿柱扩大_零上,2026-04-17,9.2,34.1,42
日线+周线,SH.600825,新华传媒,一买,2026-05-28,5.1,MACD绿柱缩小_零下,2026-05-15,5.647,30,41.8
日线+周线,SZ.000798,中水渔业,一买,2026-05-28,8.24,MACD绿柱扩大_零上,2026-05-08,9.5,28,41.7
日线+周线,SH.600968,海油发展,一买,2026-05-29,3.88,MACD绿柱扩大_零上,2026-05-29,3.92,29.75,41.6
日线+周线,SH.603882,金域医学,MACD绿柱缩小_零下,2026-05-28,26.18,MACD绿柱扩大_零上,2026-04-03,26.03,30,41.6
日线+周线,SZ.002678,珠江钢琴,MACD绿柱扩大_零上,2026-05-29,6.01,二买,2025-09-26,4.28,34.1,41.4
日线+周线,SZ.300075,数字政通,MACD绿柱扩大_零上,2026-05-29,12.68,一买,2026-04-03,12,33.25,41.3
日线+周线,SZ.300440,运达科技,MACD绿柱扩大_零上,2026-05-25,17.65,二买,2026-03-27,12.93,34.1,41.3
日线+周线,SZ.300762,上海瀚讯,MACD绿柱扩大_零上,2026-05-28,36.55,MACD绿柱扩大_零上,2026-04-10,36.04,31.5,41.3
日线+周线,SZ.300267,尔康制药,MACD绿柱扩大_零上,2026-05-29,3.77,二买,2025-12-19,3.39,34.1,41.2
日线+周线,SH.688038,中科通达,MACD绿柱缩小_零下,2026-05-22,20.39,MACD绿柱扩大_零上,2026-05-29,18.59,30,40.9
日线+周线,SH.688503,聚和材料,MACD绿柱扩大_零上,2026-05-29,91.8,二买 / 三买,2025-11-21,49.71,34.1,40.7
日线+周线,SZ.002299,圣农发展,MACD绿柱扩大_零上,2026-05-19,17.35,MACD绿柱扩大_零上,2026-05-29,16.99,28,40.7
日线+周线,SZ.000776,广发证券,MACD绿柱扩大_零上,2026-05-26,19.15,MACD绿柱扩大_零上,2026-04-10,18.87,35,40.6
日线+周线,SZ.002047,*ST宝鹰,MACD绿柱扩大_零上,2026-05-28,4.92,三买 / MACD绿柱扩大_零上,2026-05-29,4.87,33.25,40.6
日线+周线,SH.605133,嵘泰股份,MACD绿柱扩大_零上,2026-05-29,36.1,背驰买 / MACD绿柱缩小_零下,2026-04-24,31.61,30,40.5
日线+周线,SZ.002412,汉森制药,MACD绿柱扩大_零上,2026-05-29,6.69,MACD绿柱扩大_零上,2026-04-24,6.44,33.25,40.5
日线+周线,SZ.300053,航宇微,MACD绿柱扩大_零上,2026-05-28,16.84,MACD绿柱扩大_零上,2026-05-29,16.68,29.75,40.5
日线+周线,SH.603585,苏利股份,MACD绿柱缩小_零下,2026-05-29,15.96,MACD绿柱扩大_零上,2026-05-22,17.25,30,40.3
日线+周线,SZ.300159,*ST新研,MACD绿柱扩大_零上,2026-05-29,3.88,二买 / 三买 / MACD绿柱扩大_零上,2026-04-10,3.1,42.9,40.3
日线+周线,SZ.002242,九阳股份,MACD绿柱扩大_零上,2026-05-26,9.08,MACD绿柱扩大_零上,2026-04-10,9.61,29.75,40.2
日线+周线,SZ.301391,卡莱特,MACD绿柱扩大_零上,2026-05-26,70.66,MACD绿柱扩大_零上,2026-04-10,77,35,40.1
日线+周线,SH.600230,沧州大化,一买,2026-05-28,14.6,MACD绿柱扩大_零上,2026-05-22,16.35,31.5,39.8
日线+周线,SZ.301148,嘉戎技术,MACD绿柱扩大_零上,2026-05-29,63.7,二买 / 三买 / MACD绿柱扩大_零上,2026-04-10,51.25,42.9,39.7
日线+周线,SH.603429,*ST集友,MACD绿柱扩大_零上,2026-05-18,9.3,背驰买 / MACD绿柱缩小_零下 / MACD绿柱扩大_零上,2026-05-08,10,33.25,39.5
日线+周线,SZ.002419,天虹股份,MACD绿柱缩小_零下,2026-05-29,4.9,MACD绿柱扩大_零上,2026-05-15,5.09,30,39.5
日线+周线,SH.600088,中视传媒,MACD绿柱扩大_零上,2026-05-28,15.34,形态:头肩底,2026-02-13,19.436,31.5,39.4
日线+周线,SH.600528,中铁工业,一买,2026-05-28,7.3,MACD绿柱扩大_零上,2026-04-17,7.88,29.75,39.4
日线+周线,SH.605138,盛泰集团,MACD绿柱扩大_零上,2026-05-29,6.87,MACD绿柱扩大_零上,2026-03-27,6.79,35,39.3
日线+周线,SH.688616,西力科技,MACD绿柱扩大_零上,2026-05-27,12.77,MACD绿柱扩大_零上,2026-04-24,13.71,31.5,39.3
日线+周线,SZ.000567,海德股份,MACD绿柱扩大_零上,2026-05-29,6.24,形态:头肩底,2025-11-07,7.8,35,39.3
日线+周线,SZ.002522,浙江众成,MACD绿柱扩大_零上,2026-05-29,6.22,MACD绿柱扩大_零上,2026-04-10,6.02,35,39.3
日线+周线,SZ.301280,珠城科技,MACD绿柱扩大_零上,2026-05-29,40.77,二买 / MACD绿柱扩大_零上,2026-04-10,40.214,34.1,39.2
日线+周线,SH.603856,东宏股份,一买,2026-05-28,11.42,MACD绿柱扩大_零上,2026-05-29,12,29.75,39.1
日线+周线,SZ.002910,庄园牧场,一买,2026-05-27,9.66,MACD绿柱扩大_零上,2026-05-29,9.93,28,39.1
日线+周线,SZ.002935,天奥电子,MACD绿柱扩大_零上,2026-05-29,19.03,MACD绿柱扩大_零上,2026-04-10,18.43,31.5,39
日线+周线,SZ.300740,水羊股份,MACD绿柱扩大_零上,2026-05-29,24.3,MACD绿柱扩大_零上,2026-04-10,21.46,35,39
日线+周线,SH.600617,国新能源,MACD绿柱扩大_零上,2026-05-29,3.34,二买,2026-04-24,3.15,34.1,38.8
日线+周线,SH.603444,吉比特,一买 / MACD绿柱扩大_零上,2026-05-28,326.88,MACD绿柱缩小_零下 / MACD绿柱扩大_零上,2026-05-15,376.288,31.5,38.8
日线+周线,SZ.300453,三鑫医疗,MACD绿柱扩大_零上,2026-05-27,9.26,背驰买,2025-12-31,8.4,31.5,38.8
日线+周线,SZ.000953,河化股份,MACD绿柱扩大_零上,2026-05-28,6.88,二买 / 三买 / MACD绿柱扩大_零上,2026-04-03,6.72,34.1,38.5
日线+周线,SZ.002731,ST萃华,缺口买:衰竭,2026-04-30,4.35,MACD绿柱扩大_零上 / 缺口买:衰竭,2026-04-30,4.35,22.75,38.5
日线+周线,SZ.300404,博济医药,MACD绿柱扩大_零上,2026-05-29,9.97,MACD绿柱扩大_零上,2026-04-03,9.96,35,38.5
日线+周线,SZ.300194,福安药业,一买,2026-05-27,3.73,MACD绿柱缩小_零下,2026-05-08,4.08,30,38.3
日线+周线,SZ.000820,*ST节能,MACD绿柱扩大_零上,2026-05-29,3.71,MACD绿柱扩大_零上,2026-04-17,3.49,33.25,38.2
日线+周线,SZ.002858,力盛体育,MACD绿柱扩大_零上,2026-05-22,14.17,MACD绿柱扩大_零上,2026-04-10,14.94,29.75,37.9
日线+周线,SH.600755,厦门国贸,一买,2026-05-28,5.84,MACD绿柱扩大_零上,2026-04-03,6.34,35,37.8
日线+周线,SZ.300086,康芝药业,一买,2026-05-28,6.45,MACD绿柱扩大_零上,2026-04-30,7.4,28,37.8
日线+周线,SZ.002271,东方雨虹,一买,2026-05-28,13.3,MACD绿柱扩大_零上,2026-05-22,14.11,28,37.7
日线+周线,SZ.001223,欧克科技,MACD绿柱扩大_零上,2026-05-29,56.95,MACD绿柱扩大_零上,2026-04-03,52.91,31.5,37.6
日线+周线,SZ.301297,富乐德,MACD绿柱扩大_零上,2026-05-29,41.25,背驰买,2026-03-27,32.07,26.25,37.6
日线+周线,SH.600841,动力新科,一买,2026-05-27,7.06,MACD绿柱扩大_零上,2026-05-22,7.53,28,37.3
日线+周线,SZ.002326,永太科技,MACD绿柱缩小_零下,2026-05-22,24.26,MACD绿柱扩大_零上,2026-05-29,20.7,30,37.3
日线+周线,SH.600354,敦煌种业,一买,2026-05-28,5.36,MACD绿柱扩大_零上,2026-04-30,6.26,31.5,37.1
日线+周线,SZ.002977,天箭科技,MACD绿柱扩大_零上,2026-05-27,26.82,MACD绿柱缩小_零下,2026-05-15,29.97,30,37.1
日线+周线,SH.600805,悦达投资,一买,2026-05-28,4.62,MACD绿柱扩大_零上,2026-04-24,5.34,35,37
日线+周线,SZ.002550,千红制药,MACD绿柱缩小_零下,2026-05-18,6.622,MACD绿柱缩小_零下,2026-04-10,7.772,30,37
日线+周线,SZ.300905,宝丽迪,MACD绿柱扩大_零上,2026-05-29,67.11,MACD绿柱扩大_零上,2026-04-03,30.11,35,37
日线+周线,SZ.300931,通用电梯,MACD绿柱扩大_零上,2026-05-29,15.91,二买,2025-12-19,10.15,42.9,36.8
日线+周线,SH.600106,重庆路桥,MACD绿柱扩大_零上,2026-05-20,5.89,MACD绿柱缩小_零下,2026-05-15,5.91,35,36.7
日线+周线,SZ.002186,全 聚 德,一买,2026-05-28,9.38,MACD绿柱缩小_零下 / MACD绿柱扩大_零上,2026-05-15,10.26,35,36.7
日线+周线,SZ.002265,建设工业,MACD绿柱扩大_零上,2026-05-25,22.25,背驰买,2026-03-27,20.07,28,36.7
日线+周线,SZ.001317,三羊马,MACD绿柱扩大_零上,2026-05-29,51.26,二买 / 三买 / MACD绿柱扩大_零上,2026-04-03,45.78,42.9,36.6
日线+周线,SZ.002020,京新药业,一买,2026-05-29,13.11,MACD绿柱缩小_零下,2026-05-15,14.25,30,36.6
日线+周线,SZ.301515,港通医疗,MACD绿柱扩大_零上,2026-05-27,21.73,MACD绿柱扩大_零上,2026-04-17,22.81,31.5,36.6
日线+周线,SH.600802,福建水泥,一买,2026-05-28,4.99,MACD绿柱缩小_零下 / MACD绿柱扩大_零上,2026-05-15,5.55,30,36.5
日线+周线,SZ.001231,农心科技,MACD绿柱扩大_零上,2026-05-26,23.1,MACD绿柱扩大_零上,2026-05-29,21.64,35,36.5
日线+周线,SH.600202,哈空调,MACD绿柱扩大_零上,2026-05-27,5.5,MACD绿柱扩大_零上,2026-04-10,5.92,28,36.4
日线+周线,SZ.301159,三维天地,一买,2026-05-29,33.7,MACD绿柱扩大_零上,2026-05-29,33.9,31.5,36.4
日线+周线,SZ.301197,工大科雅,MACD绿柱扩大_零上,2026-05-29,29.88,背驰买,2025-12-19,18.61,29.75,36.4
日线+周线,SZ.002652,扬子新材,MACD绿柱扩大_零上,2026-05-28,5.87,二买,2025-12-19,3.37,34.1,36.3
日线+周线,SZ.000301,东方盛虹,MACD绿柱扩大_零上,2026-05-29,12.05,MACD绿柱扩大_零上,2026-04-10,11.52,35,36.2
日线+周线,SH.603030,全筑股份,MACD绿柱扩大_零上,2026-05-29,2.56,背驰买,2026-04-10,2.2,33.25,36.1
日线+周线,SZ.001387,雪祺电气,MACD绿柱扩大_零上,2026-05-29,12.49,MACD绿柱扩大_零上,2026-04-10,13.14,29.75,36.1
日线+周线,SH.605100,华丰股份,MACD绿柱扩大_零上,2026-05-29,35.45,二买 / MACD绿柱扩大_零上,2026-04-03,29.393,42.9,35.9
日线+周线,SH.600206,有研新材,MACD绿柱扩大_零上,2026-05-29,28.5,MACD绿柱扩大_零上,2026-04-10,21.75,35,35.8
日线+周线,SH.605155,西大门,MACD绿柱扩大_零上,2026-05-29,15.13,MACD绿柱扩大_零上,2026-04-10,15.63,29.75,35.8
日线+周线,SZ.002970,锐明技术,MACD绿柱扩大_零上,2026-05-29,63.3,二买,2026-04-17,58,42.9,35.8
日线+周线,SH.688067,爱威科技,MACD绿柱扩大_零上,2026-05-27,25.26,MACD绿柱扩大_零上,2026-05-29,24.23,29.75,35.7
日线+周线,SH.688128,中国电研,MACD绿柱扩大_零上,2026-05-29,25,背驰买 / MACD绿柱缩小_零下 / MACD绿柱扩大_零上,2026-05-22,27.17,30,35.7
日线+周线,SZ.002365,永安药业,一买,2026-05-28,11.55,MACD绿柱缩小_零下,2026-04-10,13.9,30,35.7
日线+周线,SZ.300415,伊之密,MACD绿柱扩大_零上,2026-05-28,23.11,MACD绿柱扩大_零上,2026-04-30,24.22,28,35.7
日线+周线,SZ.300417,南华仪器,MACD绿柱扩大_零上,2026-05-29,13.1,MACD绿柱扩大_零上,2026-04-10,12.54,28,35.7
日线+周线,SZ.301252,同星科技,MACD绿柱扩大_零上,2026-05-29,32.86,二买 / 三买,2026-03-27,32.85,42.9,35.7
日线+周线,SH.688778,厦钨新能,MACD绿柱扩大_零上,2026-05-19,70.43,MACD绿柱扩大_零上,2026-05-29,62.82,28,35.5
日线+周线,SZ.300634,彩讯股份,MACD绿柱缩小_零下,2026-05-18,24.29,MACD绿柱扩大_零上,2026-04-10,25.48,30,35.5
日线+周线,SZ.301176,逸豪新材,二买 / 三买,2026-05-18,36.11,三买,2025-12-19,23.97,42.9,35.3
日线+周线,SH.605169,洪通燃气,MACD绿柱扩大_零上,2026-05-28,11.68,背驰买 / MACD绿柱缩小_零下,2026-05-22,13.16,30,35
日线+周线,SZ.002111,威海广泰,MACD绿柱扩大_零上,2026-05-29,10.18,MACD绿柱扩大_零上,2026-04-10,9.94,33.25,35
日线+周线,SZ.000735,罗 牛 山,一买,2026-05-28,5.44,MACD绿柱扩大_零上,2026-04-10,6.595,31.5,34.5
日线+周线,SZ.301339,通行宝,一买,2026-05-28,11.5,MACD绿柱缩小_零下,2026-05-15,12.65,30,34.5
日线+周线,SH.603833,欧派家居,一买,2026-05-28,37.69,MACD绿柱扩大_零上,2026-04-17,50.6,28,34.4
日线+周线,SZ.301016,雷尔伟,MACD绿柱扩大_零上,2026-05-29,15.56,二买 / MACD绿柱扩大_零上,2026-04-17,16.993,34.1,34.4
日线+周线,SH.600231,凌钢股份,MACD绿柱扩大_零上,2026-05-18,2.09,MACD绿柱扩大_零上,2026-05-22,2.05,28,34.3
日线+周线,SH.601069,西部黄金,背驰买,2026-05-22,27,MACD绿柱扩大_零上,2026-05-29,27.44,22.75,34.3
日线+周线,SZ.000750,国海证券,一买,2026-05-28,3.66,MACD绿柱缩小_零下,2026-05-15,3.79,30,34.3
日线+周线,SZ.002297,博云新材,MACD绿柱扩大_零上,2026-05-29,20.61,二买 / 三买 / MACD绿柱扩大_零上,2026-04-10,10.98,34.1,34.3
日线+周线,SZ.002763,汇洁股份,MACD绿柱扩大_零上,2026-05-29,7.94,MACD绿柱扩大_零上,2026-04-03,6.86,35,34.1
日线+周线,SZ.002457,青龙管业,缺口买:普通,2026-05-29,12.25,MACD绿柱扩大_零上,2026-04-24,10.581,26.25,34
日线+周线,SH.605011,杭州热电,MACD绿柱扩大_零上,2026-05-28,22.29,二买,2025-12-19,19.41,34.1,33.9
日线+周线,SZ.002114,罗平锌电,MACD绿柱扩大_零上,2026-05-26,8.71,MACD绿柱扩大_零上,2026-05-29,7.91,31.5,33.9
日线+周线,SZ.300449,汉邦高科,MACD绿柱扩大_零上,2026-05-29,7.76,MACD绿柱扩大_零上,2026-04-24,6.99,26.25,33.9
日线+周线,SH.603511,爱慕股份,MACD绿柱扩大_零上,2026-05-21,13.83,二买 / MACD绿柱缩小_零下,2026-05-22,14.18,34.1,33.8
日线+周线,SH.605122,四方新材,MACD绿柱扩大_零上,2026-05-29,12.93,MACD绿柱扩大_零上,2026-04-17,12.85,31.5,33.8
日线+周线,SZ.300767,震安科技,MACD绿柱扩大_零上,2026-05-28,20.5,MACD绿柱扩大_零上,2026-04-10,19.49,29.75,33.8
日线+周线,SH.688239,航宇科技,MACD绿柱扩大_零上,2026-05-29,60.37,MACD绿柱扩大_零上,2026-04-10,60.98,29.75,33.7
日线+周线,SH.601766,中国中车,一买,2026-05-22,5.66,MACD绿柱缩小_零下,2026-04-17,6.15,30,33.6
日线+周线,SZ.300774,倍杰特,一买,2026-05-29,13,MACD绿柱扩大_零上,2026-04-24,16.24,33.25,33.6
日线+周线,SZ.002245,蔚蓝锂芯,二买,2026-04-03,10.987,二买 / 三买 / MACD绿柱扩大_零上,2026-04-03,11.047,34.1,33.5
日线+周线,SZ.002529,*ST海源,MACD绿柱扩大_零上,2026-05-29,7.9,背驰买,2026-03-06,6.45,28,33.5
日线+周线,SH.603278,大业股份,MACD绿柱扩大_零上,2026-05-29,12.19,二买 / MACD绿柱扩大_零上,2026-04-10,10.79,34.1,33.4
日线+周线,SZ.000786,北新建材,一买,2026-05-28,21.72,MACD绿柱扩大_零上,2026-04-30,25.94,31.5,33.4
日线+周线,SZ.002795,永和智控,MACD绿柱扩大_零上,2026-05-29,7.64,二买,2025-04-11,3.65,34.1,33.4
日线+周线,SZ.300723,一品红,MACD绿柱扩大_零上,2026-05-21,39.8,MACD绿柱缩小_零下,2026-03-27,32.47,30,33.4
日线+周线,SH.603883,老百姓,一买,2026-05-29,12.03,一买,2026-05-29,12.03,28,33.2
日线+周线,SZ.300409,道氏技术,MACD绿柱缩小_零下,2026-05-27,24.88,MACD绿柱扩大_零上,2026-05-29,22.28,30,33.1
日线+周线,SH.600319,亚星化学,MACD绿柱扩大_零上,2026-05-28,7.41,MACD绿柱扩大_零上,2026-04-10,7.48,33.25,33
日线+周线,SH.688368,晶丰明源,背驰买,2026-03-24,111,二买,2026-03-27,111,34.1,32.9
日线+周线,SZ.000065,北方国际,MACD绿柱缩小_零下,2026-05-27,12.5,MACD绿柱扩大_零上,2026-05-29,12.26,30,32.9
日线+周线,SH.688189,南新制药,MACD绿柱扩大_零上,2026-05-29,8.23,背驰买,2026-03-27,6.86,26.25,32.8
日线+周线,SZ.301380,挖金客,MACD绿柱扩大_零上,2026-05-29,30.67,MACD绿柱扩大_零上,2026-04-03,31.76,28,32.7
日线+周线,SZ.001279,强邦新材,MACD绿柱扩大_零上,2026-05-29,29.97,MACD绿柱缩小_零下,2026-05-08,32.15,30,32.6
日线+周线,SH.601169,北京银行,一买,2026-05-29,4.98,一买,2026-05-29,4.98,28,32.4
日线+周线,SZ.002103,广博股份,一买,2026-05-28,6.9,背驰买,2025-04-11,6.87,28,32.4
日线+周线,SZ.002431,棕榈股份,MACD绿柱缩小_零下,2026-05-22,1.68,MACD绿柱扩大_零上 / 缺口买:衰竭,2026-05-08,1.79,30,32.4
日线+周线,SZ.002624,完美世界,MACD绿柱缩小_零下,2026-05-29,14.01,MACD绿柱扩大_零上,2026-05-29,14.01,30,32.3
日线+周线,SH.603218,日月股份,MACD绿柱缩小_零下,2026-05-19,12.46,MACD绿柱扩大_零上,2026-05-29,11.79,30,32.1
日线+周线,SZ.000011,深物业A,一买,2026-05-28,7.18,MACD绿柱缩小_零下,2026-04-24,8.44,30,32.1
日线+周线,SZ.002798,帝欧水华,MACD绿柱扩大_零上,2026-05-29,6.19,MACD绿柱扩大_零上,2026-04-10,6.1,31.5,32
日线+周线,SH.603708,家家悦,一买,2026-05-29,9.53,MACD绿柱扩大_零上,2026-05-15,10.06,28,31.6
日线+周线,SZ.300965,恒宇信通,MACD绿柱扩大_零上,2026-05-29,59.85,MACD绿柱扩大_零上 / 缺口买:衰竭,2026-06-01,52.68,31.5,31.2
日线+周线,SZ.301237,和顺科技,MACD绿柱扩大_零上,2026-05-22,73.86,MACD绿柱扩大_零上,2026-04-10,56.54,29.75,31.2
日线+周线,SH.688529,豪森智能,MACD绿柱扩大_零上,2026-05-29,18.27,背驰买,2026-03-27,16,26.25,31.1
日线+周线,SZ.301223,中荣股份,一买,2026-05-19,17,MACD绿柱扩大_零上,2026-05-29,17.12,28,31.1
日线+周线,SZ.300079,数码视讯,MACD绿柱扩大_零上,2026-05-29,5.09,MACD绿柱扩大_零上,2026-04-17,5.44,29.75,31
日线+周线,SH.603200,上海洗霸,一买,2026-05-29,47.74,MACD绿柱缩小_零下 / MACD绿柱扩大_零上,2026-05-15,57.35,31.5,30.8
日线+周线,SZ.003031,中瓷电子,MACD绿柱扩大_零上,2026-05-29,141.9,二买 / 三买 / 形态:头肩底 / 缺口买:普通,2026-05-15,160.6,34.1,30.7
日线+周线,SH.603799,华友钴业,MACD绿柱缩小_零下 / MACD绿柱扩大_零上,2026-05-29,54.8,MACD绿柱扩大_零上,2026-05-29,54.8,30,30.6
日线+周线,SH.600129,太极集团,一买,2026-05-29,13.9,MACD绿柱缩小_零下,2026-05-08,15.69,30,30.5
日线+周线,SZ.002742,*ST三圣,MACD绿柱扩大_零上,2026-05-26,4.33,背驰买 / MACD绿柱缩小_零下,2026-04-03,4.33,35,30.5
日线+周线,SH.603607,京华激光,MACD绿柱扩大_零上,2026-05-29,21.53,背驰买 / MACD绿柱缩小_零下 / MACD绿柱扩大_零上,2026-05-22,24.41,30,30.4
日线+周线,SZ.300696,爱乐达,MACD绿柱扩大_零上,2026-05-29,30.86,MACD绿柱扩大_零上,2026-04-10,29.69,29.75,30.3
日线+周线,SZ.301273,瑞晨环保,MACD绿柱扩大_零上,2026-05-29,41.8,背驰买,2025-12-19,24.45,29.75,30.3
日线+周线,SH.603266,天龙股份,MACD绿柱扩大_零上,2026-05-29,18.55,MACD绿柱缩小_零下 / MACD绿柱扩大_零上,2026-05-08,20.55,30,30.2
日线+周线,SZ.300003,乐普医疗,MACD绿柱缩小_零下,2026-05-29,12.61,MACD绿柱扩大_零上,2026-05-08,14.49,30,30
日线+周线,SZ.001260,坤泰股份,MACD绿柱扩大_零上,2026-05-26,20.285,MACD绿柱扩大_零上,2026-05-29,18.88,33.25,29.9
日线+周线,SZ.000559,万向钱潮,MACD绿柱扩大_零上,2026-05-29,14.78,二买 / MACD绿柱扩大_零上,2026-04-10,16.12,34.1,29.8
日线+周线,SZ.002125,湘潭电化,MACD绿柱扩大_零上,2026-05-27,14.15,MACD绿柱扩大_零上,2026-04-10,13.32,29.75,29.8
日线+周线,SH.600006,东风股份,MACD绿柱扩大_零上,2026-05-27,6.17,背驰买,2026-04-10,6.17,29.75,29.6
日线+周线,SH.688060,云涌科技,MACD绿柱扩大_零上,2026-05-25,44.11,MACD绿柱扩大_零上,2026-05-29,39.04,31.5,29.5
日线+周线,SZ.301528,多浦乐,MACD绿柱扩大_零上,2026-05-29,68.06,MACD绿柱扩大_零上,2026-04-10,60.56,33.25,29.5
日线+周线,SZ.300628,亿联网络,MACD绿柱扩大_零上,2026-05-29,36.02,MACD绿柱扩大_零上,2026-03-27,30.77,33.25,29.4
日线+周线,SH.600751,海航科技,一买,2026-05-28,3.26,MACD绿柱扩大_零上,2026-04-10,3.75,31.5,29.2
日线+周线,SH.600620,天宸股份,MACD绿柱缩小_零下,2026-05-26,5,MACD绿柱扩大_零上,2026-05-08,5.61,31.5,29.1
日线+周线,SZ.300664,鹏鹞环保,MACD绿柱缩小_零下,2026-05-19,5.452,MACD绿柱扩大_零上,2026-05-29,4.94,30,29.1
日线+周线,SH.688112,鼎阳科技,三买,2026-05-13,56.08,二买,2026-03-27,35.77,40,28.8
日线+周线,SZ.300164,通源石油,一买,2026-05-29,9.84,MACD绿柱扩大_零上,2026-05-22,11.77,28,28.8
日线+周线,SZ.300587,天铁科技,MACD绿柱扩大_零上,2026-05-26,5.38,背驰买,2026-04-10,5.01,29.75,28.8
日线+周线,SH.600339,中油工程,一买,2026-05-29,3.47,MACD绿柱扩大_零上,2026-05-29,3.54,28,28.6
日线+周线,SH.603630,拉芳家化,一买,2026-05-28,13.6,MACD绿柱缩小_零下,2026-05-08,16.65,30,28.6
日线+周线,SH.688516,奥特维,MACD绿柱扩大_零上,2026-05-26,74.2,MACD绿柱扩大_零上,2026-05-29,64.49,33.25,28.6
日线+周线,SH.600883,博闻科技,MACD绿柱扩大_零上,2026-05-29,8.47,MACD绿柱扩大_零上,2026-04-17,7.97,33.25,28.5
日线+周线,SH.603353,和顺石油,二买 / 三买 / 形态:头肩底,2026-05-15,44.81,二买,2026-04-03,31.89,42.9,28.5
日线+周线,SZ.300555,ST路通,MACD绿柱扩大_零上,2026-05-29,13.12,三买 / MACD绿柱扩大_零上,2026-04-10,13.88,33.25,28.5
日线+周线,SZ.301037,保立佳,MACD绿柱扩大_零上,2026-05-29,15.15,MACD绿柱扩大_零上,2026-04-17,15.01,29.75,28.5
日线+周线,SH.605136,丽人丽妆,MACD绿柱扩大_零上,2026-05-25,9.84,MACD绿柱扩大_零上,2026-04-10,10.28,35,28.3
日线+周线,SZ.002905,金逸影视,一买,2026-05-28,8.15,MACD绿柱扩大_零上,2026-04-17,10.05,28,28.2
日线+周线,SH.600467,好当家,一买,2026-05-28,2.22,MACD绿柱扩大_零上,2026-04-30,2.45,28,28
日线+周线,SH.603587,地素时尚,MACD绿柱扩大_零上,2026-05-29,12.67,MACD绿柱扩大_零上,2026-04-10,12.22,35,27.9
日线+周线,SH.600660,福耀玻璃,MACD绿柱扩大_零上,2026-05-19,55.08,MACD绿柱缩小_零下,2026-05-08,58.79,30,27.8
日线+周线,SZ.300228,富瑞特装,一买,2026-05-26,8.18,MACD绿柱扩大_零上,2026-04-30,9.2,33.25,27.8
日线+周线,SH.688330,宏力达,一买 / MACD绿柱缩小_零下,2026-05-29,37.5,MACD绿柱扩大_零上,2026-05-29,37.78,30,27.7
日线+周线,SZ.002808,*ST恒久,缺口买:衰竭,2026-04-30,2.83,MACD绿柱扩大_零上,2026-03-20,4.41,29.75,27.6
日线+周线,SH.603037,凯众股份,MACD绿柱扩大_零上,2026-05-29,13.17,MACD绿柱扩大_零上,2026-04-10,13.39,28,27.5
日线+周线,SH.688683,莱尔科技,MACD绿柱扩大_零上,2026-05-29,37.89,二买,2026-03-27,30.35,34.1,27.5
日线+周线,SZ.300133,华策影视,MACD绿柱扩大_零上,2026-05-29,8.4,MACD绿柱扩大_零上,2026-04-10,7.289,35,27.4
日线+周线,SH.600820,隧道股份,一买,2026-05-28,5.55,MACD绿柱扩大_零上,2026-04-17,6.16,31.5,27.1
日线+周线,SZ.300517,海波重科,MACD绿柱扩大_零上,2026-05-18,12.07,MACD绿柱扩大_零上,2026-04-10,11.4,28,27.1
日线+周线,SZ.301066,万事利,MACD绿柱扩大_零上,2026-05-29,14.38,MACD绿柱缩小_零下 / MACD绿柱扩大_零上,2026-05-22,15.62,33.25,27.1
日线+周线,SH.688047,龙芯中科,MACD绿柱扩大_零上,2026-05-29,145.8,MACD绿柱扩大_零上 / 缺口买:普通,2026-05-08,173.82,29.75,26.9
日线+周线,SH.601601,中国太保,MACD绿柱缩小_零下,2026-05-29,32.18,MACD绿柱扩大_零上,2026-04-30,37.23,30,26.8
日线+周线,SH.688700,东威科技,三买,2026-03-31,48.46,二买,2025-12-19,32.29,34.1,26.8
日线+周线,SH.603516,淳中科技,MACD绿柱缩小_零下,2026-05-28,116.8,MACD绿柱缩小_零下,2026-05-22,121.34,30,26.7
日线+周线,SH.603879,永悦科技,MACD绿柱扩大_零上,2026-05-25,5.46,MACD绿柱缩小_零下 / MACD绿柱扩大_零上,2026-05-22,5.55,35,26.6
日线+周线,SH.605090,九丰能源,MACD绿柱扩大_零上,2026-05-25,39.56,MACD绿柱扩大_零上,2026-05-29,36.33,31.5,26.5
日线+周线,SZ.001300,三柏硕,MACD绿柱扩大_零上,2026-05-27,16.02,MACD绿柱扩大_零上,2026-04-10,16.36,31.5,26.4
日线+周线,SZ.002961,瑞达期货,MACD绿柱扩大_零上,2026-05-27,22.17,背驰买 / MACD绿柱扩大_零上,2026-05-29,22.08,29.75,26.4
日线+周线,SH.600822,上海物贸,一买,2026-05-28,8.67,MACD绿柱缩小_零下,2026-05-15,9.6,30,26.3
日线+周线,SH.603536,惠发食品,MACD绿柱扩大_零上,2026-05-22,9.8,MACD绿柱缩小_零下 / MACD绿柱扩大_零上,2026-05-22,9.8,35,26.3
日线+周线,SZ.002943,宇晶股份,二买,2026-04-23,55.8,二买 / MACD绿柱扩大_零上,2026-04-17,58.79,42.9,26.3
日线+周线,SZ.301265,华新科技,二买 / MACD绿柱扩大_零上,2026-05-21,25.66,二买,2025-09-26,10.6,42.9,26.3
日线+周线,SH.600261,阳光照明,MACD绿柱缩小_零下,2026-05-27,3.34,MACD绿柱扩大_零上,2026-05-29,3.28,30,26.2
日线+周线,SZ.002792,通宇通讯,MACD绿柱扩大_零上,2026-05-29,41.71,MACD绿柱扩大_零上,2026-05-29,41.71,24.5,26.1
日线+周线,SZ.300984,金沃股份,MACD绿柱扩大_零上,2026-05-29,56.99,MACD绿柱扩大_零上,2026-04-10,57.35,28,25.9
日线+周线,SH.600168,武汉控股,一买,2026-05-27,4.55,MACD绿柱扩大_零上,2026-04-24,4.94,31.5,25.8
日线+周线,SH.603969,银龙股份,MACD绿柱扩大_零上,2026-05-26,8.43,MACD绿柱扩大_零上,2026-05-08,9.56,28,25.8
日线+周线,SH.688385,复旦微电,MACD绿柱扩大_零上,2026-05-21,65.55,MACD绿柱扩大_零上,2026-04-17,71.91,31.5,25.8
日线+周线,SZ.300153,科泰电源,MACD绿柱扩大_零上,2026-05-29,26.96,背驰买 / MACD绿柱缩小_零下,2026-05-22,29.62,30,25.7
日线+周线,SZ.002726,龙大美食,MACD绿柱缩小_零下,2026-05-28,1.68,缺口买:衰竭,2026-05-08,2.45,30,25.6
日线+周线,SH.603922,金鸿顺,MACD绿柱缩小_零下,2026-05-27,15.96,一买,2026-05-22,14.33,30,25.3
日线+周线,SH.600828,茂业商业,一买,2026-05-28,4.18,MACD绿柱扩大_零上,2026-05-29,4.63,28,25.2
日线+周线,SZ.300770,新媒股份,一买,2026-05-28,34.1,MACD绿柱扩大_零上,2026-04-10,39.45,31.5,25.2
日线+周线,SZ.002734,利民股份,一买,2026-05-25,16,MACD绿柱扩大_零上,2026-05-29,16.2,29.75,25.1
日线+周线,SZ.300334,津膜科技,MACD绿柱扩大_零上,2026-05-29,7.35,MACD绿柱扩大_零上,2026-04-24,7.51,29.75,24.8
日线+周线,SH.601018,宁波港,一买,2026-05-28,3.41,MACD绿柱扩大_零上,2026-05-29,3.48,35,24.7
日线+周线,SH.600193,*ST创兴,缺口买:衰竭,2026-04-27,2.17,缺口买:衰竭,2026-04-27,2.17,16.25,24.5
日线+周线,SZ.000819,岳阳兴长,MACD绿柱扩大_零上,2026-05-29,14.83,背驰买,2026-03-27,13.9,28,24.5
日线+周线,SZ.000626,远大控股,MACD绿柱扩大_零上,2026-05-25,7.86,二买 / 三买,2025-09-26,6.29,42.9,24.4
日线+周线,SZ.002738,中矿资源,MACD绿柱扩大_零上,2026-05-19,69.62,MACD绿柱扩大_零上,2026-05-29,61.89,26.25,24.4
日线+周线,SZ.000609,ST中迪,MACD绿柱扩大_零上,2026-05-29,13.14,MACD绿柱扩大_零上,2026-04-17,9.76,31.5,24.2
日线+周线,SZ.002919,名臣健康,MACD绿柱扩大_零上,2026-05-29,22.6,二买 / 三买 / MACD绿柱扩大_零上,2026-04-24,21.94,34.1,24.2
日线+周线,SH.600338,西藏珠峰,MACD绿柱扩大_零上,2026-05-22,20.46,MACD绿柱扩大_零上,2026-04-10,17.82,35,24.1
日线+周线,SH.603022,新通联,MACD绿柱扩大_零上,2026-05-29,10.08,MACD绿柱扩大_零上,2026-04-17,10.48,33.25,24.1
日线+周线,SH.688757,胜科纳米,背驰买,2026-03-27,22.64,MACD绿柱扩大_零上,2026-04-10,24.3,26.25,24.1
日线+周线,SZ.002331,皖通科技,MACD绿柱扩大_零上,2026-05-29,8.44,MACD绿柱扩大_零上,2026-04-10,8.27,33.25,24.1
日线+周线,SH.600865,百大集团,一买,2026-05-28,9.7,MACD绿柱扩大_零上,2026-04-10,11.32,31.5,24
日线+周线,SH.603390,通达电气,MACD绿柱扩大_零上,2026-05-29,12.6,背驰买 / MACD绿柱扩大_零上,2026-04-03,11.83,35,24
日线+周线,SZ.002622,皓宸医疗,MACD绿柱扩大_零上,2026-05-28,2.61,背驰买,2026-04-10,2.36,31.5,23.6
日线+周线,SZ.301118,恒光股份,MACD绿柱扩大_零上,2026-05-29,29.96,MACD绿柱扩大_零上,2026-04-10,24.46,28,23.5
日线+周线,SH.688520,神州细胞,MACD绿柱扩大_零上,2026-05-25,39.8,MACD绿柱缩小_零下,2026-04-03,41.67,35,23.4
日线+周线,SH.688296,和达科技,MACD绿柱扩大_零上,2026-05-29,14.36,MACD绿柱扩大_零上,2026-04-17,13.83,26.25,23.3
日线+周线,SZ.301383,天键股份,MACD绿柱扩大_零上,2026-05-29,26.66,背驰买,2026-04-03,26,22.75,23.3
日线+周线,SZ.002733,雄韬股份,MACD绿柱扩大_零上,2026-05-20,25.71,二买 / 三买,2025-12-19,19.13,42.9,23.2
日线+周线,SH.600556,天下秀,一买,2026-05-28,5.04,MACD绿柱扩大_零上,2026-05-29,5.2,28,23.1
日线+周线,SH.600636,*ST国化,缺口买:衰竭,2026-04-27,5,MACD绿柱扩大_零上 / 缺口买:衰竭,2026-04-29,4.51,31.5,22.6
日线+周线,SH.688455,科捷智能,MACD绿柱缩小_零下,2026-05-18,22.16,MACD绿柱扩大_零上,2026-05-29,20.5,30,22.6
日线+周线,SZ.000066,中国长城,MACD绿柱扩大_零上,2026-05-28,18.71,二买,2026-04-03,14.16,34.1,22.6
日线+周线,SZ.300272,开能健康,MACD绿柱缩小_零下,2026-05-19,7.24,MACD绿柱扩大_零上,2026-05-29,6.13,30,22.6
日线+周线,SZ.300849,锦盛新材,MACD绿柱扩大_零上,2026-05-28,21.56,二买 / 三买,2025-12-31,15.37,42.9,22.5
日线+周线,SH.603176,汇通集团,MACD绿柱扩大_零上,2026-05-27,5.23,背驰买,2026-03-27,4.96,29.75,22.3
日线+周线,SZ.002454,松芝股份,MACD绿柱扩大_零上,2026-05-26,6.18,MACD绿柱扩大_零上,2026-04-03,6.314,31.5,22.3
日线+周线,SH.601113,华鼎股份,MACD绿柱扩大_零上,2026-05-18,4.46,MACD绿柱扩大_零上,2026-05-29,4.05,31.5,22.2
日线+周线,SZ.300898,熊猫乳品,一买 / MACD绿柱扩大_零上,2026-05-27,20.52,MACD绿柱缩小_零下,2026-05-22,22.69,30,22.2
日线+周线,SH.600638,新黄浦,一买,2026-05-28,5.48,MACD绿柱扩大_零上,2026-05-29,5.65,28,22
日线+周线,SH.688383,新益昌,二买,2026-05-07,96.01,MACD绿柱扩大_零上,2026-03-27,67.46,34.1,22
日线+周线,SZ.301212,联盛化学,MACD绿柱扩大_零上,2026-05-29,29.79,MACD绿柱扩大_零上,2026-04-10,27.5,29.75,22
日线+周线,SH.603508,思维列控,MACD绿柱扩大_零上,2026-05-26,23.57,MACD绿柱缩小_零下,2026-04-17,23.956,30,21.7
日线+周线,SZ.002793,罗欣药业,MACD绿柱扩大_零上,2026-05-22,4.5,MACD绿柱缩小_零下,2026-04-03,5.04,31.5,21.7
日线+周线,SZ.301286,侨源股份,MACD绿柱扩大_零上,2026-05-29,54.08,二买 / 三买 / MACD绿柱扩大_零上,2026-04-17,50.99,42.9,21.7
日线+周线,SH.600376,首开股份,缺口买:普通,2026-05-26,5.02,MACD绿柱扩大_零上,2026-04-24,4.46,26.25,21.5
日线+周线,SH.603979,金诚信,二买,2026-05-18,60.53,MACD绿柱扩大_零上,2026-04-10,60.75,34.1,21.5
日线+周线,SZ.300351,永贵电器,MACD绿柱扩大_零上,2026-05-29,17.89,MACD绿柱扩大_零上,2026-04-10,15.62,29.75,21.5
日线+周线,SH.605180,华生科技,MACD绿柱扩大_零上,2026-05-21,14.68,二买 / MACD绿柱扩大_零上,2026-04-10,14.75,34.1,21.4
日线+周线,SH.600623,华谊集团,一买,2026-05-28,8.52,MACD绿柱扩大_零上,2026-05-29,8.74,28,21.3
日线+周线,SZ.003018,金富科技,趋势买 / 缺口买:普通,2026-05-29,67.33,二买 / 三买,2025-12-31,15.46,34.1,21.3
日线+周线,SH.603368,柳药集团,一买,2026-05-28,15.63,MACD绿柱缩小_零下,2026-05-15,16.55,30,21.2
日线+周线,SZ.002316,亚联发展,MACD绿柱扩大_零上,2026-05-29,4.98,MACD绿柱扩大_零上,2026-04-24,5.1,31.5,21.2
日线+周线,SZ.301505,苏州规划,一买,2026-05-29,19.49,MACD绿柱扩大_零上,2026-05-29,19.61,28,21.1
日线+周线,SH.600589,大位科技,MACD绿柱扩大_零上 / 缺口买:普通,2026-05-29,10.85,二买 / 三买 / 缺口买:持续,2026-05-08,12.51,42.9,20.8
日线+周线,SZ.300773,拉卡拉,MACD绿柱扩大_零上,2026-05-29,24.22,二买 / MACD绿柱扩大_零上,2026-04-10,25.55,34.1,20.8
日线+周线,SZ.300777,中简科技,MACD绿柱扩大_零上,2026-05-29,33.42,MACD绿柱扩大_零上,2026-04-10,37.11,28,20.8
日线+周线,SZ.300845,捷安高科,MACD绿柱扩大_零上,2026-05-29,14.1,二买 / 三买,2025-12-19,10.402,34.1,20.7
日线+周线,SZ.001283,豪鹏科技,MACD绿柱扩大_零上,2026-05-29,54.53,二买 / 三买,2026-03-13,45.959,34.1,20.6
日线+周线,SH.603322,超讯通信,MACD绿柱扩大_零上,2026-05-29,31.17,MACD绿柱缩小_零下,2026-04-30,32.5,30,20.5
日线+周线,SH.688539,高华科技,MACD绿柱扩大_零上,2026-05-26,36.67,MACD绿柱扩大_零上,2026-04-10,35.63,35,20.5
日线+周线,SZ.003007,直真科技,MACD绿柱扩大_零上,2026-05-29,42.15,背驰买 / MACD绿柱扩大_零上,2026-04-30,44.72,29.75,20.5
日线+周线,SH.600736,苏州高新,MACD绿柱扩大_零上,2026-05-27,7.21,MACD绿柱扩大_零上,2026-04-17,6.29,31.5,20.4
日线+周线,SZ.301138,华研精机,MACD绿柱缩小_零下,2026-05-20,32.37,MACD绿柱扩大_零上,2026-05-08,33.93,30,20.4
日线+周线,SH.600764,中国海防,一买,2026-05-29,20.38,MACD绿柱缩小_零下,2026-05-15,22.95,30,20.3
日线+周线,SZ.002109,兴化股份,MACD绿柱缩小_零下,2026-05-27,2.8,MACD绿柱扩大_零上,2026-05-08,3.47,29.7,20.3
日线+周线,SH.603757,大元泵业,MACD绿柱扩大_零上,2026-05-29,54.78,二买,2026-02-06,39.35,34.1,20.2
日线+周线,SZ.002046,国机精工,三买 / MACD绿柱扩大_零上,2026-05-22,49.61,MACD绿柱扩大_零上,2026-04-10,47.53,32.5,20
日线+周线,SZ.300692,中赋科技,MACD绿柱扩大_零上,2026-05-19,8.64,MACD绿柱扩大_零上,2026-03-27,8.15,29.75,20
日线+周线,SZ.000731,四川美丰,一买,2026-05-27,5.92,MACD绿柱扩大_零上,2026-05-22,6.33,28,19.9
日线+周线,SZ.000708,中信特钢,MACD绿柱缩小_零下,2026-05-26,14.55,MACD绿柱扩大_零上,2026-05-29,14.14,35,19.8
日线+周线,SH.603933,睿能科技,MACD绿柱扩大_零上,2026-05-29,24.05,MACD绿柱扩大_零上,2026-03-25,22.3,35,19.7
日线+周线,SZ.300622,博士眼镜,MACD绿柱扩大_零上,2026-05-29,17.18,MACD绿柱缩小_零下,2026-05-29,17.18,31.5,19.5
日线+周线,SH.600421,*ST华嵘,缺口买:衰竭,2026-04-29,4.08,缺口买:衰竭,2026-04-29,4.08,16.25,19.3
日线+周线,SH.603137,恒尚节能,MACD绿柱扩大_零上,2026-05-27,12.99,MACD绿柱缩小_零下 / MACD绿柱扩大_零上,2026-05-15,13.85,31.5,19.3
日线+周线,SZ.300082,奥克股份,MACD绿柱扩大_零上,2026-05-21,10.34,背驰买,2026-03-27,8.89,31.5,19.2
日线+周线,SZ.301203,国泰环保,MACD绿柱扩大_零上,2026-05-29,43.99,二买 / 三买,2026-03-27,37.9,42.9,19.2
日线+周线,SZ.002107,沃华医药,MACD绿柱扩大_零上,2026-05-21,6.67,MACD绿柱扩大_零上,2026-04-03,6.94,29.75,19.1
日线+周线,SZ.301049,超越科技,MACD绿柱扩大_零上,2026-05-29,21.25,MACD绿柱扩大_零上,2026-04-17,22.34,31.5,19.1
日线+周线,SZ.002739,儒意电影,MACD绿柱缩小_零下,2026-05-27,9.21,MACD绿柱缩小_零下,2026-05-29,9.21,30,19
日线+周线,SZ.300864,南大环境,MACD绿柱扩大_零上,2026-05-29,22.3,MACD绿柱扩大_零上,2026-04-17,19.77,31.5,19
日线+周线,SZ.000807,云铝股份,MACD绿柱缩小_零下,2026-05-26,31.69,MACD绿柱扩大_零上,2026-05-29,28.49,30,18.7
日线+周线,SZ.002108,沧州明珠,MACD绿柱扩大_零上,2026-05-28,5.07,二买 / 三买 / MACD绿柱扩大_零上,2026-04-03,4.63,42.9,18.7
日线+周线,SZ.301287,康力源,MACD绿柱扩大_零上,2026-05-26,39.23,MACD绿柱扩大_零上,2026-04-10,42.04,29.75,18.6
日线+周线,SH.688557,兰剑智能,MACD绿柱扩大_零上,2026-05-29,31.17,MACD绿柱缩小_零下 / MACD绿柱扩大_零上,2026-05-22,35.19,30,18.5
日线+周线,SZ.301510,固高科技,MACD绿柱扩大_零上,2026-05-29,33.06,二买 / MACD绿柱扩大_零上,2026-04-10,29.4,34.1,18.5
日线+周线,SZ.002967,广电计量,MACD绿柱扩大_零上,2026-05-29,20.92,MACD绿柱扩大_零上,2026-04-17,22.15,33.25,18.4
日线+周线,SZ.300253,卫宁健康,一买 / MACD绿柱扩大_零上,2026-05-29,7.8,MACD绿柱缩小_零下 / MACD绿柱扩大_零上,2026-05-22,8.62,30,18.4
日线+周线,SZ.301112,信邦智能,MACD绿柱扩大_零上,2026-05-29,33.02,背驰买 / MACD绿柱缩小_零下,2026-05-08,36.57,30,18.3
日线+周线,SH.603290,斯达半导,二买 / 三买,2026-05-19,117.2,二买,2026-03-13,96,42.9,18.2
日线+周线,SZ.300568,星源材质,MACD绿柱扩大_零上,2026-05-29,15.82,二买 / 三买,2026-03-13,13.14,34.1,18.2
日线+周线,SZ.001211,双枪科技,MACD绿柱扩大_零上,2026-05-29,42,MACD绿柱扩大_零上,2026-04-03,28.01,28,18
日线+周线,SZ.002558,巨人网络,一买,2026-05-28,25.76,MACD绿柱缩小_零下 / MACD绿柱扩大_零上,2026-05-22,27.47,31.5,17.9
日线+周线,SZ.002392,北京利尔,MACD绿柱扩大_零上,2026-05-28,8.51,背驰买 / MACD绿柱扩大_零上,2026-04-10,7.48,33.25,17.8
日线+周线,SZ.002628,成都路桥,MACD绿柱扩大_零上,2026-05-29,4.94,二买,2026-03-27,4.64,34.1,17.8
日线+周线,SZ.300326,ST凯利,MACD绿柱扩大_零上,2026-05-28,6.93,二买,2026-03-27,5.56,34.1,17.7
日线+周线,SZ.300693,盛弘股份,MACD绿柱扩大_零上,2026-05-29,51.25,缺口买:普通,2026-05-15,59.741,26.25,17.7
日线+周线,SH.600119,长江投资,MACD绿柱扩大_零上,2026-05-25,5.94,MACD绿柱缩小_零下 / 形态:头肩底,2026-05-08,6.44,30,17.5
日线+周线,SH.688758,赛分科技,MACD绿柱扩大_零上,2026-05-19,19.49,MACD绿柱扩大_零上,2026-03-27,17.35,29.75,17.5
日线+周线,SH.688299,长阳科技,MACD绿柱扩大_零上,2026-05-29,16.58,背驰买,2026-03-27,15.46,26.25,17.4
日线+周线,SZ.002163,海南发展,一买,2026-05-28,10.13,MACD绿柱扩大_零上,2026-04-10,12.73,35,17.4
日线+周线,SH.603296,华勤技术,MACD绿柱扩大_零上,2026-05-29,106.4,MACD绿柱扩大_零上,2026-03-27,84.68,29.75,17.2
日线+周线,SH.600082,ST海泰,MACD绿柱扩大_零上,2026-05-29,3.37,MACD绿柱扩大_零上,2026-03-27,3.63,28,17.1
日线+周线,SH.688007,光峰科技,MACD绿柱扩大_零上,2026-05-29,13.81,MACD绿柱缩小_零下,2026-05-29,13.81,30,17.1
日线+周线,SZ.300843,胜蓝股份,MACD绿柱扩大_零上,2026-05-29,90.52,三买,2025-11-28,43.08,32.5,17
日线+周线,SZ.301372,科净源,MACD绿柱扩大_零上,2026-05-29,35.56,背驰买,2026-03-27,24.06,33.25,17
日线+周线,SZ.300780,德恩精工,MACD绿柱扩大_零上,2026-05-29,26.91,二买 / MACD绿柱扩大_零上,2026-04-10,22.53,34.1,16.7
日线+周线,SZ.301000,肇民科技,MACD绿柱扩大_零上,2026-05-29,30.77,背驰买,2026-04-30,26.74,26.25,16.7
日线+周线,SZ.300189,神农种业,一买,2026-05-28,5.02,MACD绿柱扩大_零上,2026-05-22,5.41,29.75,16.6
日线+周线,SH.605338,巴比食品,一买,2026-05-28,19.94,MACD绿柱扩大_零上,2026-04-30,23.2,28,16.5
日线+周线,SH.688053,ST思科瑞,MACD绿柱扩大_零上,2026-05-29,37.13,MACD绿柱扩大_零上,2026-05-29,37.13,28,16.5
日线+周线,SZ.301095,广立微,MACD绿柱扩大_零上,2026-05-29,93.51,背驰买 / MACD绿柱扩大_零上,2026-04-10,72.41,29.75,16.4
日线+周线,SZ.002115,三维通信,MACD绿柱扩大_零上,2026-05-29,12.2,二买 / MACD绿柱扩大_零上,2026-04-10,12.17,34.1,16.3
日线+周线,SZ.300422,博世科,MACD绿柱扩大_零上,2026-05-29,5.24,背驰买,2026-04-03,4.45,33.25,16.3
日线+周线,SZ.300839,博汇股份,MACD绿柱扩大_零上,2026-05-29,16.69,二买 / 三买,2026-02-06,11.38,42.9,16.3
日线+周线,SZ.002779,中坚科技,MACD绿柱缩小_零下,2026-05-21,73.78,MACD绿柱缩小_零下,2026-04-30,80.05,30,16.1
日线+周线,SZ.301180,万祥科技,一买,2026-05-29,14.97,MACD绿柱扩大_零上,2026-05-29,15.1,28,16.1
日线+周线,SH.600749,西藏旅游,MACD绿柱缩小_零下,2026-05-29,14.82,MACD绿柱缩小_零下,2026-04-10,16.99,30,16
日线+周线,SZ.002200,*ST交投,MACD绿柱扩大_零上,2026-05-28,7.27,三买,2025-10-17,6.177,35,16
日线+周线,SZ.002492,恒基达鑫,MACD绿柱扩大_零上,2026-05-18,7.65,MACD绿柱扩大_零上,2026-05-22,7.06,29.75,15.9
日线+周线,SZ.002497,雅化集团,MACD绿柱扩大_零上,2026-05-22,24.21,MACD绿柱扩大_零上,2026-04-10,24.19,31.5,15.9
日线+周线,SH.688528,秦川物联,MACD绿柱扩大_零上,2026-05-29,11.36,背驰买 / MACD绿柱扩大_零上,2026-04-10,10.84,28,15.8
日线+周线,SH.688217,睿昂基因,MACD绿柱扩大_零上,2026-05-26,26.9,MACD绿柱扩大_零上,2026-05-29,25.16,29.75,15.3
日线+周线,SH.688543,国科军工,MACD绿柱缩小_零下,2026-05-25,47.66,MACD绿柱扩大_零上,2026-05-29,43.25,30,15.3
日线+周线,SZ.002151,北斗星通,MACD绿柱扩大_零上,2026-05-26,37.67,MACD绿柱扩大_零上,2026-04-17,38.48,33.25,15.2
日线+周线,SH.603633,徕木股份,MACD绿柱扩大_零上,2026-05-21,7.66,MACD绿柱缩小_零下,2026-05-22,8.05,30,15
日线+周线,SH.603759,海天股份,一买,2026-05-28,7.93,MACD绿柱扩大_零上,2026-04-17,9.33,28,15
日线+周线,SH.603130,云中马,MACD绿柱扩大_零上,2026-05-29,42.4,MACD绿柱扩大_零上,2026-04-10,38.23,31.5,14.9
日线+周线,SH.688395,正弦电气,MACD绿柱扩大_零上,2026-05-29,26.2,二买,2025-10-17,23.61,34.1,14.9
日线+周线,SZ.300981,中红医疗,MACD绿柱扩大_零上,2026-05-29,12.64,二买 / 三买,2026-03-06,11.701,34.1,14.8
日线+周线,SZ.300118,东方日升,MACD绿柱扩大_零上,2026-05-27,15.37,MACD绿柱扩大_零上,2026-04-30,17.74,31.5,14.7
日线+周线,SZ.301616,浙江华业,MACD绿柱缩小_零下,2026-05-22,43.77,MACD绿柱扩大_零上,2026-04-10,49.29,33.25,14.7
日线+周线,SZ.001296,长江材料,一买 / MACD绿柱缩小_零下,2026-05-29,19.66,MACD绿柱扩大_零上,2026-05-22,21.61,30,14.6
日线+周线,SZ.002236,大华股份,MACD绿柱扩大_零上,2026-05-18,17.402,MACD绿柱扩大_零上,2026-04-10,17.062,33.25,14.6
日线+周线,SH.600559,老白干酒,一买,2026-05-27,12.27,MACD绿柱缩小_零下,2026-05-29,13.02,30,14.5
日线+周线,SH.600545,卓郎智能,二买,2026-05-20,5.54,二买 / 三买,2026-02-06,2.44,42.9,14.2
日线+周线,SZ.300208,,MACD绿柱缩小_零下,2025-07-14,0.3,MACD绿柱缩小_零下,2025-04-03,1.97,30,14.1
日线+周线,SH.603928,兴业股份,MACD绿柱扩大_零上,2026-05-29,15.32,MACD绿柱扩大_零上,2026-04-10,14.96,33.25,14
日线+周线,SZ.000156,华数传媒,一买,2026-05-28,6.82,MACD绿柱扩大_零上,2026-04-10,7.5,28,14
日线+周线,SH.603915,国茂股份,MACD绿柱扩大_零上,2026-05-29,16.36,MACD绿柱扩大_零上,2026-04-10,15.09,35,13.9
日线+周线,SZ.301098,金埔园林,MACD绿柱扩大_零上,2026-05-29,9.94,MACD绿柱扩大_零上,2026-04-10,8.44,28,13.9
日线+周线,SH.603332,苏州龙杰,MACD绿柱扩大_零上,2026-05-27,12.14,一买 / MACD绿柱扩大_零上,2026-04-10,12.99,29.75,13.8
日线+周线,SZ.300085,银之杰,MACD绿柱扩大_零上,2026-05-29,38.68,背驰买,2026-04-10,33.4,29.75,13.8
日线+周线,SH.688135,利扬芯片,MACD绿柱扩大_零上,2026-05-29,36.3,MACD绿柱扩大_零上,2026-04-10,29.69,31.5,13.7
日线+周线,SH.688608,恒玄科技,MACD绿柱扩大_零上,2026-05-29,166.71,背驰买 / MACD绿柱缩小_零下,2026-05-08,178.96,27.6,13.7
日线+周线,SZ.002187,广百股份,一买,2026-05-28,5.46,MACD绿柱扩大_零上,2026-04-10,6.31,35,13.7
日线+周线,SZ.301229,纽泰格,一买,2026-05-29,14.41,MACD绿柱缩小_零下,2026-05-15,17.25,30,13.7
日线+周线,SH.603680,今创集团,MACD绿柱扩大_零上,2026-05-28,12.52,MACD绿柱扩大_零上,2026-04-17,13.25,33.25,13.5
日线+周线,SH.688152,麒麟信安,MACD绿柱扩大_零上,2026-05-29,31.36,背驰买,2026-04-10,31.99,28,13.5
日线+周线,SH.600955,维远股份,MACD绿柱扩大_零上,2026-05-22,17.32,MACD绿柱扩大_零上,2026-05-29,16.17,35,13.3
日线+周线,SZ.300830,金现代,一买,2026-05-29,9.35,MACD绿柱扩大_零上,2026-04-24,10.53,31.5,13.3
日线+周线,SH.603803,瑞斯康达,MACD绿柱扩大_零上,2026-05-29,13.5,二买,2026-03-06,9.51,34.1,13.1
日线+周线,SH.688013,天臣医疗,MACD绿柱缩小_零下,2026-05-29,29.03,MACD绿柱缩小_零下 / MACD绿柱扩大_零上,2026-05-08,35.8,30,13.1
日线+周线,SZ.300447,全信股份,MACD绿柱扩大_零上,2026-05-19,18.68,MACD绿柱扩大_零上,2026-05-29,15.68,28,13.1
日线+周线,SZ.301077,星华新材,MACD绿柱扩大_零上,2026-05-27,27.48,MACD绿柱扩大_零上,2026-04-10,27.36,33.25,12.8
日线+周线,SH.601107,四川成渝,MACD绿柱扩大_零上,2026-05-29,6.33,MACD绿柱扩大_零上,2026-04-17,6.01,29.75,12.6
日线+周线,SZ.002692,远程股份,MACD绿柱缩小_零下,2026-05-25,5.13,MACD绿柱扩大_零上,2026-05-29,4.56,30,12.6
日线+周线,SZ.300919,中伟新材,MACD绿柱扩大_零上,2026-05-25,53.88,MACD绿柱扩大_零上,2026-04-10,52.53,28,12.5
日线+周线,SH.688486,龙迅股份,MACD绿柱扩大_零上,2026-05-29,73.86,MACD绿柱扩大_零上,2026-04-03,57.14,24.5,12.4
日线+周线,SH.600300,维维股份,MACD绿柱扩大_零上,2026-05-25,3.276,MACD绿柱扩大_零上,2026-04-17,3.476,33.25,12.3
日线+周线,SH.600858,银座股份,一买,2026-05-27,5,MACD绿柱扩大_零上,2026-04-10,5.68,33.25,12.3
日线+周线,SZ.300332,天壕能源,一买,2026-05-29,4.91,MACD绿柱扩大_零上,2026-05-29,4.95,28,11.9
日线+周线,SZ.002631,德尔未来,MACD绿柱扩大_零上,2026-05-29,6.94,二买,2025-12-19,4.96,42.9,11.8
日线+周线,SZ.300876,蒙泰高新,MACD绿柱扩大_零上,2026-05-29,25.79,MACD绿柱扩大_零上,2026-04-03,24.78,31.5,11.8
日线+周线,SZ.300045,华力创通,MACD绿柱扩大_零上,2026-05-26,21.26,MACD绿柱缩小_零下 / MACD绿柱扩大_零上,2026-05-22,22.45,30,11.6
日线+周线,SZ.002298,中电鑫龙,MACD绿柱扩大_零上,2026-05-28,9.92,MACD绿柱扩大_零上,2026-04-30,9.8,31.5,11.5
日线+周线,SH.603619,中曼石油,一买 / MACD绿柱缩小_零下,2026-05-27,24.95,MACD绿柱扩大_零上,2026-05-22,28.33,30,11.3
日线+周线,SZ.002494,华斯股份,MACD绿柱扩大_零上,2026-05-29,5.32,MACD绿柱扩大_零上,2026-04-10,5.21,35,11.1
日线+周线,SZ.301158,德石股份,MACD绿柱扩大_零上,2026-05-27,16.765,MACD绿柱扩大_零上,2026-04-24,18.353,28,11.1
日线+周线,SH.688592,司南导航,MACD绿柱扩大_零上,2026-05-25,42.65,MACD绿柱扩大_零上,2026-05-29,38.17,35,10.9
日线+周线,SZ.300812,易天股份,二买,2026-04-29,34.1,三买,2026-03-27,31.8,34.1,10.8
日线+周线,SH.605068,明新旭腾,MACD绿柱扩大_零上,2026-05-27,25.33,MACD绿柱扩大_零上,2026-04-30,25.71,31.5,10.6
日线+周线,SZ.301366,一博科技,MACD绿柱扩大_零上,2026-05-21,41.21,背驰买,2026-03-27,29.83,28,10.6
日线+周线,SZ.300287,飞利信,MACD绿柱扩大_零上,2026-05-27,4.12,MACD绿柱缩小_零下,2026-05-15,4.58,30,10.5
日线+周线,SZ.002707,众信旅游,一买,2026-05-28,5.55,一买,2026-05-29,5.55,28,10.1
日线+周线,SZ.002338,奥普光电,MACD绿柱扩大_零上,2026-05-28,60.27,MACD绿柱扩大_零上,2026-04-10,52.07,35,9.7
日线+周线,SH.688156,路德科技,MACD绿柱扩大_零上,2026-05-29,25.33,二买,2025-12-19,14.65,34.1,9.4
日线+周线,SH.600538,国发股份,MACD绿柱扩大_零上,2026-05-29,6.43,MACD绿柱扩大_零上,2026-04-03,6.42,31.5,9.3
日线+周线,SH.688123,聚辰股份,MACD绿柱扩大_零上,2026-05-29,132.97,MACD绿柱扩大_零上,2026-04-10,113.18,31.5,9.3
日线+周线,SZ.002853,皮阿诺,MACD绿柱扩大_零上,2026-05-29,24.23,MACD绿柱扩大_零上,2026-05-29,24.23,24.5,9.3
日线+周线,SH.688005,容百科技,MACD绿柱扩大_零上,2026-05-29,31,MACD绿柱扩大_零上,2026-04-10,30.4,29.75,9
日线+周线,SH.688565,力源科技,一买,2026-05-28,10.8,MACD绿柱扩大_零上,2026-05-29,11.21,28,9
日线+周线,SZ.003012,东鹏控股,MACD绿柱缩小_零下,2026-05-27,5.038,MACD绿柱扩大_零上,2026-04-17,5.918,30,9
日线+周线,SZ.300171,东富龙,MACD绿柱缩小_零下,2026-05-29,11.78,MACD绿柱扩大_零上,2026-04-30,13.12,30,8.6
日线+周线,SZ.000792,盐湖股份,MACD绿柱缩小_零下 / MACD绿柱扩大_零上,2026-05-29,30.77,MACD绿柱扩大_零上,2026-05-29,30.77,30,8.4
日线+周线,SZ.002168,*ST惠程,MACD绿柱扩大_零上,2026-05-19,3.98,MACD绿柱扩大_零上,2026-04-03,3.92,35,8.4
日线+周线,SH.601089,福元医药,MACD绿柱缩小_零下,2026-05-29,18.4,MACD绿柱扩大_零上,2026-05-08,21.07,30,8.3
日线+周线,SZ.301315,威士顿,MACD绿柱扩大_零上,2026-05-25,49.26,MACD绿柱缩小_零下 / MACD绿柱扩大_零上,2026-05-22,50.03,31.5,8.2
日线+周线,SH.603190,亚通精工,MACD绿柱扩大_零上,2026-05-29,26.03,二买 / MACD绿柱扩大_零上,2026-04-10,25.23,34.1,7.8
日线+周线,SZ.300413,芒果超媒,一买,2026-05-28,17.07,MACD绿柱缩小_零下,2026-05-15,19.33,28,7.6
日线+周线,SH.603739,蔚蓝生物,一买,2026-05-28,12.51,MACD绿柱扩大_零上,2026-04-10,14.87,28,7.5
日线+周线,SH.688560,明冠新材,MACD绿柱扩大_零上,2026-05-28,15.57,MACD绿柱扩大_零上,2026-05-29,14.5,29.75,7.4
日线+周线,SH.605056,咸亨国际,MACD绿柱缩小_零下,2026-05-25,25.4,二买 / 三买,2026-03-27,21.07,42.9,7.3
日线+周线,SZ.002871,伟隆股份,MACD绿柱扩大_零上,2026-05-29,20.12,二买 / MACD绿柱扩大_零上,2026-04-17,18.23,34.1,7.3
日线+周线,SZ.300035,中科电气,MACD绿柱缩小_零下,2026-05-22,19.41,MACD绿柱扩大_零上,2026-05-29,16.46,30,7.2
日线+周线,SZ.300901,中胤时尚,MACD绿柱扩大_零上,2026-05-27,16.36,MACD绿柱扩大_零上,2026-04-17,14.38,31.5,7.1
日线+周线,SH.603073,彩蝶实业,MACD绿柱扩大_零上,2026-05-26,18.89,MACD绿柱扩大_零上,2026-05-29,17.82,29.75,7
日线+周线,SZ.300971,博亚精工,MACD绿柱扩大_零上,2026-05-28,22.55,MACD绿柱扩大_零上,2026-04-10,23.05,33.25,6.9
日线+周线,SZ.301128,强瑞技术,MACD绿柱扩大_零上,2026-05-29,123.78,二买,2026-03-13,68,34.1,6.9
日线+周线,SZ.000803,山高环能,一买,2026-05-26,7.41,MACD绿柱扩大_零上,2026-05-29,7.88,28,6.8
日线+周线,SZ.002937,兴瑞科技,MACD绿柱扩大_零上,2026-05-29,31.33,二买,2025-10-24,17.422,42.9,6.7
日线+周线,SH.603127,昭衍新药,MACD绿柱扩大_零上,2026-05-29,35.17,MACD绿柱扩大_零上,2026-03-27,30.24,28,6.5
日线+周线,SZ.301536,星宸科技,MACD绿柱扩大_零上,2026-05-29,82.78,二买,2026-04-10,66.581,42.9,6.4
日线+周线,SH.603409,汇通控股,MACD绿柱扩大_零上,2026-05-29,39.02,二买,2026-03-06,34.9,34.1,6.1
日线+周线,SZ.000590,古汉医药,一买,2026-05-27,9.96,MACD绿柱扩大_零上,2026-05-15,10.46,33.25,6
日线+周线,SZ.002549,凯美特气,MACD绿柱扩大_零上,2026-05-20,19.04,MACD绿柱扩大_零上,2026-05-29,15.22,28,6
日线+周线,SH.688251,井松智能,MACD绿柱缩小_零下,2026-05-22,29.1,MACD绿柱扩大_零上,2026-05-29,25.4,30,5.9
日线+周线,SZ.300618,寒锐钴业,MACD绿柱缩小_零下 / MACD绿柱扩大_零上,2026-05-27,40.57,MACD绿柱扩大_零上,2026-04-10,43.25,31.5,5.8
日线+周线,SZ.300371,汇中股份,MACD绿柱扩大_零上,2026-05-27,11.87,二买 / MACD绿柱扩大_零上,2026-04-17,12.61,42.9,5.7
日线+周线,SH.600331,宏达股份,MACD绿柱扩大_零上,2026-05-21,15.85,MACD绿柱扩大_零上,2026-04-17,16.59,31.5,5.6
日线+周线,SZ.002188,中天服务,MACD绿柱扩大_零上,2026-05-27,6.3,MACD绿柱扩大_零上,2026-05-29,6.09,29.75,5.3
日线+周线,SH.600803,新奥股份,一买,2026-05-27,19.2,MACD绿柱扩大_零上,2026-05-29,19.55,33.25,5.2
日线+周线,SZ.300048,合康新能,一买,2026-05-26,5.77,MACD绿柱扩大_零上,2026-05-29,5.84,29.75,5.2
日线+周线,SZ.301363,美好医疗,MACD绿柱扩大_零上,2026-05-29,25.22,MACD绿柱扩大_零上,2026-04-17,26.2,31.5,5.2
日线+周线,SZ.300092,科新机电,MACD绿柱扩大_零上,2026-05-25,15.12,二买 / 三买 / MACD绿柱扩大_零上,2026-04-10,16.34,42.9,5
日线+周线,SH.600654,中安科,MACD绿柱扩大_零上,2026-05-22,3.58,MACD绿柱扩大_零上,2026-04-03,3.64,35,4.9
日线+周线,SZ.002559,亚威股份,MACD绿柱扩大_零上,2026-05-29,9.78,MACD绿柱扩大_零上,2026-04-03,9.026,29.75,4.9
日线+周线,SZ.301486,致尚科技,二买,2026-04-20,165,二买 / 三买 / MACD绿柱扩大_零上,2026-04-17,169.69,42.9,4.9
日线+周线,SH.601969,海南矿业,MACD绿柱扩大_零上,2026-05-19,10.81,MACD绿柱扩大_零上,2026-05-29,9.66,28,4.8
日线+周线,SZ.300220,金运激光,MACD绿柱扩大_零上,2026-05-25,13.53,背驰买,2026-03-27,12.77,28,4.6
日线+周线,SH.600846,同济科技,MACD绿柱扩大_零上,2026-05-25,12.16,MACD绿柱缩小_零下 / MACD绿柱扩大_零上,2026-05-22,12.15,31.5,4.5
日线+周线,SH.688618,三旺通信,MACD绿柱扩大_零上,2026-05-29,35.75,缺口买:普通,2026-05-15,42.16,26.25,4.5
日线+周线,SH.600916,中国黄金,一买,2026-05-28,7.8,MACD绿柱扩大_零上,2026-05-29,7.94,31.5,4.4
日线+周线,SZ.300509,新美星,一买,2026-05-29,9.5,MACD绿柱扩大_零上,2026-04-24,11.27,31.5,4.3
日线+周线,SZ.300736,百邦科技,MACD绿柱扩大_零上,2026-05-29,34.09,缺口买:普通,2026-05-15,37.41,26.25,4.3
日线+周线,SH.603788,宁波高发,MACD绿柱扩大_零上,2026-05-29,15.65,MACD绿柱扩大_零上,2026-03-27,14.94,31.5,4.2
日线+周线,SZ.300349,金卡智能,背驰买,2026-04-28,12.64,MACD绿柱扩大_零上,2026-05-08,13.95,28,4.2
日线+周线,SH.600130,*ST波导,MACD绿柱扩大_零上,2026-05-29,4.93,二买 / 三买 / 形态:头肩底,2025-12-19,3.77,42.9,4.1
日线+周线,SZ.300172,中电环保,一买,2026-05-28,4.76,MACD绿柱扩大_零上,2026-04-30,5.33,29.75,4.1
日线+周线,SH.600774,汉商集团,一买,2026-05-27,7.36,MACD绿柱扩大_零上,2026-04-10,8.88,28,4
日线+周线,SH.601698,中国卫通,MACD绿柱扩大_零上,2026-05-25,33.4,MACD绿柱扩大_零上,2026-05-29,30.1,35,3.9
日线+周线,SZ.002821,凯莱英,MACD绿柱扩大_零上,2026-05-29,117.42,MACD绿柱扩大_零上,2026-03-27,99.9,29.75,3.8
日线+周线,SH.603339,四方科技,MACD绿柱扩大_零上,2026-05-27,12.65,二买 / MACD绿柱扩大_零上 / 形态:头肩底,2026-04-10,13.01,34.1,3.7
日线+周线,SH.603696,安记食品,一买,2026-05-28,13.22,MACD绿柱扩大_零上,2026-04-10,15.93,31.5,3.7
日线+周线,SH.688081,兴图新科,MACD绿柱扩大_零上,2026-05-29,53.25,二买,2026-03-27,35.44,42.9,3.6
日线+周线,SZ.300337,银邦股份,MACD绿柱扩大_零上,2026-05-26,12.88,MACD绿柱扩大_零上,2026-04-10,12.57,35,3.6
日线+周线,SZ.300252,金信诺,MACD绿柱扩大_零上,2026-05-29,14.81,MACD绿柱扩大_零上,2026-04-10,14.19,31.5,3.3
日线+周线,SH.603299,苏盐井神,一买,2026-05-29,10.1,MACD绿柱扩大_零上,2026-05-29,10.27,33.25,3.2
日线+周线,SH.600078,澄星股份,MACD绿柱扩大_零上,2026-05-29,12.25,三买,2025-12-31,9.41,32.5,3.1
日线+周线,SH.603217,元利科技,MACD绿柱扩大_零上,2026-05-29,26.8,MACD绿柱扩大_零上,2026-03-27,25.29,29.75,2.8
日线+周线,SH.603699,纽威股份,MACD绿柱扩大_零上,2026-05-29,57.45,MACD绿柱扩大_零上,2026-04-17,51.2,35,2.6
日线+周线,SZ.002715,登云股份,MACD绿柱扩大_零上,2026-05-29,15.53,MACD绿柱缩小_零下,2026-03-27,15.5,35,2.6
日线+周线,SZ.300270,中威电子,MACD绿柱扩大_零上,2026-05-29,12.87,MACD绿柱扩大_零上,2026-04-10,10.44,35,2.5
日线+周线,SZ.300192,科德教育,MACD绿柱扩大_零上,2026-05-21,17.85,MACD绿柱扩大_零上,2026-05-29,16.82,26.25,2.3
日线+周线,SZ.301219,腾远钴业,MACD绿柱扩大_零上,2026-05-29,77.71,MACD绿柱扩大_零上,2026-04-10,64.5,31.5,2.2
日线+周线,SZ.301167,建研设计,MACD绿柱扩大_零上,2026-05-27,15.66,MACD绿柱扩大_零上,2026-05-29,15.27,29.75,2.1
日线+周线,SZ.002879,长缆科技,MACD绿柱缩小_零下,2026-05-19,17.94,MACD绿柱扩大_零上,2026-05-29,15.85,30,2
日线+周线,SZ.003017,大洋生物,MACD绿柱扩大_零上,2026-05-25,29.79,MACD绿柱扩大_零上,2026-04-10,31.25,29.75,2
日线+周线,SH.600052,东望时代,MACD绿柱扩大_零上,2026-05-29,4.23,形态:头肩底,2025-09-19,5,29.75,1.8
日线+周线,SH.688109,品茗科技,背驰买,2026-05-22,76,MACD绿柱扩大_零上,2026-05-29,77,22.75,1.8
日线+周线,SH.603048,浙江黎明,MACD绿柱扩大_零上,2026-05-28,20.84,二买,2026-03-27,18.41,34.1,1.7
日线+周线,SZ.300292,吴通控股,MACD绿柱扩大_零上,2026-05-29,5.39,缺口买:普通,2026-05-15,6.55,33.25,1.7
日线+周线,SZ.300588,熙菱信息,MACD绿柱缩小_零下,2026-05-29,19.46,MACD绿柱扩大_零上,2026-05-29,19.46,30,1.7
日线+周线,SH.688316,青云科技,MACD绿柱扩大_零上,2026-05-26,68.85,MACD绿柱扩大_零上,2026-05-29,61.86,28,1.6
日线+周线,SZ.000938,紫光股份,MACD绿柱扩大_零上,2026-05-28,28.92,背驰买,2026-03-13,23.23,28,1.2
日线+周线,SH.600855,航天长峰,MACD绿柱扩大_零上,2026-05-27,16.53,MACD绿柱扩大_零上,2026-04-10,17.07,31.5,1
日线+周线,SZ.002209,达 意 隆,MACD绿柱缩小_零下,2026-05-26,12.51,MACD绿柱扩大_零上,2026-05-22,13.25,26.7,1
日线+周线,SZ.000858,五 粮 液,MACD绿柱缩小_零下,2026-05-29,84.89,MACD绿柱缩小_零下,2026-03-27,102.65,30,0.9
日线+周线,SZ.002340,格林美,MACD绿柱扩大_零上,2026-05-25,8.1,MACD绿柱扩大_零上,2026-05-29,7.8,35,0.8
日线+周线,SZ.002508,老板电器,MACD绿柱缩小_零下,2026-05-27,17.38,MACD绿柱扩大_零上,2026-05-15,17.92,30,0.8
日线+周线,SH.600392,盛和资源,MACD绿柱扩大_零上,2026-05-21,23.07,MACD绿柱扩大_零上,2026-05-29,21.89,28,0.7
日线+周线,SH.605183,确成股份,MACD绿柱缩小_零下,2026-05-22,16.12,MACD绿柱扩大_零上,2026-04-24,19.64,30,0.7
日线+周线,SZ.002283,天润工业,MACD绿柱扩大_零上,2026-05-29,11.19,二买 / 三买,2026-03-27,8.174,42.9,0.7
日线+周线,SZ.002626,金达威,一买,2026-05-29,14.9,MACD绿柱扩大_零上,2026-03-27,17.86,28,0.6
日线+周线,SZ.002198,嘉应制药,MACD绿柱缩小_零下,2026-05-27,3.77,缺口买:衰竭,2026-05-08,5.01,30,0.5
日线+周线,SZ.300650,太龙股份,MACD绿柱扩大_零上,2026-05-27,14.96,MACD绿柱缩小_零下 / MACD绿柱扩大_零上,2026-05-22,16.05,31.5,0.5
日线+周线,SZ.002448,中原内配,MACD绿柱扩大_零上,2026-05-21,13.9,MACD绿柱扩大_零上,2026-05-29,13.4,28,0.3
日线+周线,SZ.002615,哈尔斯,MACD绿柱扩大_零上,2026-05-28,7.71,背驰买 / MACD绿柱扩大_零上,2026-04-30,8.16,28,0.3
日线+周线,SH.603959,百利科技,一买 / MACD绿柱缩小_零下,2026-05-28,4.14,MACD绿柱扩大_零上,2026-04-03,6.02,30,0.2
日线+周线,SZ.002427,尤夫股份,MACD绿柱缩小_零下,2026-05-29,4.63,MACD绿柱扩大_零上,2026-04-10,6.76,28.2,-0.1
日线+周线,SH.688515,裕太微,MACD绿柱扩大_零上,2026-05-29,191.53,二买 / 缺口买:普通,2026-05-15,206.5,34.1,-0.4
日线+周线,SH.601996,丰林集团,MACD绿柱扩大_零上,2026-05-29,2.66,二买,2026-03-27,2.21,34.1,-0.5
日线+周线,SZ.300519,新光药业,MACD绿柱扩大_零上,2026-05-25,14.62,MACD绿柱扩大_零上,2026-04-17,14.65,33.25,-0.5
日线+周线,SZ.300688,创业黑马,MACD绿柱扩大_零上,2026-05-29,24.89,MACD绿柱缩小_零下,2026-05-22,25.93,30,-0.6
日线+周线,SZ.001872,招商港口,MACD绿柱扩大_零上,2026-05-29,22.3,三买,2026-04-24,21.2,32.5,-0.8
日线+周线,SZ.301010,晶雪节能,MACD绿柱扩大_零上,2026-05-29,19.74,MACD绿柱扩大_零上,2026-04-10,21.49,28,-0.8
日线+周线,SH.603613,国联股份,MACD绿柱扩大_零上,2026-05-22,25.17,MACD绿柱扩大_零上,2026-03-27,24.93,35,-1.1
日线+周线,SZ.002643,万润股份,MACD绿柱扩大_零上,2026-05-29,14.85,二买 / MACD绿柱扩大_零上,2026-04-10,16.28,42.9,-1.3
日线+周线,SZ.301061,匠心家居,一买,2026-05-29,41.2,MACD绿柱扩大_零上,2026-03-27,56.931,28,-1.3
日线+周线,SH.603111,康尼机电,MACD绿柱扩大_零上,2026-05-19,6.74,MACD绿柱缩小_零下,2026-05-15,6.68,30,-1.6
日线+周线,SZ.300594,朗进科技,一买 / MACD绿柱缩小_零下,2026-05-27,16.82,MACD绿柱扩大_零上,2026-05-29,17.25,30,-1.6
日线+周线,SZ.301113,雅艺科技,MACD绿柱扩大_零上,2026-05-28,18.49,MACD绿柱扩大_零上,2026-04-24,18.892,31.5,-1.6
日线+周线,SH.603612,索通发展,MACD绿柱缩小_零下,2026-05-29,20.8,MACD绿柱扩大_零上,2026-05-22,22.34,30,-1.7
日线+周线,SZ.301160,翔楼新材,MACD绿柱扩大_零上,2026-05-29,53.85,MACD绿柱缩小_零下 / MACD绿柱扩大_零上,2026-05-22,62.07,33.25,-2.1
日线+周线,SZ.300911,亿田智能,MACD绿柱扩大_零上,2026-05-27,27.33,背驰买,2026-03-27,26.26,26.25,-2.3
日线+周线,SZ.301135,瑞德智能,MACD绿柱扩大_零上,2026-05-26,19.555,MACD绿柱扩大_零上,2026-04-10,21.412,28,-2.4
日线+周线,SZ.002066,瑞泰科技,MACD绿柱扩大_零上,2026-05-29,24.04,三买 / MACD绿柱扩大_零上,2026-03-27,17.62,40,-2.5
日线+周线,SZ.002248,华东数控,MACD绿柱扩大_零上,2026-05-26,11.5,MACD绿柱扩大_零上,2026-04-24,11.93,29.75,-2.8
日线+周线,SH.603901,永创智能,MACD绿柱扩大_零上,2026-05-26,12.06,MACD绿柱扩大_零上,2026-04-10,12.93,29.75,-2.9
日线+周线,SZ.002201,九鼎新材,MACD绿柱扩大_零上,2026-05-22,12.15,MACD绿柱扩大_零上,2026-04-17,12.22,33.25,-2.9
日线+周线,SZ.301170,锡南科技,MACD绿柱扩大_零上,2026-05-25,27.8,MACD绿柱扩大_零上,2026-05-29,25.06,31.5,-3.4
日线+周线,SZ.002149,西部材料,MACD绿柱扩大_零上,2026-05-29,60.06,MACD绿柱扩大_零上 / 缺口买:普通,2026-05-08,72.44,29.75,-3.7
日线+周线,SH.688285,高铁电气,MACD绿柱扩大_零上,2026-05-27,8.26,MACD绿柱扩大_零上,2026-04-10,8.63,31.5,-3.8
日线+周线,SH.605069,正和生态,MACD绿柱扩大_零上,2026-05-29,11.86,二买 / MACD绿柱扩大_零上,2026-04-10,12.36,42.9,-3.9
日线+周线,SZ.301193,家联科技,MACD绿柱扩大_零上,2026-05-29,21.06,MACD绿柱扩大_零上,2026-05-29,21.06,26.25,-3.9
日线+周线,SZ.300675,建科院,MACD绿柱扩大_零上,2026-05-28,14.51,MACD绿柱扩大_零上,2026-04-10,15.02,35,-4.1
日线+周线,SZ.002023,海特高新,MACD绿柱扩大_零上,2026-05-28,11.81,MACD绿柱扩大_零上,2026-04-03,9.91,35,-4.2
日线+周线,SH.603177,德创环保,MACD绿柱扩大_零上,2026-05-20,11.52,MACD绿柱扩大_零上,2026-05-29,10.29,29.75,-4.3
日线+周线,SH.600818,中路股份,MACD绿柱缩小_零下,2026-05-26,5.77,缺口买:衰竭,2026-05-08,6.66,30,-4.4
日线+周线,SH.688018,乐鑫科技,MACD绿柱扩大_零上,2026-05-29,167.6,背驰买,2026-03-27,135.12,26.25,-4.4
日线+周线,SZ.002207,准油股份,趋势买,2026-05-28,8.06,MACD绿柱扩大_零上,2026-05-08,7.95,28,-4.4
日线+周线,SH.600232,金鹰股份,MACD绿柱扩大_零上,2026-05-26,7.66,MACD绿柱扩大_零上,2026-04-10,8.59,28,-4.5
日线+周线,SZ.002880,卫光生物,一买,2026-05-28,24.41,MACD绿柱扩大_零上,2026-05-08,25.58,29.75,-4.5
日线+周线,SH.600490,鹏欣资源,MACD绿柱扩大_零上,2026-05-21,7.51,MACD绿柱扩大_零上,2026-05-29,7.35,26.25,-4.6
日线+周线,SH.605108,同庆楼,一买 / MACD绿柱缩小_零下,2026-05-29,13.53,一买,2026-05-29,13.11,30,-4.9
日线+周线,SZ.003009,中天火箭,MACD绿柱扩大_零上,2026-05-25,55.8,MACD绿柱扩大_零上,2026-04-10,57.18,31.5,-4.9
日线+周线,SH.600685,中船防务,MACD绿柱扩大_零上,2026-05-25,29.53,MACD绿柱扩大_零上,2026-05-22,30,33.25,-5.1
日线+周线,SZ.002266,浙富控股,MACD绿柱扩大_零上,2026-05-29,5.15,MACD绿柱扩大_零上,2026-04-17,4.46,33.25,-5.2
日线+周线,SZ.000822,山东海化,一买,2026-05-29,4.79,MACD绿柱扩大_零上,2026-05-22,5.17,28,-5.4
日线+周线,SZ.300531,优博讯,MACD绿柱扩大_零上,2026-05-26,16.91,背驰买,2026-03-06,15.55,28,-5.8
日线+周线,SH.603211,晋拓股份,MACD绿柱扩大_零上,2026-05-29,27.2,二买,2025-11-21,16.56,42.9,-5.9
日线+周线,SZ.002117,东港股份,一买 / MACD绿柱扩大_零上,2026-05-28,9.1,MACD绿柱缩小_零下,2026-05-22,9.7,30,-5.9
日线+周线,SZ.300136,信维通信,MACD绿柱扩大_零上,2026-05-29,98.65,三买 / MACD绿柱扩大_零上,2026-04-10,63.94,32.5,-6.1
日线+周线,SH.603313,梦百合,MACD绿柱缩小_零下,2026-05-22,5.83,MACD绿柱扩大_零上,2026-04-17,7.8,31.5,-6.2
日线+周线,SH.600510,黑牡丹,MACD绿柱扩大_零上,2026-05-21,9.02,MACD绿柱扩大_零上,2026-04-10,8.5,33.25,-6.3
日线+周线,SH.688002,睿创微纳,MACD绿柱扩大_零上,2026-05-29,127.8,MACD绿柱扩大_零上,2026-04-03,102.19,28,-6.5
日线+周线,SH.605081,*ST太和,缺口买:衰竭,2026-04-29,5.03,缺口买:衰竭,2026-04-29,5.03,16.25,-6.8
日线+周线,SH.600725,云维股份,一买,2026-05-28,3.8,MACD绿柱扩大_零上,2026-04-30,4.23,29.75,-7.2
日线+周线,SH.600961,株冶集团,MACD绿柱扩大_零上,2026-05-29,25.34,MACD绿柱扩大_零上,2026-04-10,17.84,28,-7.3
日线+周线,SH.603611,诺力股份,一买,2026-05-28,17.57,MACD绿柱缩小_零下 / MACD绿柱扩大_零上,2026-05-22,18.75,30,-7.3
日线+周线,SZ.000004,*ST国华,缺口买:衰竭,2026-04-24,2.91,缺口买:衰竭,2026-04-27,2.76,16.25,-7.4
日线+周线,SZ.002831,裕同科技,MACD绿柱扩大_零上,2026-05-29,38.54,三买,2026-01-23,26.78,32.5,-7.8
日线+周线,SH.603122,合富中国,一买,2026-05-27,12.52,MACD绿柱扩大_零上,2026-05-15,14.47,28,-8
日线+周线,SZ.300888,稳健医疗,一买,2026-05-28,28.3,MACD绿柱缩小_零下,2026-05-15,30.57,30,-8
日线+周线,SH.688221,前沿生物,MACD绿柱扩大_零上,2026-05-29,20,MACD绿柱扩大_零上,2026-03-27,19.91,31.5,-8.1
日线+周线,SZ.002225,濮耐股份,MACD绿柱缩小_零下,2026-05-29,3.75,MACD绿柱扩大_零上,2026-04-10,5.421,30,-8.1
日线+周线,SH.688159,有方科技,MACD绿柱扩大_零上,2026-05-27,50.4,背驰买,2026-03-27,38.12,22.75,-8.4
日线+周线,SH.603105,芯能科技,MACD绿柱缩小_零下,2026-05-19,9.98,MACD绿柱扩大_零上,2026-05-29,9.09,30,-8.5
日线+周线,SZ.002553,南方精工,MACD绿柱缩小_零下,2026-05-22,20.56,MACD绿柱扩大_零上,2026-04-03,25.7,31.5,-8.8
日线+周线,SZ.300161,华中数控,MACD绿柱扩大_零上,2026-05-29,32.56,MACD绿柱扩大_零上,2026-04-17,29.38,29.75,-8.8
日线+周线,SH.603321,梅轮电梯,MACD绿柱扩大_零上,2026-05-20,7.36,MACD绿柱缩小_零下 / MACD绿柱扩大_零上,2026-05-15,7.37,30,-8.9
日线+周线,SH.600053,九鼎投资,一买 / MACD绿柱缩小_零下,2026-05-27,8.76,MACD绿柱扩大_零上,2026-04-10,14.84,35,-9
日线+周线,SZ.002760,凤形股份,MACD绿柱扩大_零上,2026-05-28,20.3,二买 / MACD绿柱扩大_零上,2026-04-10,21.62,34.1,-9.1
日线+周线,SH.603520,司太立,MACD绿柱扩大_零上,2026-05-29,10.3,二买,2026-03-06,9.38,34.1,-9.2
日线+周线,SZ.300314,戴维医疗,一买,2026-05-29,10.11,MACD绿柱扩大_零上,2026-04-17,12.61,29.75,-9.3
日线+周线,SZ.300725,药石科技,MACD绿柱扩大_零上,2026-05-21,37.63,MACD绿柱缩小_零下,2026-05-15,38,31.5,-9.4
日线+周线,SZ.002335,科华数据,MACD绿柱扩大_零上,2026-05-29,38.92,MACD绿柱扩大_零上,2026-04-10,40.641,29.75,-9.5
日线+周线,SZ.300729,乐歌股份,一买,2026-05-27,11.26,MACD绿柱缩小_零下,2026-05-15,12.68,30,-9.6
日线+周线,SH.688655,迅捷兴,MACD绿柱扩大_零上,2026-05-29,48.05,二买 / 三买,2025-11-21,16.49,34.1,-9.7
日线+周线,SH.920553,凯腾精工,一买,2026-05-27,7.14,MACD绿柱缩小_零下,2026-05-22,8.17,29.1,-9.8
日线+周线,SZ.300389,艾比森,MACD绿柱缩小_零下,2026-05-28,14.77,MACD绿柱扩大_零上,2026-05-22,15.15,30,-9.8
日线+周线,SZ.300132,青松股份,MACD绿柱缩小_零下,2026-05-28,7.95,MACD绿柱扩大_零上,2026-05-29,7.72,30,-9.9
日线+周线,SZ.301330,熵基科技,MACD绿柱缩小_零下,2026-05-20,30.36,MACD绿柱扩大_零上,2026-05-29,27.2,30,-9.9
日线+周线,SZ.300782,卓胜微,MACD绿柱扩大_零上,2026-05-29,107.76,二买,2026-02-06,73.18,34.1,-10
日线+周线,SZ.002725,跃岭股份,MACD绿柱扩大_零上,2026-05-27,15.16,MACD绿柱扩大_零上,2026-04-03,14.932,31.5,-10.3
日线+周线,SH.600983,惠而浦,MACD绿柱缩小_零下,2026-05-22,8.85,MACD绿柱扩大_零上,2026-05-08,9.35,30,-10.5
日线+周线,SZ.300487,蓝晓科技,MACD绿柱缩小_零下,2026-05-27,59.87,MACD绿柱扩大_零上,2026-05-29,59.99,30,-10.5
日线+周线,SH.688379,华光新材,MACD绿柱扩大_零上,2026-05-29,69.62,MACD绿柱扩大_零上,2026-04-10,48.6,35,-10.7
日线+周线,SZ.000607,华媒控股,一买,2026-05-28,3.55,MACD绿柱扩大_零上,2026-04-10,4.04,28,-10.7
日线+周线,SZ.300624,万兴科技,一买,2026-05-28,58.72,MACD绿柱扩大_零上,2026-04-10,69.69,28,-10.7
日线+周线,SZ.300042,朗科科技,MACD绿柱扩大_零上,2026-05-29,58.69,二买 / 缺口买:持续,2026-05-08,63.78,34.1,-10.8
日线+周线,SZ.300290,荣科科技,MACD绿柱扩大_零上,2026-05-25,14.68,MACD绿柱缩小_零下,2026-05-08,16.6,33.25,-11
日线+周线,SH.688058,宝兰德,MACD绿柱扩大_零上,2026-05-26,27.67,MACD绿柱扩大_零上,2026-04-17,28.98,29.75,-11.4
日线+周线,SZ.300006,莱美药业,MACD绿柱扩大_零上,2026-05-27,5.78,MACD绿柱扩大_零上,2026-03-27,5.07,31.5,-11.8
日线+周线,SH.603129,春风动力,MACD绿柱扩大_零上,2026-05-22,238.15,MACD绿柱扩大_零上,2026-04-03,234.3,31.5,-11.9
日线+周线,SZ.002671,龙泉股份,一买,2026-05-28,4.29,MACD绿柱扩大_零上,2026-04-30,4.95,33.25,-12
日线+周线,SZ.300476,胜宏科技,MACD绿柱扩大_零上,2026-05-21,331.4,二买 / MACD绿柱扩大_零上,2026-04-03,261.686,42.9,-12.1
日线+周线,SZ.300883,龙利得,MACD绿柱扩大_零上,2026-05-29,6.4,MACD绿柱扩大_零上,2026-04-10,6.75,29.75,-12.1
日线+周线,SZ.300298,三诺生物,MACD绿柱扩大_零上,2026-05-28,15.57,背驰买,2026-03-27,15.3,31.5,-12.3
日线+周线,SZ.300034,钢研高纳,MACD绿柱扩大_零上,2026-05-29,18.49,MACD绿柱扩大_零上,2026-04-17,19.27,29.75,-12.7
日线+周线,SH.688098,申联生物,一买,2026-05-29,7.75,MACD绿柱缩小_零下 / MACD绿柱扩大_零上,2026-05-08,8.81,31.5,-12.8
日线+周线,SH.688556,高测股份,MACD绿柱扩大_零上,2026-05-26,12.91,MACD绿柱扩大_零上,2026-05-29,11.93,24.5,-12.8
日线+周线,SZ.002344,海宁皮城,一买,2026-05-28,3.83,MACD绿柱扩大_零上,2026-04-10,4.53,33.25,-13
日线+周线,SZ.002691,冀凯股份,一买 / 缺口买:衰竭,2026-05-28,5,MACD绿柱扩大_零上,2026-03-27,7.85,28,-13.2
日线+周线,SZ.301589,诺瓦星云,MACD绿柱扩大_零上,2026-05-29,158.6,MACD绿柱扩大_零上,2026-04-10,166.07,28,-13.4
日线+周线,SZ.002911,佛燃能源,一买 / MACD绿柱缩小_零下,2026-05-28,11.27,MACD绿柱扩大_零上,2026-05-29,11.36,31.5,-13.5
日线+周线,SH.688450,光格科技,MACD绿柱扩大_零上,2026-05-28,47.13,二买,2025-12-19,26.02,34.1,-13.6
日线+周线,SH.688468,科美诊断,MACD绿柱扩大_零上,2026-05-20,7.15,MACD绿柱扩大_零上,2026-03-27,7.33,28,-14.4
日线+周线,SZ.301285,鸿日达,MACD绿柱扩大_零上,2026-05-29,115.51,二买 / 三买,2025-10-17,45.31,42.9,-14.5
日线+周线,SZ.300667,必创科技,MACD绿柱扩大_零上,2026-05-29,17,MACD绿柱扩大_零上,2026-04-03,16.81,29.75,-14.7
日线+周线,SZ.001202,炬申股份,一买,2026-05-27,14.46,MACD绿柱扩大_零上,2026-05-29,15.45,28,-14.8
日线+周线,SZ.002540,亚太科技,MACD绿柱缩小_零下,2026-05-25,5.7,MACD绿柱扩大_零上,2026-05-08,6.08,30,-14.8
日线+周线,SZ.300043,星辉娱乐,一买,2026-05-28,4.65,MACD绿柱扩大_零上,2026-05-22,5.04,28,-14.8
日线+周线,SH.600748,上实发展,MACD绿柱扩大_零上,2026-05-25,5.04,MACD绿柱扩大_零上,2026-05-29,4.7,33.25,-15.1
日线+周线,SH.688420,美腾科技,MACD绿柱扩大_零上,2026-05-29,24.52,MACD绿柱扩大_零上,2026-04-10,24.76,28,-15.4
日线+周线,SZ.301196,唯科科技,MACD绿柱扩大_零上,2026-05-29,121.94,二买,2025-11-28,68.22,34.1,-15.6
日线+周线,SH.600489,中金黄金,一买,2026-05-28,21.92,MACD绿柱扩大_零上,2026-05-29,22.42,29.75,-16
日线+周线,SH.603408,建霖家居,一买,2026-05-28,10.53,MACD绿柱扩大_零上,2026-04-10,12,35,-16
日线+周线,SH.600094,大名城,MACD绿柱扩大_零上,2026-05-29,4.38,MACD绿柱扩大_零上,2026-05-29,4.38,35,-16.1
日线+周线,SH.688004,博汇科技,MACD绿柱扩大_零上,2026-05-27,21.5,MACD绿柱缩小_零下 / MACD绿柱扩大_零上,2026-05-08,24.29,30,-16.1
日线+周线,SH.688636,智明达,MACD绿柱扩大_零上,2026-05-20,41.49,MACD绿柱扩大_零上,2026-05-22,40.69,29.75,-16.1
日线+周线,SZ.002001,新 和 成,MACD绿柱缩小_零下,2026-05-18,31.74,MACD绿柱扩大_零上,2026-05-29,29.37,30,-16.2
日线+周线,SH.603655,朗博科技,MACD绿柱扩大_零上,2026-05-27,36.55,MACD绿柱扩大_零上,2026-04-10,39.45,33.25,-16.5
日线+周线,SZ.002418,康盛股份,MACD绿柱扩大_零上,2026-05-28,4.89,MACD绿柱扩大_零上,2026-04-03,4.54,35,-17
日线+周线,SH.600343,航天动力,MACD绿柱扩大_零上,2026-05-26,29.86,MACD绿柱扩大_零上,2026-05-29,26.15,28,-17.2
日线+周线,SH.600601,方正科技,MACD绿柱扩大_零上,2026-05-22,12.79,MACD绿柱扩大_零上,2026-04-10,10.11,35,-17.2
日线+周线,SH.600824,益民集团,一买,2026-05-28,3.72,MACD绿柱缩小_零下,2026-05-22,3.86,30,-17.2
日线+周线,SZ.000635,英 力 特,一买,2026-05-27,6.92,MACD绿柱扩大_零上,2026-04-24,8.04,29.75,-17.2
日线+周线,SZ.300213,佳讯飞鸿,MACD绿柱扩大_零上,2026-05-28,7.87,MACD绿柱缩小_零下,2026-05-22,8.11,31.5,-17.3
日线+周线,SH.603359,东珠生态,MACD绿柱缩小_零下,2026-05-25,2.95,缺口买:衰竭,2026-05-08,3.71,26.7,-17.4
日线+周线,SH.600410,华胜天成,MACD绿柱缩小_零下,2026-05-20,22.24,MACD绿柱扩大_零上,2026-05-29,18.96,30,-17.9
日线+周线,SH.600501,航天晨光,MACD绿柱扩大_零上,2026-05-20,22.11,MACD绿柱扩大_零上,2026-04-10,22.44,31.5,-18.2
日线+周线,SH.603276,恒兴新材,MACD绿柱扩大_零上,2026-05-29,16.03,MACD绿柱扩大_零上,2026-04-10,16.6,31.5,-18.2
日线+周线,SZ.002651,利君股份,一买,2026-05-28,8.11,MACD绿柱缩小_零下,2026-05-15,9.26,30,-18.2
日线+周线,SZ.002322,理工能科,一买 / MACD绿柱缩小_零下,2026-05-28,11.14,MACD绿柱扩大_零上,2026-05-29,11.25,30,-18.3
日线+周线,SZ.300246,宝莱特,MACD绿柱扩大_零上,2026-05-29,17.07,背驰买,2025-12-19,7.67,26.25,-18.6
日线+周线,SH.603843,*ST正平,MACD绿柱扩大_零上,2026-05-29,8.11,二买 / 三买,2025-12-26,4.24,35,-18.7
日线+周线,SZ.300103,达刚控股,MACD绿柱扩大_零上,2026-05-29,7.98,MACD绿柱扩大_零上,2026-04-10,7.01,29.75,-18.9
日线+周线,SZ.000637,茂化实华,MACD绿柱扩大_零上,2026-05-26,4.46,MACD绿柱扩大_零上,2026-05-29,4.23,28,-19.1
日线+周线,SH.603042,华脉科技,MACD绿柱扩大_零上,2026-05-29,19.52,二买,2026-01-30,16,34.1,-19.5
日线+周线,SH.605507,国邦医药,一买,2026-05-29,14.9,MACD绿柱扩大_零上,2026-05-29,15.31,31.5,-19.7
日线+周线,SH.688435,英方软件,一买,2026-05-29,37.31,MACD绿柱扩大_零上,2026-04-30,41.03,28,-19.7
日线+周线,SH.688193,仁度生物,MACD绿柱扩大_零上,2026-05-29,49.2,MACD绿柱扩大_零上,2026-04-10,51.87,31.5,-19.8
日线+周线,SZ.002136,安 纳 达,MACD绿柱扩大_零上,2026-05-29,13.36,MACD绿柱扩大_零上,2026-04-10,12.73,35,-19.9
日线+周线,SZ.300807,天迈科技,MACD绿柱扩大_零上,2026-05-22,49,MACD绿柱扩大_零上 / 缺口买:普通,2026-05-29,44.9,31.5,-19.9
日线+周线,SH.600981,苏豪汇鸿,一买,2026-05-28,2.44,MACD绿柱扩大_零上,2026-04-30,2.85,35,-20.5
日线+周线,SZ.300127,银河磁体,MACD绿柱扩大_零上,2026-05-29,28.45,MACD绿柱扩大_零上,2026-04-24,29.09,28,-20.6
日线+周线,SH.600228,*ST返利,MACD绿柱扩大_零上,2026-05-29,6.12,MACD绿柱扩大_零上,2026-04-03,5.28,33.25,-20.9
日线+周线,SZ.300771,智莱科技,MACD绿柱扩大_零上,2026-05-21,12.96,MACD绿柱扩大_零上,2026-05-29,11.65,24.5,-21.1
日线+周线,SZ.000629,钒钛股份,MACD绿柱扩大_零上,2026-05-29,3.42,MACD绿柱扩大_零上,2026-04-17,3.51,29.75,-21.4
日线+周线,SZ.001218,丽臣实业,MACD绿柱扩大_零上,2026-05-29,24.29,二买 / 三买,2025-12-19,21.56,42.9,-21.6
日线+周线,SZ.300438,鹏辉能源,MACD绿柱扩大_零上,2026-05-29,76.55,三买,2026-01-30,42.84,35,-21.7
日线+周线,SZ.300610,晨化股份,MACD绿柱扩大_零上,2026-05-27,11.19,MACD绿柱扩大_零上,2026-04-10,11.88,31.5,-21.8
日线+周线,SH.688092,爱科科技,MACD绿柱扩大_零上,2026-05-26,27.88,MACD绿柱扩大_零上,2026-05-29,26.6,29.75,-21.9
日线+周线,SZ.002939,长城证券,MACD绿柱扩大_零上,2026-05-26,8.82,MACD绿柱缩小_零下,2026-05-22,8.78,30,-22
日线+周线,SH.603166,福达股份,MACD绿柱扩大_零上,2026-05-29,12.62,MACD绿柱缩小_零下,2026-05-15,14.77,30,-22.6
日线+周线,SZ.300882,万胜智能,MACD绿柱缩小_零下,2026-05-21,17.95,MACD绿柱扩大_零上,2026-05-29,16.9,30,-22.8
日线+周线,SH.600356,恒丰纸业,MACD绿柱扩大_零上,2026-05-29,8.92,MACD绿柱扩大_零上,2026-04-10,9.07,29.75,-23.2
日线+周线,SZ.300986,志特新材,一买,2026-05-28,19.28,MACD绿柱扩大_零上,2026-05-15,22.5,31.5,-23.3
日线+周线,SH.603797,联泰环保,MACD绿柱扩大_零上,2026-05-25,4.6,MACD绿柱扩大_零上,2026-05-29,4.35,29.75,-23.7
日线+周线,SH.688283,坤恒顺维,MACD绿柱扩大_零上,2026-05-29,37.83,MACD绿柱扩大_零上,2026-04-17,43.52,29.75,-23.9
日线+周线,SH.688387,信科移动,MACD绿柱扩大_零上,2026-05-28,17.86,MACD绿柱扩大_零上,2026-04-10,14.98,35,-24
日线+周线,SZ.001358,兴欣新材,MACD绿柱扩大_零上,2026-05-29,25.84,MACD绿柱扩大_零上,2026-04-17,26.84,31.5,-25.3
日线+周线,SZ.300315,掌趣科技,一买,2026-05-28,4.38,MACD绿柱缩小_零下,2026-05-15,4.9,30,-25.4
日线+周线,SZ.300244,迪安诊断,MACD绿柱扩大_零上,2026-05-20,18.5,MACD绿柱扩大_零上,2026-05-29,17.66,28,-25.5
日线+周线,SH.688750,金天钛业,MACD绿柱扩大_零上,2026-05-21,17.75,背驰买,2026-03-27,16.86,28,-25.6
日线+周线,SH.603020,爱普股份,MACD绿柱扩大_零上,2026-05-21,10.12,MACD绿柱扩大_零上,2026-05-29,9.77,26.25,-25.9
日线+周线,SZ.300791,仙乐健康,一买,2026-05-28,16.81,MACD绿柱缩小_零下,2026-05-08,19.16,30,-26.1
日线+周线,SH.600561,江西长运,MACD绿柱扩大_零上,2026-05-27,6.27,MACD绿柱扩大_零上,2026-04-17,6.66,31.5,-26.3
日线+周线,SZ.000566,海南海药,一买,2026-05-27,4.02,MACD绿柱缩小_零下 / MACD绿柱扩大_零上,2026-05-15,4.58,28,-26.5
日线+周线,SZ.300599,雄塑科技,MACD绿柱扩大_零上,2026-05-21,12.141,二买,2026-03-27,8.541,34.1,-26.5
日线+周线,SZ.301005,超捷股份,MACD绿柱扩大_零上,2026-05-27,150.51,MACD绿柱扩大_零上,2026-05-29,142.38,31.5,-27.2
日线+周线,SZ.301662,宏工科技,MACD绿柱扩大_零上,2026-05-29,145.32,MACD绿柱扩大_零上,2026-04-10,140.2,28,-27.2
日线+周线,SH.600543,莫高股份,一买,2026-05-27,4.42,MACD绿柱缩小_零下,2026-05-22,4.85,30,-27.8
日线+周线,SZ.002282,博深股份,一买,2026-05-27,6.14,MACD绿柱扩大_零上,2026-04-10,6.78,28,-27.9
日线+周线,SZ.301043,绿岛风,MACD绿柱扩大_零上,2026-05-22,51.77,MACD绿柱扩大_零上,2026-04-17,54.51,35,-28.1
日线+周线,SZ.002595,豪迈科技,MACD绿柱扩大_零上,2026-05-20,56.86,MACD绿柱扩大_零上,2026-05-29,52.31,35,-28.3
日线+周线,SH.603327,福蓉科技,MACD绿柱扩大_零上,2026-05-29,10.18,MACD绿柱扩大_零上,2026-04-10,9.85,33.25,-28.6
日线+周线,SH.603798,康普顿,MACD绿柱扩大_零上,2026-05-29,15.57,MACD绿柱扩大_零上,2026-04-03,14.89,31.5,-28.6
日线+周线,SZ.000831,中国稀土,MACD绿柱扩大_零上,2026-05-27,49.33,MACD绿柱扩大_零上,2026-04-10,52.01,33.25,-29.3
日线+周线,SH.688737,中自科技,MACD绿柱扩大_零上,2026-05-29,25.96,二买 / MACD绿柱扩大_零上,2026-04-17,26.59,34.1,-29.4
日线+周线,SH.688226,威腾电气,MACD绿柱扩大_零上,2026-05-29,47.98,二买,2025-11-28,29.98,34.1,-29.5
日线+周线,SZ.300953,震裕科技,MACD绿柱扩大_零上,2026-05-29,146,二买,2026-03-13,100.006,34.1,-30.2
日线+周线,SH.688599,天合光能,MACD绿柱扩大_零上,2026-05-26,16.56,MACD绿柱扩大_零上,2026-04-24,16.18,31.5,-30.5
日线+周线,SH.688521,芯原股份,MACD绿柱扩大_零上,2026-05-29,246.84,二买,2026-03-27,187.41,42.9,-30.8
日线+周线,SZ.300087,荃银高科,一买,2026-05-28,7.1,MACD绿柱缩小_零下,2026-05-22,7.55,28,-30.9
日线+周线,SH.688220,翱捷科技,MACD绿柱扩大_零上,2026-05-29,106.38,背驰买,2026-04-03,65.93,28,-31.6
日线+周线,SZ.002536,飞龙股份,MACD绿柱扩大_零上,2026-05-29,38.65,二买,2026-04-10,26.89,34.1,-31.6
日线+周线,SZ.301418,协昌科技,MACD绿柱扩大_零上,2026-05-29,38.98,MACD绿柱扩大_零上,2026-04-10,38.57,29.75,-31.7
日线+周线,SH.688167,炬光科技,MACD绿柱扩大_零上,2026-05-29,448,缺口买:普通,2026-05-15,513.97,28,-31.8
日线+周线,SZ.300293,蓝英装备,MACD绿柱扩大_零上,2026-05-29,17.41,背驰买,2026-03-27,16.31,22.75,-31.8
日线+周线,SH.603848,好太太,MACD绿柱扩大_零上,2026-05-26,15.03,MACD绿柱缩小_零下,2026-05-15,16.28,31.5,-32
日线+周线,SZ.300707,威唐工业,一买,2026-05-29,12.6,MACD绿柱扩大_零上,2026-04-10,16.13,29.75,-32.2
日线+周线,SH.920970,大禹生物,一买,2026-05-27,5.9,MACD绿柱缩小_零下,2026-05-08,7.26,30,-32.4
日线+周线,SZ.002574,明牌珠宝,一买,2026-05-28,4.93,MACD绿柱扩大_零上,2026-04-17,5.42,28,-32.5
日线+周线,SZ.003023,彩虹集团,MACD绿柱扩大_零上,2026-05-29,25.5,二买,2025-12-19,21.96,34.1,-33
日线+周线,SH.600215,派斯林,MACD绿柱扩大_零上,2026-05-29,6.37,背驰买,2025-12-19,6.3,26.25,-33.6
日线+周线,SZ.002398,垒知集团,一买,2026-05-28,4.41,MACD绿柱扩大_零上,2026-04-10,5.17,35,-34
日线+周线,SH.600375,汉马科技,一买,2026-05-28,4.21,MACD绿柱缩小_零下,2026-05-08,5.29,30,-34.6
日线+周线,SZ.301035,润丰股份,MACD绿柱缩小_零下 / MACD绿柱扩大_零上,2026-05-29,68.93,MACD绿柱扩大_零上,2026-05-29,68.93,30,-34.9
日线+周线,SH.600965,福成股份,MACD绿柱缩小_零下,2026-05-20,3.41,MACD绿柱扩大_零上 / 缺口买:衰竭,2026-05-08,3.27,31.5,-35.3
日线+周线,SH.600770,综艺股份,MACD绿柱扩大_零上,2026-05-29,6.18,MACD绿柱扩大_零上,2026-04-17,5.78,29.75,-36
日线+周线,SZ.301600,慧翰股份,MACD绿柱扩大_零上,2026-05-29,101.21,MACD绿柱缩小_零下 / MACD绿柱扩大_零上,2026-05-15,117.74,30,-36.5
日线+周线,SZ.000833,粤桂股份,MACD绿柱扩大_零上,2026-05-28,23.25,三买,2025-12-19,17.54,32.5,-36.9
日线+周线,SZ.002469,三维化学,一买 / MACD绿柱缩小_零下,2026-05-29,6.22,MACD绿柱扩大_零上,2026-04-30,6.99,30,-37.1
日线+周线,SZ.300318,博晖创新,一买,2026-05-27,4.88,MACD绿柱扩大_零上,2026-04-17,5.7,35,-37.1
日线+周线,SZ.300112,万讯自控,MACD绿柱扩大_零上,2026-05-27,7.33,MACD绿柱缩小_零下,2026-05-15,8.43,30,-37.9
日线+周线,SZ.300005,探路者,MACD绿柱扩大_零上,2026-05-29,15.11,二买,2025-10-24,8.16,34.1,-38.6
日线+周线,SZ.301150,中一科技,MACD绿柱扩大_零上,2026-05-29,65.8,三买,2025-12-19,37.95,35,-38.8
日线+周线,SZ.002368,太极股份,MACD绿柱缩小_零下,2026-05-25,16.09,MACD绿柱缩小_零下,2026-04-24,20.1,30,-38.9
日线+周线,SZ.002799,环球印务,MACD绿柱扩大_零上,2026-05-26,7.71,MACD绿柱扩大_零上,2026-04-24,8.39,31.5,-40.7
日线+周线,SZ.300918,南山智尚,MACD绿柱扩大_零上,2026-05-26,14.2,MACD绿柱缩小_零下,2026-05-08,15.69,30,-41.1
日线+周线,SZ.300096,ST易联众,MACD绿柱扩大_零上,2026-05-29,8.82,MACD绿柱扩大_零上,2026-04-03,8.12,31.5,-42
日线+周线,SZ.300470,中密控股,一买,2026-05-28,30.59,MACD绿柱扩大_零上,2026-04-30,33.96,28,-42.2
日线+周线,SH.603178,圣龙股份,MACD绿柱扩大_零上,2026-05-29,17.57,背驰买,2026-03-27,14.61,28,-42.3
日线+周线,SH.600159,大龙地产,MACD绿柱扩大_零上,2026-05-27,2.72,三买,2025-12-19,2.67,32.5,-42.7
日线+周线,SZ.002300,太阳电缆,MACD绿柱扩大_零上,2026-05-26,8.79,MACD绿柱扩大_零上,2026-05-29,8.55,24.5,-42.9
日线+周线,SZ.300629,新劲刚,MACD绿柱扩大_零上,2026-05-29,23,二买 / 形态:头肩底,2026-04-10,21.271,34.1,-43.3
日线+周线,SZ.301258,富士莱,一买,2026-05-28,26.127,MACD绿柱扩大_零上,2026-04-10,32.107,31.5,-43.4
日线+周线,SZ.002495,佳隆股份,MACD绿柱扩大_零上,2026-05-22,2.55,MACD绿柱扩大_零上,2026-04-10,2.57,31.5,-43.6
日线+周线,SH.600938,中国海油,一买,2026-05-29,33.63,MACD绿柱扩大_零上,2026-05-29,34.4,28,-43.7
日线+周线,SH.603918,金桥信息,一买,2026-05-29,11.2,MACD绿柱缩小_零下,2026-05-22,12.53,29.4,-43.8
日线+周线,SH.603897,长城科技,MACD绿柱扩大_零上,2026-05-29,48.68,二买,2025-09-26,24.3,35,-44.3
日线+周线,SZ.301015,百洋医药,MACD绿柱缩小_零下,2026-05-29,22.38,背驰买,2026-03-13,21.26,30,-44.3
日线+周线,SH.688232,新点软件,一买,2026-05-29,19.71,MACD绿柱缩小_零下,2026-05-22,21.671,30,-44.4
日线+周线,SZ.300597,吉大通信,MACD绿柱扩大_零上,2026-05-29,8.47,MACD绿柱扩大_零上,2026-04-10,9.31,28,-44.5
日线+周线,SZ.000553,安道麦A,MACD绿柱扩大_零上,2026-05-29,6.27,缺口买:普通,2026-05-08,7.11,35,-44.8
日线+周线,SZ.002402,和而泰,MACD绿柱扩大_零上,2026-05-22,30.721,MACD绿柱缩小_零下,2026-05-08,33.241,31.5,-45.1
日线+周线,SH.605016,百龙创园,MACD绿柱扩大_零上,2026-05-28,25.24,二买,2026-03-27,22.46,42.9,-45.5
日线+周线,SZ.002657,中科金财,一买,2026-05-29,17.57,MACD绿柱缩小_零下,2026-05-08,21.89,30,-45.7
日线+周线,SZ.003003,天元股份,MACD绿柱扩大_零上,2026-05-26,12.57,MACD绿柱扩大_零上,2026-05-29,11.88,31.5,-45.9
日线+周线,SH.600114,东睦股份,MACD绿柱扩大_零上,2026-05-20,33.19,MACD绿柱扩大_零上,2026-04-10,30.42,29.75,-46.2
日线+周线,SZ.301151,冠龙节能,一买,2026-05-28,15.5,MACD绿柱扩大_零上,2026-04-03,17.39,28,-46.8
日线+周线,SH.600363,联创光电,MACD绿柱缩小_零下,2026-05-28,38.52,MACD绿柱扩大_零上,2026-04-03,49.31,30,-47.3
日线+周线,SZ.002414,高德红外,MACD绿柱扩大_零上,2026-05-27,13.21,MACD绿柱扩大_零上,2026-05-29,12.87,28,-48.1
日线+周线,SZ.300018,中元股份,MACD绿柱扩大_零上,2026-05-29,13.4,二买 / 三买,2025-12-19,10.23,42.9,-48.5
日线+周线,SZ.001215,千味央厨,MACD绿柱扩大_零上,2026-05-29,39.31,MACD绿柱扩大_零上,2026-04-03,38.63,31.5,-48.9
日线+周线,SZ.301289,国缆检测,MACD绿柱扩大_零上,2026-05-25,53.93,MACD绿柱扩大_零上,2026-04-10,54.35,33.25,-49.7
日线+周线,SZ.301110,青木科技,MACD绿柱扩大_零上,2026-05-28,42.571,MACD绿柱扩大_零上,2026-04-10,42.221,31.5,-49.9
日线+周线,SH.688020,方邦股份,MACD绿柱扩大_零上,2026-05-29,146,三买,2025-11-07,53.71,32.5,-51.6
日线+周线,SZ.002817,黄山胶囊,MACD绿柱扩大_零上,2026-05-21,7.447,MACD绿柱扩大_零上,2026-05-29,6.92,26.25,-52.1
日线+周线,SH.688502,茂莱光学,MACD绿柱扩大_零上,2026-05-29,452,MACD绿柱扩大_零上,2026-04-03,307.69,31.5,-53.1
日线+周线,SH.603927,中科软,一买,2026-05-29,14.77,MACD绿柱缩小_零下,2026-05-22,16.01,30,-54.1
日线+周线,SH.688382,益方生物,MACD绿柱扩大_零上,2026-05-21,20.7,MACD绿柱缩小_零下,2026-04-24,22.28,33.25,-55
日线+周线,SZ.000915,华特达因,一买,2026-05-28,26.71,MACD绿柱扩大_零上,2026-04-10,31.59,28,-55
日线+周线,SZ.300341,麦克奥迪,MACD绿柱扩大_零上,2026-05-29,14.56,MACD绿柱缩小_零下,2026-05-29,14.56,30,-56.2
日线+周线,SZ.300073,当升科技,MACD绿柱扩大_零上,2026-05-25,57.317,MACD绿柱扩大_零上,2026-04-03,50.617,28,-57.1
日线+周线,SH.605058,澳弘电子,三买,2026-04-30,34.26,二买,2025-11-28,27.51,34.1,-57.4
日线+周线,SH.920946,森萱医药,MACD绿柱扩大_零上,2026-05-22,9.48,MACD绿柱缩小_零下,2026-05-08,10.21,30,-57.7
日线+周线,SZ.301055,张小泉,MACD绿柱扩大_零上,2026-05-29,34.27,MACD绿柱扩大_零上,2026-04-03,20.79,29.75,-58.2
日线+周线,SH.603900,莱绅通灵,一买,2026-05-28,6.6,MACD绿柱缩小_零下,2026-05-15,7.4,30,-58.7
日线+周线,SZ.002926,华西证券,MACD绿柱扩大_零上,2026-05-20,8.3,MACD绿柱缩小_零下,2026-05-08,8.69,30,-59.9
日线+周线,SZ.002148,北纬科技,MACD绿柱扩大_零上,2026-05-22,7.4,MACD绿柱缩小_零下,2026-05-15,7.7,30,-61
日线+周线,SZ.300947,德必集团,MACD绿柱扩大_零上,2026-05-25,16.31,MACD绿柱缩小_零下,2026-05-15,17.93,30,-61
日线+周线,SH.605189,富春染织,MACD绿柱扩大_零上,2026-05-29,14.74,MACD绿柱扩大_零上,2026-04-03,14,31.5,-61.2
日线+周线,SH.600517,国网英大,一买,2026-05-28,5.33,MACD绿柱扩大_零上,2026-05-29,5.39,29.75,-63
日线+周线,SH.688269,凯立新材,MACD绿柱扩大_零上,2026-05-29,35.9,MACD绿柱扩大_零上,2026-04-17,39.08,29.75,-63.3
日线+周线,SZ.300631,久吾高科,MACD绿柱扩大_零上,2026-05-27,25.6,缺口买:普通,2026-05-08,30.73,29.75,-67
日线+周线,SZ.002719,麦趣尔,一买,2026-05-27,7.28,MACD绿柱扩大_零上,2026-04-10,8.6,28,-68.1
日线+周线,SH.603496,恒为科技,MACD绿柱扩大_零上,2026-05-25,26.91,MACD绿柱扩大_零上,2026-04-10,28.83,28,-68.6
日线+周线,SH.603955,大千生态,一买,2026-05-26,22.32,MACD绿柱缩小_零下,2026-05-15,24.92,30,-68.8
日线+周线,SH.688321,微芯生物,MACD绿柱扩大_零上,2026-05-20,29.02,MACD绿柱扩大_零上,2026-05-29,27.15,28,-70.4
日线+周线,SZ.000679,大连友谊,MACD绿柱扩大_零上,2026-05-25,6.73,MACD绿柱缩小_零下,2026-04-30,7.24,31.5,-70.5
日线+周线,SZ.300893,松原安全,MACD绿柱扩大_零上,2026-05-29,20.77,MACD绿柱扩大_零上,2026-04-03,21.8,31.5,-71.6
日线+周线,SZ.300738,奥飞数据,MACD绿柱扩大_零上,2026-05-29,21.76,二买,2026-03-27,20.16,34.1,-73.8
日线+周线,SZ.301133,金钟股份,MACD绿柱扩大_零上,2026-05-29,40.73,MACD绿柱扩大_零上,2026-04-03,36.1,29.75,-75.4
日线+周线,SH.688607,康众医疗,MACD绿柱扩大_零上,2026-05-29,58.5,二买,2026-03-27,48.64,42.9,-76.4
日线+周线,SZ.300797,钢研纳克,MACD绿柱扩大_零上,2026-05-22,15.16,MACD绿柱缩小_零下 / MACD绿柱扩大_零上,2026-05-22,15.16,31.5,-79.2
日线+周线,SZ.002367,康力电梯,一买,2026-05-28,5.47,MACD绿柱扩大_零上,2026-04-24,6.29,28,-80.9
日线+周线,SZ.002850,科达利,MACD绿柱扩大_零上,2026-05-29,173.88,背驰买 / MACD绿柱扩大_零上,2026-03-27,158.7,31.5,-81.1
日线+周线,SZ.001205,盛航股份,MACD绿柱扩大_零上,2026-05-27,14.07,MACD绿柱缩小_零下,2026-05-22,14.632,35,-81.5
日线+周线,SZ.301232,飞沃科技,MACD绿柱扩大_零上,2026-05-22,146.18,MACD绿柱扩大_零上,2026-04-10,124.4,31.5,-81.6
日线+周线,SZ.002212,天融信,一买,2026-05-29,6.6,MACD绿柱缩小_零下,2026-05-22,7.26,30,-89.7
日线+周线,SZ.300430,诚益通,MACD绿柱缩小_零下,2026-05-22,5.69,MACD绿柱扩大_零上,2026-04-10,17.95,30,-90.8
日线+周线,SH.688155,先惠技术,MACD绿柱扩大_零上,2026-05-29,83.88,MACD绿柱扩大_零上,2026-04-10,79.47,29.75,-91.9
日线+周线,SZ.300059,东方财富,MACD绿柱扩大_零上,2026-05-22,19.5,MACD绿柱缩小_零下,2026-05-29,19.16,30,-95.3
日线+周线,SH.688326,经纬恒润,MACD绿柱缩小_零下,2026-05-18,90.62,MACD绿柱扩大_零上,2026-05-22,92.72,30,-95.4
日线+周线,SZ.300499,高澜股份,MACD绿柱扩大_零上,2026-05-29,38.2,二买,2026-02-06,27,34.1,-101.5
日线+周线,SZ.301125,腾亚精工,MACD绿柱扩大_零上,2026-05-29,15.8,二买 / 三买,2025-12-05,11.83,42.9,-122.5
日线+周线,SZ.002598,ST章鼓,一买,2026-05-28,7.34,MACD绿柱缩小_零下,2026-05-22,7.77,30,-141.4
日线+周线,SH.600570,恒生电子,MACD绿柱扩大_零上,2026-05-21,26.17,MACD绿柱缩小_零下,2026-05-22,25.83,30,-141.7
日线+周线,SZ.300399,天利科技,MACD绿柱扩大_零上,2026-05-28,21.2,MACD绿柱缩小_零下,2026-05-22,21.9,30,-173
日线+周线,SZ.300833,浩洋股份,MACD绿柱扩大_零上,2026-05-29,35.26,MACD绿柱扩大_零上,2026-04-03,32,33.25,-180
仅日线,SH.605098,行动教育,二买 / 三买 / MACD绿柱扩大_零上,2026-05-25,56,,,,35,199.2
仅日线,SZ.002378,章源钨业,MACD绿柱缩小_零下,2026-05-29,28.93,,,,30,186.6
仅日线,SZ.300014,亿纬锂能,MACD绿柱缩小_零下,2026-05-29,63.68,,,,30,183.9
仅日线,SH.688796,百奥赛图,二买 / 三买 / MACD绿柱扩大_零上,2026-05-19,94.88,,,,42.9,170.5
仅日线,SZ.300037,新宙邦,二买 / 三买 / MACD绿柱扩大_零上,2026-05-19,64.7,,,,34.1,170.2
仅日线,SZ.000878,云南铜业,MACD绿柱缩小_零下,2026-05-29,17.72,,,,30,164.2
仅日线,SH.600726,华电能源,拒绝回调相对强度 / 200日新高突破 / 缺口买:持续,2026-06-01,9.5,,,,90,164
仅日线,SH.605007,五洲特纸,二买 / MACD绿柱缩小_零下 / MACD绿柱扩大_零上,2026-05-29,14.16,,,,35,161.4
仅日线,SZ.002636,金安国纪,二买 / 三买 / MACD绿柱扩大_零上,2026-05-21,42.555,,,,42.9,158.8
仅日线,SH.603876,鼎胜新材,二买 / 三买 / MACD绿柱扩大_零上,2026-05-29,26.45,,,,42.9,157.9
仅日线,SZ.301205,联特科技,MACD绿柱扩大_零上 / 缺口买:持续,2026-05-29,316.02,,,,33.25,157.4
仅日线,SH.688615,合合信息,MACD绿柱扩大_零上,2026-05-29,127.81,,,,28,156.3
仅日线,SH.688692,达梦数据,趋势买,2026-05-27,249.08,,,,21,155.3
仅日线,SH.603580,*ST艾艾,二买 / 三买 / 趋势买 / MACD绿柱扩大_零上,2026-05-28,25.02,,,,42.9,153.7
仅日线,SH.605277,新亚电子,拒绝回调相对强度 / 缺口买:持续,2026-06-01,25.74,,,,83.374,152.8
仅日线,SH.601101,昊华能源,三买 / 趋势买 / 拒绝回调相对强度 / 200日新高突破 / MACD绿柱扩大_零上,2026-06-01,13.27,,,,90,150.6
仅日线,SH.688218,江苏北人,三买 / 趋势买 / MACD绿柱扩大_零上,2026-05-29,45.15,,,,40,149.3
仅日线,SH.605300,佳禾食品,一买 / 背驰买,2026-05-26,9.8,,,,28,149.1
仅日线,SZ.300966,共同药业,二买 / 三买 / MACD绿柱扩大_零上,2026-05-28,27.37,,,,42.9,148.7
仅日线,SH.603559,ST通脉,二买 / 三买 / 趋势买,2026-05-27,9.06,,,,42.9,147.3
仅日线,SZ.300761,立华股份,MACD绿柱扩大_零上,2026-05-25,20,,,,35,143.5
仅日线,SZ.300243,瑞丰高材,二买 / 三买 / MACD绿柱扩大_零上,2026-05-21,17.2,,,,42.9,142.4
仅日线,SZ.300932,三友联众,二买 / MACD绿柱缩小_零下 / MACD绿柱扩大_零上,2026-05-29,9.99,,,,34.1,138.8
仅日线,SZ.001389,广合科技,二买 / 三买 / MACD绿柱扩大_零上,2026-05-28,185.3,,,,42.9,138.5
仅日线,SZ.301310,鑫宏业,MACD绿柱缩小_零下,2026-05-29,33.64,,,,30,138.4
仅日线,SH.601699,潞安环能,拒绝回调相对强度 / 200日新高突破 / MACD绿柱扩大_零上,2026-06-01,17.6,,,,90,137.7
仅日线,SZ.002241,歌尔股份,二买,2026-05-22,24.103,,,,34.1,137.6
仅日线,SZ.000020,深华发Ａ,MACD绿柱缩小_零下,2026-05-29,12.46,,,,30,136.2
仅日线,SZ.002286,保龄宝,MACD绿柱缩小_零下 / MACD绿柱扩大_零上,2026-05-29,9.16,,,,30,134.9
仅日线,SZ.002606,大连电瓷,二买 / 三买 / 趋势买,2026-05-21,14.762,,,,42.9,134.4
仅日线,SZ.300343,ST联创,二买 / MACD绿柱扩大_零上,2026-05-28,6.61,,,,34.1,132
仅日线,SZ.301563,云汉芯城,二买 / MACD绿柱扩大_零上,2026-05-27,161.154,,,,34.1,131.5
仅日线,SZ.300093,*ST金刚,MACD绿柱扩大_零上,2026-05-26,20.6,,,,35,130.6
仅日线,SZ.002468,申通快递,二买 / 三买 / MACD绿柱扩大_零上,2026-05-25,14.73,,,,34.1,127.9
仅日线,SZ.300205,*ST天喻,二买 / 三买 / MACD绿柱扩大_零上,2026-05-29,5.66,,,,42.9,124.4
仅日线,SZ.300558,贝达药业,趋势买 / MACD绿柱扩大_零上,2026-05-27,49.97,,,,29.75,124.3
仅日线,SH.603011,合锻智能,拒绝回调相对强度 / 缺口买:持续,2026-06-01,27.41,,,,90,123.4
仅日线,SH.605377,华旺科技,一买 / MACD绿柱扩大_零上,2026-05-28,8.7,,,,31.5,121.6
仅日线,SZ.002978,安宁股份,MACD绿柱缩小_零下,2026-05-29,27.73,,,,30,121.6
仅日线,SH.601000,唐山港,二买 / MACD绿柱扩大_零上,2026-05-19,4.23,,,,34.1,120.6
仅日线,SZ.301282,金禄电子,二买 / 三买 / MACD绿柱扩大_零上,2026-05-29,27.38,,,,34.1,119.5
仅日线,SZ.300443,金雷股份,MACD绿柱缩小_零下,2026-05-29,26.66,,,,30,118
仅日线,SH.600310,广西能源,二买 / 三买,2026-05-22,4.89,,,,34.1,116.5
仅日线,SH.600587,新华医疗,一买 / 背驰买,2026-05-25,12.94,,,,28,116.5
仅日线,SZ.300975,商络电子,二买 / 三买 / 200日新高突破,2026-06-01,38.51,,,,78.409,115.6
仅日线,SZ.300057,万顺新材,二买 / 三买 / MACD绿柱扩大_零上,2026-05-29,8.23,,,,34.1,115.1
仅日线,SZ.300916,朗特智能,MACD绿柱扩大_零上,2026-05-29,34.73,,,,35,113.2
仅日线,SH.600023,浙能电力,二买 / 拒绝回调相对强度 / MACD绿柱扩大_零上,2026-06-01,6.7,,,,90,112.7
仅日线,SZ.000402,金 融 街,MACD绿柱扩大_零上,2026-05-25,3,,,,31.5,109.6
仅日线,SH.688331,荣昌生物,MACD绿柱缩小_零下,2026-05-29,116.03,,,,30,109
仅日线,SZ.301004,嘉益股份,一买 / 背驰买 / MACD绿柱缩小_零下,2026-05-27,38.83,,,,30,108.8
仅日线,SZ.002773,康弘药业,一买 / MACD绿柱缩小_零下,2026-05-29,21,,,,30,108.6
仅日线,SZ.301222,浙江恒威,二买 / MACD绿柱扩大_零上,2026-05-27,31.55,,,,42.9,107.9
仅日线,SH.600642,申能股份,二买 / 拒绝回调相对强度 / 200日新高突破,2026-06-01,10.76,,,,90,107.1
仅日线,SH.603768,常青股份,MACD绿柱扩大_零上,2026-05-28,10.94,,,,33.25,105.6
仅日线,SZ.000552,甘肃能化,二买 / MACD绿柱扩大_零上,2026-05-27,2.59,,,,34.1,105.5
仅日线,SZ.301070,开勒股份,二买 / MACD绿柱扩大_零上,2026-05-22,96.09,,,,34.1,105.2
仅日线,SH.600598,北大荒,一买 / MACD绿柱扩大_零上,2026-05-29,14.04,,,,28,103.8
仅日线,SZ.002086,东方海洋,一买 / 背驰买,2026-05-22,1.81,,,,28,103.6
仅日线,SZ.002055,ST得润,缺口买:普通,2026-05-26,7.91,,,,1.75,102.5
仅日线,SZ.300295,三六五网,三买 / MACD绿柱扩大_零上,2026-05-27,11.63,,,,33.25,101.8
仅日线,SH.603345,安井食品,二买 / MACD绿柱扩大_零上 / 形态:头肩底,2026-05-27,94.02,,,,34.1,100.7
仅日线,SZ.300626,华瑞股份,二买 / 缺口买:普通,2026-05-26,42.72,,,,34.1,99.6
仅日线,SZ.300501,海顺新材,二买 / 三买 / MACD绿柱扩大_零上,2026-05-29,13.83,,,,34.1,99.2
仅日线,SH.600817,宇通重工,MACD绿柱缩小_零下,2026-05-29,10.08,,,,30,98.9
仅日线,SH.601009,南京银行,MACD绿柱扩大_零上,2026-05-20,10.98,,,,35,98.9
仅日线,SH.600177,雅戈尔,二买 / MACD绿柱扩大_零上,2026-05-25,7.29,,,,34.1,98.3
仅日线,SH.601528,瑞丰银行,一买,2026-05-28,4.63,,,,28,97.3
仅日线,SZ.301557,常友科技,二买 / 拒绝回调相对强度 / MACD绿柱扩大_零上,2026-06-01,89.49,,,,90,97.2
仅日线,SZ.301439,泓淋电力,拒绝回调相对强度 / 200日新高突破,2026-06-01,23.48,,,,96.156,96.156
仅日线,SH.603693,江苏新能,二买,2026-04-07,13.35,,,,34.1,94.1
仅日线,SZ.000539,粤电力Ａ,拒绝回调相对强度 / 200日新高突破,2026-06-01,9.77,,,,93.489,93.489
仅日线,SZ.002648,卫星化学,MACD绿柱扩大_零上,2026-05-21,24.85,,,,26.25,92.9
仅日线,SH.603565,中谷物流,背驰买 / MACD绿柱缩小_零下,2026-05-29,10.4,,,,30,92.1
仅日线,SZ.301501,恒鑫生活,一买 / MACD绿柱缩小_零下,2026-05-27,28.44,,,,30,91.4
仅日线,SZ.002832,比音勒芬,趋势买 / MACD绿柱扩大_零上,2026-05-29,19.6,,,,35,91.2
仅日线,SZ.300040,九洲集团,二买 / MACD绿柱扩大_零上,2026-05-28,7.26,,,,34.1,91.2
仅日线,SH.513100,,拒绝回调相对强度,2026-05-29,2.25,,,,90,90
仅日线,SH.562590,,拒绝回调相对强度,2026-05-22,2.704,,,,90,90
仅日线,SH.600012,皖通高速,拒绝回调相对强度 / 200日新高突破,2026-06-01,17,,,,90,90
仅日线,SH.600110,诺德股份,拒绝回调相对强度 / 200日新高突破,2026-06-01,12.37,,,,90,90
仅日线,SH.600116,三峡水利,拒绝回调相对强度,2026-06-01,7.04,,,,90,90
仅日线,SH.600213,,拒绝回调相对强度 / 缺口买:持续 / 缺口买:普通,2024-08-15,6.36,,,,90,90
仅日线,SH.600546,山煤国际,拒绝回调相对强度 / 200日新高突破,2026-06-01,15.27,,,,90,90
仅日线,SH.600575,淮河能源,三买 / 拒绝回调相对强度,2026-06-01,4.16,,,,90,90
仅日线,SH.600727,鲁北化工,拒绝回调相对强度 / MACD绿柱扩大_零上,2026-06-01,8.84,,,,90,90
仅日线,SH.600780,通宝能源,二买 / 拒绝回调相对强度,2026-06-01,7.86,,,,90,90
仅日线,SH.600850,电科数字,拒绝回调相对强度,2026-06-01,25.59,,,,90,90
仅日线,SH.600869,远东股份,拒绝回调相对强度 / 200日新高突破,2026-06-01,22.98,,,,90,90
仅日线,SH.600886,国投电力,一买 / 拒绝回调相对强度,2026-06-01,14.51,,,,90,90
仅日线,SH.600900,长江电力,二买 / 拒绝回调相对强度,2026-06-01,27.77,,,,90,90
仅日线,SH.600905,三峡能源,拒绝回调相对强度,2026-06-01,4.38,,,,90,90
仅日线,SH.600956,新天绿能,二买 / 拒绝回调相对强度 / MACD绿柱扩大_零上,2026-06-01,9.85,,,,90,90
仅日线,SH.603071,物产环能,拒绝回调相对强度 / MACD绿柱扩大_零上,2026-06-01,14.69,,,,90,90
仅日线,SH.603267,鸿远电子,拒绝回调相对强度,2026-06-01,71.8,,,,90,90
仅日线,SH.603439,三力制药,拒绝回调相对强度 / 200日新高突破,2026-06-01,16.51,,,,90,90
仅日线,SH.603629,利通电子,拒绝回调相对强度,2026-06-01,216.66,,,,90,90
仅日线,SH.603637,镇海股份,拒绝回调相对强度 / 200日新高突破,2026-06-01,22.15,,,,90,90
仅日线,SH.603678,火炬电子,拒绝回调相对强度 / 200日新高突破,2026-06-01,53.28,,,,90,90
仅日线,SH.603773,沃格光电,拒绝回调相对强度,2026-06-01,114.49,,,,90,90
仅日线,SH.603890,春秋电子,拒绝回调相对强度 / 200日新高突破,2026-06-01,27.29,,,,90,90
仅日线,SH.688352,颀中科技,拒绝回调相对强度 / 200日新高突破,2026-06-01,21.62,,,,90,90
仅日线,SZ.000037,深南电A,拒绝回调相对强度 / MACD绿柱扩大_零上,2026-06-01,12.65,,,,90,90
仅日线,SZ.000531,穗恒运Ａ,拒绝回调相对强度,2026-06-01,8.22,,,,90,90
仅日线,SZ.000608,*ST阳光,拒绝回调相对强度 / 200日新高突破,2026-06-01,4.93,,,,90,90
仅日线,SZ.000636,风华高科,拒绝回调相对强度 / 200日新高突破,2026-06-01,55.05,,,,90,90
仅日线,SZ.000722,湖南发展,二买 / 拒绝回调相对强度 / MACD绿柱扩大_零上,2026-06-01,16.26,,,,90,90
仅日线,SZ.000883,湖北能源,拒绝回调相对强度 / 200日新高突破,2026-06-01,5.42,,,,90,90
仅日线,SZ.000899,赣能股份,拒绝回调相对强度,2026-06-01,14.52,,,,90,90
仅日线,SZ.000926,福星股份,拒绝回调相对强度,2026-06-01,2.48,,,,90,90
仅日线,SZ.001210,金房能源,拒绝回调相对强度 / 200日新高突破,2026-06-01,33.51,,,,90,90
仅日线,SZ.002028,思源电气,拒绝回调相对强度,2026-06-01,216,,,,90,90
仅日线,SZ.002039,黔源电力,三买 / 拒绝回调相对强度 / MACD绿柱扩大_零上,2026-06-01,22.62,,,,90,90
仅日线,SZ.002552,宝鼎科技,拒绝回调相对强度 / 200日新高突破,2026-06-01,57.93,,,,90,90
仅日线,SZ.002608,江苏国信,拒绝回调相对强度 / 200日新高突破,2026-06-01,10.12,,,,90,90
仅日线,SZ.002771,真视通,拒绝回调相对强度,2026-06-01,17.78,,,,90,90
仅日线,SZ.002806,华锋股份,拒绝回调相对强度 / 200日新高突破,2026-06-01,18.48,,,,90,90
仅日线,SZ.002859,洁美科技,拒绝回调相对强度 / 200日新高突破,2026-06-01,75.05,,,,90,90
仅日线,SZ.002893,京能热力,一买 / 拒绝回调相对强度,2026-06-01,12.73,,,,90,90
仅日线,SZ.002951,金时科技,拒绝回调相对强度,2026-06-01,19.4,,,,90,90
仅日线,SZ.002995,天地在线,拒绝回调相对强度,2026-06-01,25.11,,,,90,90
仅日线,SZ.159770,,拒绝回调相对强度,2026-05-22,1.253,,,,90,90
仅日线,SZ.300196,长海股份,拒绝回调相对强度 / 200日新高突破,2026-06-01,26.42,,,,90,90
仅日线,SZ.300197,节能铁汉,一买 / 拒绝回调相对强度,2026-06-01,1.93,,,,90,90
仅日线,SZ.300649,杭州园林,拒绝回调相对强度 / 200日新高突破,2026-06-01,25.26,,,,90,90
仅日线,SZ.301329,信音电子,拒绝回调相对强度 / 200日新高突破,2026-06-01,31.38,,,,90,90
仅日线,SZ.301511,德福科技,拒绝回调相对强度,2026-06-01,128.53,,,,90,90
仅日线,SZ.301577,美信科技,拒绝回调相对强度 / 200日新高突破,2026-06-01,82.53,,,,90,90
仅日线,SZ.000002,万  科Ａ,一买,2026-05-27,3.26,,,,28,89.9
仅日线,SZ.000990,诚志股份,二买 / 三买 / MACD绿柱扩大_零上,2026-05-26,9.49,,,,34.1,89.7
仅日线,SH.600717,天津港,一买 / 背驰买,2026-05-22,4.33,,,,28,89.4
仅日线,SH.600925,苏能股份,拒绝回调相对强度,2026-06-01,4.85,,,,89.256,89.256
仅日线,SH.601225,陕西煤业,拒绝回调相对强度,2026-06-01,26.77,,,,89.176,89.176
仅日线,SH.600482,中国动力,二买 / MACD绿柱扩大_零上,2026-05-25,34.62,,,,42.9,88.8
仅日线,SZ.301308,江波龙,MACD绿柱扩大_零上,2026-05-29,551.29,,,,31.5,88.5
仅日线,SH.600035,楚天高速,一买 / 拒绝回调相对强度,2026-06-01,3.93,,,,87.746,87.746
仅日线,SH.600256,广汇能源,拒绝回调相对强度,2026-06-01,6.75,,,,87.667,87.667
仅日线,SH.600735,ST新华锦,二买,2026-05-11,6.31,,,,34.1,87.5
仅日线,SZ.000728,国元证券,一买 / 背驰买,2026-05-20,6.97,,,,28,87.5
仅日线,SH.688336,三生国健,MACD绿柱缩小_零下,2026-05-29,64.44,,,,30,87.4
仅日线,SZ.300022,吉峰科技,二买 / MACD绿柱缩小_零下 / 形态:头肩底,2026-05-29,8.45,,,,34.1,87.3
仅日线,SH.601916,浙商银行,二买 / 拒绝回调相对强度,2026-06-01,3.06,,,,86.8,86.8
仅日线,SH.600941,中国移动,二买 / MACD绿柱扩大_零上,2026-05-27,97.58,,,,34.1,86.2
仅日线,SZ.000573,粤宏远Ａ,二买 / MACD绿柱扩大_零上,2026-05-27,4.28,,,,34.1,86.2
仅日线,SH.600508,上海能源,拒绝回调相对强度 / MACD绿柱扩大_零上,2026-06-01,14.9,,,,86.105,86.105
仅日线,SH.601985,中国核电,拒绝回调相对强度,2026-06-01,9.18,,,,85.985,85.985
仅日线,SZ.001396,誉帆科技,二买 / MACD绿柱扩大_零上,2026-05-28,46.51,,,,34.1,85.9
仅日线,SH.601369,陕鼓动力,拒绝回调相对强度,2026-06-01,9.67,,,,85.826,85.826
仅日线,SH.603466,风语筑,二买 / 拒绝回调相对强度,2026-06-01,11.42,,,,85.267,85.267
仅日线,SH.600798,宁波海运,一买 / 拒绝回调相对强度,2026-06-01,3.81,,,,85.189,85.189
仅日线,SZ.002616,长青集团,拒绝回调相对强度 / MACD绿柱扩大_零上,2026-06-01,5.96,,,,85.143,85.143
仅日线,SH.688293,奥浦迈,MACD绿柱缩小_零下 / MACD绿柱扩大_零上,2026-05-29,43.61,,,,31.5,85
仅日线,SZ.300119,瑞普生物,一买,2026-05-28,15.63,,,,28,85
仅日线,SZ.000507,珠海港,拒绝回调相对强度,2026-06-01,5.45,,,,84.662,84.662
仅日线,SH.600123,兰花科创,拒绝回调相对强度 / MACD绿柱扩大_零上,2026-06-01,7.12,,,,84.491,84.491
仅日线,SH.601838,成都银行,拒绝回调相对强度 / MACD绿柱扩大_零上,2026-06-01,18.95,,,,84.412,84.412
仅日线,SZ.002351,漫步者,拒绝回调相对强度,2026-06-01,11.48,,,,84.162,84.162
仅日线,SH.601900,南方传媒,一买,2026-05-29,11.52,,,,28,84.1
仅日线,SZ.301630,同宇新材,二买 / 三买 / MACD绿柱扩大_零上,2026-05-21,246.8,,,,42.9,84.1
仅日线,SH.600101,明星电力,拒绝回调相对强度,2026-06-01,10.45,,,,83.757,83.757
仅日线,SH.600153,建发股份,MACD绿柱扩大_零上,2026-05-29,9.69,,,,35,83.6
仅日线,SZ.000921,海信家电,二买 / 三买 / 拒绝回调相对强度,2026-06-01,25.18,,,,83.486,83.486
仅日线,SH.603906,龙蟠科技,MACD绿柱扩大_零上,2026-05-29,25.24,,,,29.75,82.9
仅日线,SH.603006,联明股份,拒绝回调相对强度,2026-06-01,14.36,,,,82.854,82.854
仅日线,SZ.000828,东莞控股,拒绝回调相对强度,2026-06-01,10.22,,,,82.556,82.556
仅日线,SZ.300472,*ST新元,二买 / MACD绿柱扩大_零上,2026-05-29,8.2,,,,34.1,82.5
仅日线,SZ.300265,通光线缆,二买 / MACD绿柱扩大_零上,2026-05-28,20.98,,,,34.1,82.3
仅日线,SH.601002,晋亿实业,MACD绿柱缩小_零下 / MACD绿柱扩大_零上,2026-05-29,5.13,,,,35,81.9
仅日线,SH.600744,华银电力,二买 / MACD绿柱扩大_零上,2026-05-25,8.05,,,,34.1,81.6
仅日线,SH.600827,百联股份,拒绝回调相对强度,2026-06-01,8.54,,,,81.551,81.551
仅日线,SH.601997,贵阳银行,拒绝回调相对强度 / MACD绿柱扩大_零上,2026-06-01,6.01,,,,81.037,81.037
仅日线,SZ.002204,大连重工,MACD绿柱缩小_零下,2026-05-29,6.11,,,,30,81
仅日线,SH.688048,长光华芯,MACD绿柱扩大_零上,2026-05-28,395.58,,,,35,80.8
仅日线,SZ.000998,隆平高科,MACD绿柱缩小_零下,2026-05-29,8.49,,,,30,80.2
仅日线,SH.600007,中国国贸,拒绝回调相对强度 / MACD绿柱扩大_零上,2026-06-01,21.73,,,,80.142,80.142
仅日线,SH.600674,川投能源,拒绝回调相对强度 / MACD绿柱扩大_零上,2026-06-01,15.74,,,,80.062,80.062
仅日线,SZ.002461,珠江啤酒,MACD绿柱扩大_零上,2026-05-22,9.4,,,,35,79.8
仅日线,SZ.301281,科源制药,二买,2026-05-22,35.7,,,,34.1,79.4
仅日线,SZ.002641,公元股份,拒绝回调相对强度,2026-06-01,4.27,,,,79.145,79.145
仅日线,SH.601456,国联民生,一买 / MACD绿柱扩大_零上,2026-05-29,8.58,,,,33.25,79.1
仅日线,SH.603595,ST东尼,三买 / 缺口买:普通,2026-05-26,24.74,,,,40,79.1
仅日线,SZ.002570,贝因美,拒绝回调相对强度,2026-06-01,5.14,,,,78.908,78.908
仅日线,SZ.301186,超达装备,MACD绿柱扩大_零上,2026-05-29,63.9,,,,35,78.8
仅日线,SZ.300241,瑞丰光电,二买 / 三买,2026-05-22,6.65,,,,34.1,78.4
仅日线,SH.600117,西宁特钢,一买,2026-05-27,2.27,,,,28,78.1
仅日线,SH.688298,东方生物,MACD绿柱扩大_零上,2026-05-22,21.98,,,,29.75,78
仅日线,SZ.300783,三只松鼠,一买 / MACD绿柱扩大_零上,2026-05-27,18.17,,,,28,77.6
仅日线,SZ.300294,博雅生物,一买 / MACD绿柱缩小_零下,2026-05-28,15.39,,,,30,77.3
仅日线,SH.600982,宁波能源,二买 / MACD绿柱扩大_零上,2026-05-26,5.93,,,,34.1,77
仅日线,SZ.002563,森马服饰,趋势买 / MACD绿柱扩大_零上,2026-05-29,5.48,,,,35,77
仅日线,SH.603717,天域生物,MACD绿柱扩大_零上,2026-05-29,6.59,,,,33.25,76.7
仅日线,SH.603194,中力股份,MACD绿柱扩大_零上,2026-05-29,33.5,,,,26.25,76.5
仅日线,SZ.002675,东诚药业,MACD绿柱缩小_零下,2026-05-28,12.57,,,,30,76.3
仅日线,SZ.002059,云南旅游,一买 / MACD绿柱缩小_零下,2026-05-28,4.44,,,,30,76
仅日线,SH.688097,博众精工,二买 / MACD绿柱扩大_零上,2026-05-28,59.61,,,,34.1,75.9
仅日线,SZ.300439,美康生物,一买 / MACD绿柱扩大_零上,2026-05-28,8.9,,,,29.75,75.8
仅日线,SZ.002812,恩捷股份,二买 / MACD绿柱扩大_零上,2026-05-27,72.04,,,,34.1,75
仅日线,SH.600997,开滦股份,一买 / 背驰买,2026-05-22,5.21,,,,28,74.7
仅日线,SH.688498,源杰科技,二买 / MACD绿柱扩大_零上,2026-05-26,1041.1,,,,34.1,74.3
仅日线,SZ.002578,闽发铝业,拒绝回调相对强度,2026-06-01,4.22,,,,74.213,74.213
仅日线,SZ.001369,双欣材料,一买,2026-05-27,13.98,,,,28,74
仅日线,SZ.300999,金龙鱼,一买,2026-05-25,25.68,,,,28,73.9
仅日线,SZ.002432,九安医疗,MACD绿柱扩大_零上,2026-05-20,70.68,,,,29.75,73.5
仅日线,SZ.000690,宝新能源,三买,2026-05-22,5.13,,,,32.5,73.2
仅日线,SH.603101,汇嘉时代,MACD绿柱缩小_零下 / MACD绿柱扩大_零上,2026-05-29,7.46,,,,30,73
仅日线,SZ.001979,招商蛇口,MACD绿柱扩大_零上,2026-05-27,8.34,,,,31.5,72.9
仅日线,SH.688146,中船特气,200日新高突破,2026-06-01,169.99,,,,72.885,72.885
仅日线,SH.600741,华域汽车,MACD绿柱缩小_零下,2026-05-29,16.71,,,,30,72.7
仅日线,SZ.002705,新宝股份,MACD绿柱缩小_零下,2026-05-29,12.89,,,,30,72.1
仅日线,SZ.300504,天邑股份,二买 / 三买 / 形态:头肩底,2026-05-21,17.3,,,,42.9,72.1
仅日线,SH.603683,晶华新材,拒绝回调相对强度 / MACD绿柱扩大_零上,2026-06-01,29.5,,,,71.97,71.97
仅日线,SH.601588,北辰实业,二买 / MACD绿柱扩大_零上,2026-05-22,1.76,,,,34.1,71.6
仅日线,SZ.002348,高乐股份,二买 / MACD绿柱扩大_零上 / 缺口买:普通,2026-05-29,15.37,,,,42.9,71.6
仅日线,SZ.301312,智立方,二买 / 三买 / MACD绿柱扩大_零上,2026-05-21,113.5,,,,42.9,70.9
仅日线,SZ.300896,爱美客,一买,2026-05-28,98.53,,,,28,70.6
仅日线,SZ.002458,益生股份,MACD绿柱扩大_零上,2026-05-29,8.06,,,,28,70.3
仅日线,SZ.002253,*ST智胜,二买 / MACD绿柱扩大_零上 / 形态:头肩底,2026-05-21,11.2,,,,34.1,70.2
仅日线,SZ.000711,ST京蓝,二买,2026-05-22,5.35,,,,42.9,70.1
仅日线,SH.603195,公牛集团,二买 / MACD绿柱扩大_零上,2026-05-29,41.58,,,,34.1,69.8
仅日线,SH.600502,安徽建工,一买 / MACD绿柱缩小_零下 / MACD绿柱扩大_零上,2026-05-29,5.29,,,,30,69.6
仅日线,SH.600917,重庆燃气,一买,2026-05-29,5.07,,,,28,69.3
仅日线,SH.600015,华夏银行,MACD绿柱缩小_零下,2026-05-21,6.7,,,,30,69.1
仅日线,SH.600066,宇通客车,MACD绿柱缩小_零下,2026-05-29,32.3,,,,30,69.1
仅日线,SH.688186,广大特材,一买 / 背驰买,2026-05-20,18.61,,,,28,69
仅日线,SH.600056,中国医药,一买,2026-05-27,9.5,,,,28,68.6
仅日线,SH.600428,中远海特,MACD绿柱缩小_零下,2026-05-29,7.8,,,,30,68.5
仅日线,SZ.300570,太辰光,二买 / 三买 / MACD绿柱扩大_零上,2026-05-22,161.42,,,,42.9,68.1
仅日线,SH.603366,日出东方,一买,2026-05-26,7.41,,,,28,67.9
仅日线,SZ.002685,华东重机,MACD绿柱扩大_零上,2026-05-29,7.93,,,,29.75,66.9
仅日线,SZ.300831,派瑞股份,二买 / 三买 / 形态:头肩底,2026-03-31,15.82,,,,34.1,66.9
仅日线,SH.688248,南网科技,MACD绿柱扩大_零上,2026-05-29,60.62,,,,29.75,66.7
仅日线,SH.605336,帅丰电器,MACD绿柱扩大_零上,2026-05-29,15.9,,,,33.25,66.6
仅日线,SZ.002840,华统股份,MACD绿柱缩小_零下 / MACD绿柱扩大_零上,2026-05-29,9.18,,,,33.25,66.4
仅日线,SH.600985,淮北矿业,200日新高突破,2026-06-01,15.81,,,,65.801,65.801
仅日线,SH.688090,瑞松科技,MACD绿柱扩大_零上,2026-05-29,85.89,,,,29.75,65.6
仅日线,SZ.300266,兴源环境,MACD绿柱缩小_零下,2026-05-28,2.05,,,,30,65.4
仅日线,SH.600641,先导基电,MACD绿柱扩大_零上,2026-05-29,26.9,,,,29.75,65
仅日线,SZ.002217,合力泰,MACD绿柱扩大_零上,2026-05-28,2.72,,,,35,64.9
仅日线,SH.603041,美思德,MACD绿柱扩大_零上,2026-05-29,12.44,,,,33.25,64.2
仅日线,SZ.300174,元力股份,200日新高突破 / MACD绿柱扩大_零上,2026-06-01,27.39,,,,63.986,63.986
仅日线,SH.688799,华纳药厂,MACD绿柱扩大_零上,2026-05-27,52.48,,,,35,63.8
仅日线,SH.600067,冠城新材,MACD绿柱缩小_零下,2026-05-29,3.04,,,,30,63.7
仅日线,SZ.002310,东方新能,一买 / MACD绿柱扩大_零上,2026-05-22,2.76,,,,28,63.7
仅日线,SZ.300184,力源信息,二买 / 三买 / 形态:头肩底,2026-05-15,13.98,,,,42.9,63.7
仅日线,SZ.002962,五方光电,三买,2026-04-29,16.32,,,,32.5,63.5
仅日线,SZ.002019,亿帆医药,MACD绿柱缩小_零下,2026-05-27,10,,,,30,63.3
仅日线,SH.603689,皖天然气,MACD绿柱扩大_零上,2026-05-29,7.94,,,,29.75,62.7
仅日线,SH.600663,陆家嘴,MACD绿柱扩大_零上,2026-05-22,7.05,,,,22.75,62.6
仅日线,SZ.300317,珈伟新能,MACD绿柱扩大_零上,2026-05-28,5.14,,,,31.5,62
仅日线,SZ.002528,ST英飞拓,MACD绿柱扩大_零上,2026-05-29,4.14,,,,29.75,61.9
仅日线,SZ.301373,凌玮科技,MACD绿柱扩大_零上,2026-05-29,138.6,,,,26.25,61.2
仅日线,SZ.002267,陕天然气,一买,2026-05-27,7.25,,,,28,61.1
仅日线,SH.600166,福田汽车,MACD绿柱扩大_零上,2026-05-22,3.13,,,,31.5,60.8
仅日线,SH.600499,科达制造,MACD绿柱缩小_零下 / MACD绿柱扩大_零上,2026-05-29,16.34,,,,35,60.4
仅日线,SH.603324,盛剑科技,200日新高突破,2026-06-01,32.87,,,,60.371,60.371
仅日线,SH.603990,麦迪科技,200日新高突破,2026-06-01,20.65,,,,60.044,60.044
仅日线,SH.688096,京源环保,趋势买,2026-05-29,11.59,,,,21,59.4
仅日线,SH.600488,津药药业,MACD绿柱扩大_零上,2026-05-27,5.15,,,,29.75,59.3
仅日线,SZ.000823,超声电子,二买 / MACD绿柱扩大_零上 / 形态:头肩底,2026-05-22,16.39,,,,34.1,59.1
仅日线,SH.600016,民生银行,一买,2026-05-29,3.46,,,,28,58.9
仅日线,SH.600573,惠泉啤酒,MACD绿柱扩大_零上,2026-05-28,12.47,,,,35,58.7
仅日线,SH.600183,生益科技,200日新高突破,2026-06-01,135.63,,,,58.495,58.495
仅日线,SZ.002638,勤上股份,MACD绿柱扩大_零上,2026-05-21,4.25,,,,33.25,58.2
仅日线,SZ.300964,本川智能,二买 / 三买 / 200日新高突破,2026-06-01,106.5,,,,57.886,57.886
仅日线,SZ.000409,云鼎科技,一买,2026-05-22,9.35,,,,28,57.8
仅日线,SH.688428,诺诚健华,MACD绿柱缩小_零下,2026-05-29,24.45,,,,30,57.1
仅日线,SZ.301189,奥尼电子,200日新高突破,2026-06-01,108.56,,,,56.604,56.604
仅日线,SZ.301226,祥明智能,二买,2026-05-22,37.78,,,,34.1,56.2
仅日线,SH.603659,璞泰来,MACD绿柱缩小_零下 / MACD绿柱扩大_零上,2026-05-29,30.63,,,,35,56
仅日线,SH.688314,康拓医疗,背驰买,2026-05-27,36.51,,,,26.25,55.9
仅日线,SH.688466,金科环境,MACD绿柱扩大_零上,2026-05-29,16.21,,,,29.75,55.9
仅日线,SZ.301638,南网数字,MACD绿柱扩大_零上,2026-05-28,27.13,,,,33.25,55.9
仅日线,SZ.300091,*ST金灵,MACD绿柱缩小_零下 / MACD绿柱扩大_零上,2026-05-29,2.93,,,,35,55.8
仅日线,SZ.300319,麦捷科技,200日新高突破,2026-06-01,15.46,,,,55.493,55.493
仅日线,SZ.002897,意华股份,趋势买,2026-05-22,65.2,,,,21,55.4
仅日线,SH.603052,可川科技,MACD绿柱扩大_零上,2026-05-29,95.14,,,,33.25,55.2
仅日线,SZ.000951,中国重汽,MACD绿柱缩小_零下,2026-05-29,21.49,,,,30,55.1
仅日线,SH.603284,林平发展,MACD绿柱缩小_零下,2026-05-25,43.47,,,,30,55
仅日线,SH.600203,福日电子,MACD绿柱扩大_零上,2026-05-22,12.32,,,,29.75,54.9
仅日线,SZ.000651,格力电器,MACD绿柱扩大_零上,2026-05-29,39.17,,,,35,54.9
仅日线,SH.600156,华升股份,MACD绿柱扩大_零上,2026-05-29,10.25,,,,26.25,54.8
仅日线,SZ.001257,盛龙股份,MACD绿柱扩大_零上 / 缺口买:普通,2026-05-27,28.41,,,,28,54.8
仅日线,SZ.002032,苏 泊 尔,MACD绿柱扩大_零上,2026-05-29,45.15,,,,29.75,54.6
仅日线,SH.688548,广钢气体,MACD绿柱扩大_零上,2026-05-29,27.7,,,,26.25,54.5
仅日线,SZ.300137,先河环保,MACD绿柱扩大_零上,2026-05-29,18.67,,,,31.5,54.4
仅日线,SZ.300983,尤安设计,MACD绿柱扩大_零上,2026-05-29,36.06,,,,33.25,54.3
仅日线,SH.600433,冠豪高新,MACD绿柱扩大_零上,2026-05-29,4.11,,,,28,54.2
仅日线,SH.603002,宏昌电子,二买 / MACD绿柱扩大_零上,2026-05-21,15.12,,,,34.1,54.2
仅日线,SZ.301498,乖宝宠物,MACD绿柱缩小_零下,2026-05-29,44.28,,,,30,54.2
仅日线,SZ.301680,固德电材,MACD绿柱扩大_零上,2026-05-26,106.36,,,,29.75,54.2
仅日线,SH.688276,百克生物,一买,2026-05-29,15.54,,,,28,54
仅日线,SZ.301516,中远通,MACD绿柱扩大_零上,2026-05-29,17.89,,,,28,53.9
仅日线,SZ.300880,迦南智能,MACD绿柱扩大_零上,2026-05-26,20.6,,,,26.25,53.6
仅日线,SH.600732,爱旭股份,MACD绿柱缩小_零下,2026-05-29,12.1,,,,30,53.3
仅日线,SH.603193,润本股份,MACD绿柱扩大_零上,2026-05-25,22.7,,,,35,53.3
仅日线,SH.600155,华创云信,一买,2026-05-28,5.57,,,,28,53.1
仅日线,SH.603066,音飞储存,MACD绿柱扩大_零上,2026-05-29,10.95,,,,35,52.8
仅日线,SH.600109,国金证券,MACD绿柱扩大_零上,2026-05-29,8.67,,,,28,52.3
仅日线,SZ.300936,中英科技,二买,2026-04-30,69.5,,,,42.9,51.9
仅日线,SH.688141,杰华特,MACD绿柱扩大_零上,2026-05-29,95.66,,,,29.75,51.1
仅日线,SZ.000989,九芝堂,MACD绿柱扩大_零上,2026-05-19,8.67,,,,35,51.1
仅日线,SZ.000158,常山北明,一买,2026-05-22,15.12,,,,28,51
仅日线,SZ.000009,中国宝安,MACD绿柱缩小_零下,2026-05-29,7.4,,,,30,50.1
仅日线,SZ.300285,国瓷材料,二买 / 200日新高突破,2026-06-01,51.6,,,,49.914,49.914
仅日线,SZ.300015,爱尔眼科,一买 / 背驰买 / MACD绿柱扩大_零上,2026-05-27,8.95,,,,28,49.6
仅日线,SH.688028,沃尔德,二买 / 三买 / MACD绿柱扩大_零上,2026-05-22,125.21,,,,42.9,49.5
仅日线,SZ.002797,第一创业,二买 / MACD绿柱扩大_零上,2026-05-22,7.19,,,,34.1,49.5
仅日线,SH.688308,欧科亿,二买,2026-04-27,85.25,,,,34.1,48.9
仅日线,SH.688722,同益中,MACD绿柱扩大_零上,2026-05-29,16.08,,,,24.5,48.9
仅日线,SZ.002222,福晶科技,MACD绿柱扩大_零上,2026-05-29,100.56,,,,29.75,48.8
仅日线,SH.603093,南华期货,MACD绿柱扩大_零上,2026-05-29,22,,,,31.5,48.1
仅日线,SZ.300996,普联软件,MACD绿柱扩大_零上,2026-05-29,11.83,,,,29.75,48.1
仅日线,SZ.000155,川能动力,MACD绿柱扩大_零上,2026-05-18,16.12,,,,35,47.9
仅日线,SH.600461,洪城环境,二买 / 200日新高突破,2026-06-01,10.31,,,,47.834,47.834
仅日线,SZ.002507,涪陵榨菜,一买,2026-05-27,11.27,,,,28,47.7
仅日线,SH.605088,冠盛股份,MACD绿柱扩大_零上,2026-05-29,34.5,,,,35,47.5
仅日线,SZ.001267,汇绿生态,MACD绿柱扩大_零上,2026-05-29,57.94,,,,33.25,47.5
仅日线,SZ.001289,龙源电力,三买,2026-05-22,16.67,,,,32.5,47.5
仅日线,SZ.300580,贝斯特,MACD绿柱扩大_零上,2026-05-28,25.33,,,,22.75,47.5
仅日线,SH.605388,均瑶健康,MACD绿柱扩大_零上,2026-05-19,6.94,,,,29.75,46.9
仅日线,SZ.002688,金河生物,一买 / 缺口买:普通,2026-05-28,5.95,,,,28,46.9
仅日线,SZ.300345,华民股份,一买,2026-05-26,5.99,,,,28,46.5
仅日线,SH.688755,汉邦科技,MACD绿柱扩大_零上,2026-05-27,37.48,,,,35,46.3
仅日线,SZ.002843,泰嘉股份,MACD绿柱扩大_零上,2026-05-29,22.44,,,,29.75,46
仅日线,SH.603806,福斯特,MACD绿柱扩大_零上,2026-05-20,16.47,,,,24.5,45.9
仅日线,SZ.301396,宏景科技,MACD绿柱扩大_零上,2026-05-29,175.8,,,,29.75,45.6
仅日线,SZ.000488,ST晨鸣,MACD绿柱缩小_零下,2026-05-26,2.37,,,,30,45.3
仅日线,SZ.000876,新 希 望,MACD绿柱扩大_零上,2026-05-18,8.24,,,,29.75,45.3
仅日线,SH.920833,美心翼申,一买,2026-05-27,13.82,,,,28,45
仅日线,SZ.002557,洽洽食品,MACD绿柱扩大_零上,2026-05-18,21.56,,,,33.25,45
仅日线,SZ.300382,斯莱克,MACD绿柱扩大_零上,2026-05-25,16.08,,,,28,45
仅日线,SZ.000007,全新好,MACD绿柱缩小_零下 / MACD绿柱扩大_零上,2026-05-29,11.33,,,,28,44.9
仅日线,SH.600729,重庆百货,MACD绿柱缩小_零下,2026-05-28,18.94,,,,30,44.8
仅日线,SH.603060,国检集团,MACD绿柱扩大_零上,2026-05-28,6.33,,,,26.25,44.8
仅日线,SZ.300958,建工修复,MACD绿柱扩大_零上,2026-05-29,12.83,,,,35,44.8
仅日线,SH.603529,爱玛科技,MACD绿柱缩小_零下,2026-05-22,20.626,,,,30,44.6
仅日线,SZ.001203,大中矿业,MACD绿柱缩小_零下 / MACD绿柱扩大_零上,2026-05-29,39,,,,35,44.1
仅日线,SH.600158,中体产业,MACD绿柱扩大_零上,2026-05-28,11.6,,,,33.25,43.8
仅日线,SH.603418,友升股份,MACD绿柱扩大_零上,2026-05-28,51.36,,,,33.25,43.8
仅日线,SZ.300653,正海生物,MACD绿柱缩小_零下,2026-05-29,15.92,,,,30,43.8
仅日线,SH.600787,中储股份,一买,2026-05-27,4.65,,,,28,43.7
仅日线,SH.688373,盟科药业,一买,2026-05-28,4.62,,,,28,43.7
仅日线,SH.600152,维科技术,MACD绿柱扩大_零上,2026-05-29,11.4,,,,24.5,43.5
仅日线,SH.600539,狮头股份,MACD绿柱扩大_零上,2026-05-22,14.85,,,,33.25,43.3
仅日线,SZ.002695,煌上煌,MACD绿柱扩大_零上,2026-05-29,11.47,,,,28,43.3
仅日线,SH.603096,新经典,MACD绿柱扩大_零上,2026-05-27,16.43,,,,28,43
仅日线,SH.600370,三房巷,MACD绿柱缩小_零下,2026-05-29,1.42,,,,30,42.9
仅日线,SH.603819,神力股份,MACD绿柱扩大_零上,2026-05-29,13.1,,,,31.5,42.7
仅日线,SH.688309,恒誉环保,MACD绿柱扩大_零上,2026-05-29,69.2,,,,31.5,42.7
仅日线,SZ.300149,睿智医药,MACD绿柱缩小_零下,2026-05-25,8.86,,,,29.7,42.7
仅日线,SZ.300233,金城医药,MACD绿柱扩大_零上,2026-05-25,13.99,,,,31.5,42.7
仅日线,SZ.300938,信测标准,MACD绿柱扩大_零上,2026-05-29,54.83,,,,31.5,42.7
仅日线,SZ.300912,凯龙高科,MACD绿柱扩大_零上,2026-05-29,26.68,,,,29.75,42.6
仅日线,SZ.301618,长联科技,MACD绿柱扩大_零上,2026-05-29,37.96,,,,28,42.6
仅日线,SZ.300757,罗博特科,二买,2026-05-21,520.71,,,,34.1,42.5
仅日线,SZ.301132,满坤科技,背驰买,2026-05-22,35.01,,,,26.25,42.5
仅日线,SZ.000848,承德露露,MACD绿柱扩大_零上,2026-05-26,8.28,,,,33.25,42.1
仅日线,SH.688197,首药控股,MACD绿柱扩大_零上,2026-05-29,36.58,,,,28,41.9
仅日线,SH.600182,S佳通,MACD绿柱扩大_零上,2026-05-19,14.28,,,,29.75,41.6
仅日线,SZ.301428,世纪恒通,一买,2026-05-29,30.35,,,,28,41.5
仅日线,SH.600816,建元信托,MACD绿柱扩大_零上,2026-05-29,3.09,,,,28,41.3
仅日线,SH.600682,南京新百,MACD绿柱缩小_零下,2026-05-29,5.76,,,,30,41
仅日线,SH.688192,迪哲医药,MACD绿柱缩小_零下 / MACD绿柱扩大_零上,2026-05-28,54.23,,,,30,40.8
仅日线,SZ.000885,城发环境,MACD绿柱扩大_零上,2026-05-22,13.48,,,,31.5,40.8
仅日线,SH.600299,安迪苏,MACD绿柱缩小_零下,2026-05-29,11,,,,30,40.7
仅日线,SH.600518,康美药业,MACD绿柱缩小_零下,2026-05-29,1.55,,,,30,40.7
仅日线,SH.600867,通化东宝,MACD绿柱缩小_零下,2026-05-29,8.41,,,,30,40.7
仅日线,SH.603089,正裕工业,MACD绿柱缩小_零下,2026-05-26,11.15,,,,30,40.7
仅日线,SH.603288,海天味业,MACD绿柱缩小_零下,2026-05-29,35.92,,,,30,40.7
仅日线,SZ.000423,东阿阿胶,MACD绿柱缩小_零下,2026-05-29,49.99,,,,30,40.7
仅日线,SZ.002263,大东南,MACD绿柱缩小_零下,2026-05-29,3.9,,,,30,40.7
仅日线,SZ.300759,康龙化成,MACD绿柱缩小_零下,2026-05-29,25.1,,,,30,40.7
仅日线,SH.601789,宁波建工,MACD绿柱扩大_零上,2026-05-27,5,,,,28,40.6
仅日线,SH.603970,中农立华,一买,2026-05-28,11.37,,,,28,40.6
仅日线,SH.600557,康缘药业,一买,2026-05-22,12.08,,,,28,40.5
仅日线,SZ.002867,周大生,二买 / 三买 / MACD绿柱扩大_零上 / 形态:头肩底,2026-05-27,12.33,,,,34.1,40.5
仅日线,SZ.301603,乔锋智能,MACD绿柱扩大_零上,2026-05-29,126.63,,,,31.5,40.4
仅日线,SZ.002810,山东赫达,MACD绿柱扩大_零上,2026-05-29,22.73,,,,29.75,40.3
仅日线,SZ.300832,新产业,MACD绿柱扩大_零上,2026-05-29,46.74,,,,29.75,40.3
仅日线,SH.600239,云南城投,MACD绿柱缩小_零下 / 缺口买:普通,2026-05-29,1.52,,,,30,40
仅日线,SH.600567,山鹰国际,一买,2026-05-21,1.31,,,,28,39.8
仅日线,SZ.002796,世嘉科技,MACD绿柱缩小_零下 / MACD绿柱扩大_零上,2026-05-26,53.01,,,,30,39.8
仅日线,SZ.000906,浙商中拓,MACD绿柱扩大_零上,2026-05-29,6.28,,,,29.75,39.7
仅日线,SZ.300301,ST长方,二买 / MACD绿柱扩大_零上,2026-05-21,3.45,,,,34.1,39.5
仅日线,SZ.301683,慧谷新材,MACD绿柱扩大_零上,2026-05-28,136.32,,,,29.75,39.4
仅日线,SH.600930,华电新能,二买,2026-05-22,6.03,,,,34.1,39.3
仅日线,SZ.002088,鲁阳节能,一买 / MACD绿柱缩小_零下,2026-05-29,8.85,,,,30,39.2
仅日线,SH.688268,华特气体,MACD绿柱扩大_零上,2026-05-29,143.1,,,,29.75,39.1
仅日线,SZ.002862,实丰文化,MACD绿柱扩大_零上,2026-05-29,16.49,,,,35,38.8
仅日线,SH.601077,渝农商行,MACD绿柱缩小_零下,2026-05-27,6.63,,,,30,38.6
仅日线,SH.600351,亚宝药业,MACD绿柱扩大_零上,2026-05-21,6.39,,,,31.5,38.5
仅日线,SH.603687,大胜达,MACD绿柱扩大_零上,2026-05-27,16.13,,,,29.75,38.5
仅日线,SZ.002053,云南能投,MACD绿柱扩大_零上,2026-05-27,11.29,,,,29.75,38.5
仅日线,SZ.300511,雪榕生物,MACD绿柱扩大_零上,2026-05-20,6.96,,,,35,38.5
仅日线,SZ.301053,远信工业,MACD绿柱扩大_零上,2026-05-19,54,,,,29.75,38.5
仅日线,SH.603711,香飘飘,MACD绿柱扩大_零上,2026-05-29,14.61,,,,28,38.2
仅日线,SH.601818,光大银行,一买,2026-05-29,3.06,,,,28,38
仅日线,SZ.002051,中工国际,MACD绿柱扩大_零上,2026-05-29,11.01,,,,28,38
仅日线,SZ.301051,信濠光电,MACD绿柱扩大_零上,2026-05-29,17.77,,,,28,38
仅日线,SZ.300166,东方国信,MACD绿柱扩大_零上,2026-05-29,16.29,,,,26.25,37.7
仅日线,SZ.300867,圣元环保,MACD绿柱扩大_零上,2026-05-29,19.5,,,,26.25,37.6
仅日线,SZ.002445,中南文化,MACD绿柱扩大_零上,2026-05-29,3.46,,,,35,37.5
仅日线,SH.688266,泽璟制药,MACD绿柱扩大_零上,2026-05-28,96.8,,,,29.75,37.4
仅日线,SH.603636,南威软件,MACD绿柱扩大_零上,2026-05-29,9.29,,,,22.75,37.3
仅日线,SH.920429,康比特,一买,2026-05-27,10.63,,,,28,37.3
仅日线,SZ.300021,大禹节水,一买,2026-05-28,3.86,,,,28,37.2
仅日线,SH.600657,信达地产,一买,2026-05-28,2.72,,,,28,37.1
仅日线,SH.601811,新华文轩,一买,2026-05-28,12.6,,,,28,37.1
仅日线,SH.601816,京沪高铁,一买 / 背驰买,2026-05-11,4.83,,,,28,37.1
仅日线,SZ.000931,中 关 村,MACD绿柱缩小_零下,2026-05-25,4.39,,,,30,37.1
仅日线,SZ.301211,亨迪药业,一买,2026-05-28,9.9,,,,28,37.1
仅日线,SZ.002410,广联达,一买,2026-05-28,9.4,,,,28,36.7
仅日线,SH.600527,江南高纤,MACD绿柱扩大_零上,2026-05-28,2.7,,,,35,36.4
仅日线,SZ.002192,融捷股份,MACD绿柱扩大_零上,2026-05-27,82.84,,,,35,36.4
仅日线,SZ.002984,森麒麟,背驰买 / MACD绿柱缩小_零下,2026-05-26,15.89,,,,30,36.4
仅日线,SZ.300135,宝利国际,一买,2026-05-27,3.46,,,,28,36.3
仅日线,SZ.002273,水晶光电,三买,2026-04-16,28.26,,,,32.5,36
仅日线,SH.688106,金宏气体,MACD绿柱扩大_零上,2026-05-27,26.07,,,,28,35.9
仅日线,SZ.002036,联创电子,背驰买,2026-04-30,7.61,,,,26.25,35.7
仅日线,SH.688229,博睿数据,MACD绿柱扩大_零上,2026-05-29,81.3,,,,26.25,35.6
仅日线,SZ.301606,绿联科技,MACD绿柱扩大_零上,2026-05-29,67.17,,,,26.25,35.6
仅日线,SH.600664,哈药股份,MACD绿柱扩大_零上,2026-05-19,3.55,,,,29.75,35.5
仅日线,SZ.002487,大金重工,MACD绿柱扩大_零上,2026-05-22,74.92,,,,35,35.4
仅日线,SH.600345,长江通信,MACD绿柱扩大_零上,2026-05-29,49.25,,,,35,35.1
仅日线,SZ.301309,万得凯,MACD绿柱扩大_零上,2026-05-29,32.3,,,,33.25,35.1
仅日线,SZ.002607,中公教育,一买 / 背驰买,2026-05-25,2.39,,,,28,34.9
仅日线,SH.601995,中金公司,MACD绿柱扩大_零上,2026-05-25,34,,,,28,34.6
仅日线,SZ.002966,苏州银行,MACD绿柱扩大_零上,2026-05-25,8.28,,,,28,34.6
仅日线,SZ.301179,泽宇智能,MACD绿柱扩大_零上,2026-05-29,23.46,,,,29.75,34.6
仅日线,SZ.001324,长青科技,MACD绿柱扩大_零上,2026-05-28,19.028,,,,35,34.5
仅日线,SH.603958,哈森股份,MACD绿柱扩大_零上,2026-05-28,21.8,,,,24.5,34.4
仅日线,SZ.300713,英可瑞,MACD绿柱扩大_零上,2026-05-29,15.5,,,,28,34.4
仅日线,SH.601083,锦江航运,MACD绿柱缩小_零下,2026-05-27,11.49,,,,30,34.2
仅日线,SH.603589,口子窖,MACD绿柱缩小_零下,2026-05-28,21.38,,,,30,34.2
仅日线,SH.688180,君实生物,MACD绿柱扩大_零上,2026-05-25,36.47,,,,28,34.2
仅日线,SH.605158,华达新材,MACD绿柱扩大_零上,2026-05-28,7.16,,,,33.25,34.1
仅日线,SZ.300385,ST雪浪,一买 / MACD绿柱扩大_零上,2026-05-27,13.15,,,,33.25,34.1
仅日线,SZ.300779,惠城环保,MACD绿柱缩小_零下 / 缺口买:普通,2026-05-26,92.15,,,,30,34.1
仅日线,SZ.000012,南  玻Ａ,MACD绿柱缩小_零下,2026-05-21,4,,,,30,33.8
仅日线,SZ.000702,正虹科技,MACD绿柱扩大_零上,2026-05-25,6.53,,,,33.25,33.8
仅日线,SZ.000729,燕京啤酒,背驰买,2026-05-25,11.88,,,,26.25,33.7
仅日线,SH.603908,牧高笛,MACD绿柱扩大_零上,2026-05-22,22.63,,,,31.5,33.6
仅日线,SZ.000968,蓝焰控股,MACD绿柱缩小_零下,2026-05-20,8.33,,,,30,33.6
仅日线,SH.600809,山西汾酒,一买,2026-05-29,125.08,,,,28,33.5
仅日线,SZ.300017,网宿科技,MACD绿柱扩大_零上,2026-05-26,16.54,,,,24.5,33.5
仅日线,SH.601778,晶科科技,MACD绿柱扩大_零上,2026-05-25,6.6,,,,35,33.3
仅日线,SZ.301011,华立科技,一买,2026-05-28,16.56,,,,28,33.1
仅日线,SH.603789,*ST星农,MACD绿柱扩大_零上,2026-05-29,5.57,,,,31.5,32.7
仅日线,SH.601339,百隆东方,MACD绿柱扩大_零上,2026-05-28,7.22,,,,24.5,32.5
仅日线,SH.605366,宏柏新材,MACD绿柱扩大_零上,2026-05-28,11.3,,,,24.5,32.5
仅日线,SZ.002309,中利集团,MACD绿柱扩大_零上,2026-05-25,3.73,,,,24.5,32.4
仅日线,SZ.002531,天顺风能,MACD绿柱扩大_零上,2026-05-22,11.63,,,,28,32.3
仅日线,SH.600429,三元股份,MACD绿柱缩小_零下,2026-05-29,4.9,,,,30,32
仅日线,SZ.001382,新亚电缆,MACD绿柱扩大_零上,2026-05-27,20.29,,,,28,31.9
仅日线,SH.600285,羚锐制药,MACD绿柱扩大_零上,2026-05-22,21.37,,,,28,31.8
仅日线,SZ.002082,万邦德,MACD绿柱缩小_零下,2026-05-29,15.41,,,,30,31.7
仅日线,SZ.000721,西安饮食,MACD绿柱缩小_零下,2026-05-29,6.51,,,,30,31.6
仅日线,SZ.000909,*ST数源,MACD绿柱缩小_零下,2026-05-18,4.86,,,,30,31.5
仅日线,SZ.002789,*ST建艺,MACD绿柱扩大_零上,2026-05-28,13.02,,,,35,31.4
仅日线,SH.601939,建设银行,二买,2026-05-11,9.49,,,,42.9,31.3
仅日线,SH.603596,伯特利,MACD绿柱扩大_零上,2026-05-21,32.9,,,,33.25,30.9
仅日线,SH.600872,中炬高新,MACD绿柱扩大_零上,2026-05-27,19.36,,,,31.5,30.8
仅日线,SZ.000908,ST景峰,MACD绿柱扩大_零上,2026-05-29,7.12,,,,35,30.8
仅日线,SH.600876,凯盛新能,背驰买,2026-05-22,8.61,,,,21,30.7
仅日线,SZ.300641,正丹股份,MACD绿柱缩小_零下,2026-05-29,15.15,,,,30,30.7
仅日线,SH.600540,新赛股份,MACD绿柱扩大_零上,2026-05-29,4.54,,,,31.5,30.5
仅日线,SH.688029,南微医学,趋势买 / MACD绿柱扩大_零上,2026-05-27,81.21,,,,35,30.1
仅日线,SH.605296,神农集团,MACD绿柱扩大_零上,2026-05-22,28.08,,,,29.75,29.8
仅日线,SH.600746,江苏索普,MACD绿柱缩小_零下,2026-05-25,6.9,,,,30,29.6
仅日线,SZ.002183,怡 亚 通,MACD绿柱扩大_零上,2026-05-29,6.12,,,,26.25,29.6
仅日线,SH.600668,尖峰集团,MACD绿柱缩小_零下,2026-05-29,7.93,,,,30,29.5
仅日线,SH.688215,瑞晟智能,MACD绿柱扩大_零上,2026-05-29,68.8,,,,31.5,29.2
仅日线,SH.688667,菱电电控,MACD绿柱扩大_零上,2026-05-29,120.91,,,,29.75,29
仅日线,SZ.300052,中青宝,一买 / MACD绿柱扩大_零上,2026-05-29,11.93,,,,28,29
仅日线,SZ.301267,华厦眼科,MACD绿柱扩大_零上,2026-05-20,16.44,,,,26.25,28.9
仅日线,SH.601006,大秦铁路,MACD绿柱扩大_零上,2026-05-29,5.19,,,,29.75,28.8
仅日线,SH.688580,伟思医疗,MACD绿柱扩大_零上,2026-05-28,56.92,,,,35,28.4
仅日线,SZ.002061,浙江交科,一买,2026-05-22,3.55,,,,28,28.2
仅日线,SH.603229,奥翔药业,MACD绿柱扩大_零上,2026-05-29,9.51,,,,28,28.1
仅日线,SZ.300488,恒锋工具,MACD绿柱扩大_零上,2026-05-29,32.59,,,,28,27.9
仅日线,SZ.002073,软控股份,MACD绿柱缩小_零下,2026-05-29,5.68,,,,30,27.6
仅日线,SZ.301003,江苏博云,MACD绿柱扩大_零上,2026-05-26,52.27,,,,29.75,27.6
仅日线,SH.605259,绿田机械,MACD绿柱缩小_零下,2026-05-22,18.51,,,,30,27.5
仅日线,SH.600079,ST人福,一买 / 形态:上升三角,2026-05-29,17.3,,,,28,27.4
仅日线,SH.601898,中煤能源,一买,2026-05-27,15.03,,,,28,27.1
仅日线,SH.688163,赛伦生物,MACD绿柱扩大_零上,2026-05-29,35.13,,,,29.75,27.1
仅日线,SZ.002382,蓝帆医疗,MACD绿柱缩小_零下,2026-05-25,7,,,,30,27.1
仅日线,SZ.300463,迈克生物,一买,2026-05-28,9.25,,,,28,27.1
仅日线,SH.688355,明志科技,MACD绿柱扩大_零上,2026-05-29,19.45,,,,28,27
仅日线,SZ.301259,艾布鲁,MACD绿柱扩大_零上,2026-05-29,34.66,,,,35,26.9
仅日线,SZ.002535,林州重机,缺口买:衰竭,2026-05-27,2.72,,,,16.25,26.8
仅日线,SH.603392,万泰生物,MACD绿柱扩大_零上,2026-05-22,36.65,,,,22.75,26.2
仅日线,SZ.300651,金陵体育,MACD绿柱扩大_零上,2026-05-22,25.38,,,,22.75,26.2
仅日线,SZ.000096,广聚能源,一买,2026-05-28,8.08,,,,28,26.1
仅日线,SZ.000898,鞍钢股份,MACD绿柱缩小_零下,2026-05-29,2.04,,,,30,26.1
仅日线,SH.688726,拉普拉斯,MACD绿柱扩大_零上,2026-05-29,59.05,,,,26.25,25.6
仅日线,SZ.002069,獐子岛,MACD绿柱扩大_零上,2026-05-18,3.73,,,,29.75,25.5
仅日线,SH.603092,德力佳,MACD绿柱扩大_零上,2026-05-29,67.44,,,,33.25,24.8
仅日线,SZ.300733,西菱动力,MACD绿柱扩大_零上,2026-05-28,17.65,,,,26.25,24.8
仅日线,SH.603323,苏农银行,一买,2026-05-29,4.64,,,,28,24.6
仅日线,SZ.002833,弘亚数控,三买 / MACD绿柱扩大_零上,2026-05-28,18.96,,,,33.25,24.6
仅日线,SH.603718,海利生物,一买 / 缺口买:普通,2026-05-29,3.56,,,,28,24.5
仅日线,SZ.002972,科安达,MACD绿柱扩大_零上,2026-05-27,11.78,,,,31.5,24.5
仅日线,SH.603261,*ST立航,MACD绿柱扩大_零上,2026-05-29,34.68,,,,29.75,24.4
仅日线,SH.600032,浙江新能,MACD绿柱扩大_零上,2026-05-28,10.4,,,,33.25,24.3
仅日线,SH.601868,中国能建,MACD绿柱扩大_零上,2026-05-29,2.89,,,,33.25,24.2
仅日线,SZ.000652,泰达股份,MACD绿柱扩大_零上,2026-05-21,3.75,,,,24.5,24.1
仅日线,SZ.300288,朗玛信息,一买,2026-05-28,10.17,,,,28,24
仅日线,SH.688136,科兴制药,MACD绿柱缩小_零下,2026-05-21,23.99,,,,30,23.8
仅日线,SZ.002189,中光学,MACD绿柱扩大_零上,2026-05-29,21.24,,,,26.25,23.8
仅日线,SH.688530,欧莱新材,MACD绿柱扩大_零上,2026-05-29,49.61,,,,35,23.6
仅日线,SZ.002386,天原股份,MACD绿柱扩大_零上,2026-05-26,5.96,,,,31.5,23.4
仅日线,SH.688553,汇宇制药,MACD绿柱扩大_零上,2026-05-28,17.89,,,,26.25,23.3
仅日线,SZ.002349,精华制药,背驰买,2026-05-26,6.78,,,,26.25,23.2
仅日线,SZ.301260,格力博,MACD绿柱扩大_零上,2026-05-29,15.57,,,,24.5,23.2
仅日线,SZ.002015,协鑫能科,二买,2026-05-22,19.85,,,,34.1,23.1
仅日线,SZ.000034,神州数码,MACD绿柱扩大_零上,2026-05-29,25.84,,,,33.25,22.8
仅日线,SH.603818,曲美家居,MACD绿柱扩大_零上,2026-05-27,3.19,,,,24.5,22.7
仅日线,SH.600975,新五丰,一买,2026-05-29,4.91,,,,28,22.6
仅日线,SZ.002135,东南网架,MACD绿柱扩大_零上,2026-05-29,7.23,,,,29.75,22.5
仅日线,SH.603387,基蛋生物,一买 / MACD绿柱扩大_零上,2026-05-28,8.65,,,,29.75,22.3
仅日线,SZ.002891,中宠股份,一买 / MACD绿柱缩小_零下,2026-05-29,28.84,,,,30,22.3
仅日线,SZ.300592,华凯易佰,MACD绿柱扩大_零上,2026-05-27,12.03,,,,28,22.3
仅日线,SH.603588,高能环境,MACD绿柱缩小_零下,2026-05-29,12.31,,,,30,21.9
仅日线,SH.603722,阿科力,MACD绿柱扩大_零上,2026-05-28,37.45,,,,31.5,21.8
仅日线,SH.688366,昊海生科,一买,2026-05-28,32.83,,,,28,21.5
仅日线,SZ.301268,铭利达,MACD绿柱扩大_零上,2026-05-22,20.07,,,,24.5,21.1
仅日线,SZ.301479,弘景光电,MACD绿柱扩大_零上,2026-05-29,68.93,,,,24.5,21
仅日线,SH.603777,来伊份,MACD绿柱扩大_零上,2026-05-29,18,,,,29.75,20.8
仅日线,SH.688795,摩尔线程,MACD绿柱扩大_零上,2026-05-29,643,,,,24.5,20.8
仅日线,SZ.300144,宋城演艺,一买,2026-05-28,6.51,,,,28,20.8
仅日线,SH.603076,乐惠国际,MACD绿柱扩大_零上,2026-05-25,26.1,,,,31.5,20.7
仅日线,SH.603776,永安行,MACD绿柱扩大_零上,2026-05-29,19.25,,,,24.5,20.7
仅日线,SZ.000912,泸天化,MACD绿柱缩小_零下,2026-05-29,3.77,,,,30,20.7
仅日线,SZ.301489,思泉新材,MACD绿柱扩大_零上,2026-05-29,220.71,,,,24.5,20.6
仅日线,SZ.300010,豆神教育,MACD绿柱缩小_零下,2026-05-22,2.95,,,,30,20.4
仅日线,SH.600875,东方电气,MACD绿柱扩大_零上,2026-05-22,36.05,,,,26.25,20.3
仅日线,SZ.300311,ST任子行,MACD绿柱扩大_零上,2026-05-29,5.39,,,,33.25,20.3
仅日线,SH.600348,华阳股份,MACD绿柱扩大_零上,2026-05-21,8.97,,,,35,19.9
仅日线,SZ.002701,奥瑞金,MACD绿柱扩大_零上,2026-05-19,5.15,,,,31.5,19.7
仅日线,SH.688805,健信超导,MACD绿柱扩大_零上,2026-05-18,54.14,,,,29.75,19.4
仅日线,SZ.002930,宏川智慧,MACD绿柱扩大_零上,2026-05-28,12.43,,,,26.25,19.4
仅日线,SZ.300534,陇神戎发,一买,2026-05-28,7.9,,,,28,19.3
仅日线,SH.688398,赛特新材,MACD绿柱扩大_零上,2026-05-29,30.73,,,,31.5,19.2
仅日线,SZ.002848,*ST高斯,二买,2026-04-03,12.76,,,,34.1,19
仅日线,SZ.301239,普瑞眼科,MACD绿柱扩大_零上,2026-05-29,38.64,,,,29.75,19
仅日线,SH.603939,益丰药房,一买,2026-05-25,20.51,,,,28,18.6
仅日线,SZ.000713,国投丰乐,一买,2026-05-27,5.71,,,,28,18.5
仅日线,SH.601872,招商轮船,MACD绿柱扩大_零上,2026-05-19,17.48,,,,35,18.4
仅日线,SH.600233,圆通速递,MACD绿柱扩大_零上,2026-05-20,19.34,,,,35,18.3
仅日线,SZ.002921,联诚精密,MACD绿柱扩大_零上,2026-05-29,26.32,,,,31.5,18.3
仅日线,SZ.300191,潜能恒信,一买 / 背驰买,2026-05-27,31.65,,,,28,18.2
仅日线,SZ.002958,青农商行,一买,2026-05-29,2.83,,,,28,17.8
仅日线,SZ.300989,蕾奥规划,MACD绿柱扩大_零上,2026-05-27,14.59,,,,33.25,17.8
仅日线,SH.601668,中国建筑,一买,2026-05-28,4.72,,,,28,17.7
仅日线,SH.688443,智翔金泰,三买 / MACD绿柱扩大_零上,2026-05-29,26.8,,,,32.5,17.7
仅日线,SZ.002120,韵达股份,MACD绿柱扩大_零上,2026-05-28,6.91,,,,35,17.7
仅日线,SH.600666,奥瑞德,MACD绿柱扩大_零上,2026-05-21,5.21,,,,24.5,17.6
仅日线,SZ.001337,四川黄金,MACD绿柱扩大_零上,2026-05-29,49.13,,,,26.25,17.4
仅日线,SH.600126,杭钢股份,MACD绿柱扩大_零上,2026-05-19,8.88,,,,29.75,17.1
仅日线,SH.605050,福然德,一买,2026-05-28,10.7,,,,28,17.1
仅日线,SH.600037,歌华有线,MACD绿柱扩大_零上,2026-05-28,7.36,,,,33.25,16.9
仅日线,SZ.300717,华信新材,MACD绿柱扩大_零上,2026-05-27,19.29,,,,29.75,16.9
仅日线,SH.603579,荣泰健康,一买 / MACD绿柱扩大_零上,2026-05-28,18.59,,,,28,16.8
仅日线,SZ.300694,蠡湖股份,MACD绿柱扩大_零上,2026-05-21,11.455,,,,29.75,16.6
仅日线,SZ.300165,天瑞仪器,MACD绿柱扩大_零上,2026-05-27,6.48,,,,35,16.5
仅日线,SH.605222,起帆电缆,MACD绿柱扩大_零上,2026-05-28,31.3,,,,29.75,16.4
仅日线,SZ.002415,海康威视,MACD绿柱扩大_零上,2026-05-21,31.63,,,,33.25,16.1
仅日线,SZ.300685,艾德生物,MACD绿柱缩小_零下,2026-05-22,18.96,,,,30,16.1
仅日线,SZ.300970,华绿生物,MACD绿柱扩大_零上,2026-05-28,29.03,,,,26.25,16
仅日线,SH.600279,重庆港,一买,2026-05-28,4.59,,,,28,15.9
仅日线,SH.600099,林海股份,MACD绿柱扩大_零上,2026-05-21,10.56,,,,33.25,15.8
仅日线,SZ.001378,德冠新材,MACD绿柱扩大_零上,2026-05-28,20.46,,,,28,15.5
仅日线,SH.603017,中衡设计,MACD绿柱扩大_零上,2026-05-26,12.85,,,,29.75,15.1
仅日线,SZ.300527,ST应急,一买,2026-05-28,7.37,,,,28,15
仅日线,SZ.301381,赛维时代,MACD绿柱扩大_零上,2026-05-22,20.65,,,,29.75,15
仅日线,SZ.002521,齐峰新材,MACD绿柱缩小_零下,2026-05-25,7.79,,,,30,14.9
仅日线,SH.688158,优刻得,MACD绿柱扩大_零上,2026-05-27,40.28,,,,29.75,14.6
仅日线,SH.600613,神奇制药,一买,2026-05-28,5.05,,,,28,14.5
仅日线,SZ.002884,凌霄泵业,MACD绿柱扩大_零上,2026-05-22,16.9,,,,35,14.4
仅日线,SZ.002294,信立泰,MACD绿柱缩小_零下,2026-05-28,32.54,,,,29.7,14.3
仅日线,SZ.002455,百川股份,MACD绿柱缩小_零下,2026-05-25,9.25,,,,30,14.3
仅日线,SZ.002721,金一文化,一买,2026-05-29,2.62,,,,28,14.3
仅日线,SZ.300716,ST泉为,MACD绿柱扩大_零上,2026-05-29,14.4,,,,31.5,14.3
仅日线,SZ.002551,尚荣医疗,一买,2026-05-27,3.04,,,,28,13.7
仅日线,SZ.000030,富奥股份,MACD绿柱缩小_零下,2026-05-26,4.75,,,,30,13.4
仅日线,SZ.000537,绿发电力,MACD绿柱扩大_零上,2026-05-27,10.1,,,,29.75,13.3
仅日线,SH.603639,海利尔,MACD绿柱缩小_零下,2026-05-29,11.04,,,,30,13.2
仅日线,SH.688662,富信科技,二买,2026-03-23,51.33,,,,34.1,13.2
仅日线,SZ.300458,全志科技,MACD绿柱扩大_零上,2026-05-29,34.64,,,,26.25,13.2
仅日线,SH.688115,思林杰,MACD绿柱扩大_零上,2026-05-29,55,,,,29.75,13.1
仅日线,SZ.000790,华神科技,MACD绿柱扩大_零上,2026-05-29,3.92,,,,33.25,13
仅日线,SZ.301277,新天地,一买,2026-05-28,9.76,,,,28,13
仅日线,SZ.002580,圣阳股份,MACD绿柱扩大_零上,2026-05-28,23.45,,,,31.5,12.9
仅日线,SZ.300939,秋田微,二买,2026-04-30,37.03,,,,34.1,12.7
仅日线,SZ.300480,光力科技,MACD绿柱扩大_零上,2026-05-29,33.12,,,,29.75,12.6
仅日线,SZ.301667,纳百川,MACD绿柱扩大_零上,2026-05-29,89.86,,,,22.75,12.6
仅日线,SH.601515,衢州东峰,MACD绿柱扩大_零上,2026-05-22,4.35,,,,29.75,12.3
仅日线,SH.603406,天富龙,一买,2026-05-28,29.14,,,,28,12.3
仅日线,SH.600081,东风科技,MACD绿柱扩大_零上,2026-05-29,10.67,,,,24.5,12.2
仅日线,SZ.300475,香农芯创,MACD绿柱扩大_零上,2026-05-29,180.09,,,,29.75,12.2
仅日线,SZ.002686,亿利达,MACD绿柱扩大_零上,2026-05-26,6.8,,,,35,12.1
仅日线,SZ.300654,世纪天鸿,MACD绿柱扩大_零上,2026-05-26,9.95,,,,26.25,12.1
仅日线,SZ.002194,武汉凡谷,MACD绿柱扩大_零上,2026-05-29,11.32,,,,26.25,11.7
仅日线,SZ.001233,海安集团,MACD绿柱缩小_零下,2026-05-26,56.92,,,,30,11.6
仅日线,SH.603402,陕西旅游,MACD绿柱缩小_零下,2026-05-29,93.57,,,,30,11.5
仅日线,SZ.002818,富森美,MACD绿柱扩大_零上,2026-05-27,11.2,,,,28,11.4
仅日线,SZ.300257,开山股份,MACD绿柱扩大_零上,2026-05-29,29.68,,,,35,11.2
仅日线,SZ.002302,西部建设,一买,2026-05-28,5.07,,,,28,11.1
仅日线,SZ.300207,欣旺达,MACD绿柱缩小_零下,2026-05-28,23.87,,,,30,11.1
仅日线,SZ.300668,杰恩股份,MACD绿柱扩大_零上,2026-05-29,55.31,,,,26.25,11
仅日线,SZ.002620,ST瑞和,MACD绿柱扩大_零上,2026-05-25,7.84,,,,29.75,10.9
仅日线,SH.605258,协和电子,MACD绿柱扩大_零上,2026-05-22,37.26,,,,28,10.7
仅日线,SZ.002667,威领股份,MACD绿柱缩小_零下 / 缺口买:普通,2026-05-29,18.62,,,,23.4,10.7
仅日线,SH.600135,乐凯胶片,MACD绿柱扩大_零上,2026-05-28,9.72,,,,29.75,10.6
仅日线,SH.600830,香溢融通,MACD绿柱扩大_零上,2026-05-28,8.41,,,,31.5,10.6
仅日线,SZ.002132,恒星科技,MACD绿柱扩大_零上,2026-05-29,4.85,,,,29.75,10.6
仅日线,SZ.002903,宇环数控,MACD绿柱扩大_零上,2026-05-29,40.35,,,,28,10.5
仅日线,SZ.300547,川环科技,MACD绿柱扩大_零上,2026-05-29,34.37,,,,29.75,10.2
仅日线,SH.688022,瀚川智能,MACD绿柱缩小_零下,2026-05-28,9.38,,,,30,10
仅日线,SH.605319,无锡振华,MACD绿柱扩大_零上,2026-05-22,25.75,,,,28,9.9
仅日线,SZ.002841,视源股份,MACD绿柱扩大_零上,2026-05-29,36.54,,,,33.25,9.9
仅日线,SZ.000605,渤海股份,MACD绿柱扩大_零上,2026-05-25,6.67,,,,28,9.7
仅日线,SZ.001230,劲旅环境,MACD绿柱缩小_零下 / MACD绿柱扩大_零上,2026-05-29,24.57,,,,33.25,9.7
仅日线,SZ.300077,国民技术,MACD绿柱扩大_零上,2026-05-29,22.97,,,,22.75,9.7
仅日线,SH.688638,誉辰智能,MACD绿柱扩大_零上,2026-05-26,38.76,,,,26.25,9.6
仅日线,SZ.001256,炜冈科技,MACD绿柱扩大_零上,2026-05-29,22.59,,,,28,9.6
仅日线,SZ.002653,海思科,MACD绿柱缩小_零下 / MACD绿柱扩大_零上,2026-05-29,51.57,,,,30,9.6
仅日线,SH.603033,三维股份,MACD绿柱扩大_零上,2026-05-28,10.46,,,,35,9.4
仅日线,SH.688091,上海谊众,MACD绿柱扩大_零上,2026-05-26,57.56,,,,29.75,9.3
仅日线,SH.600187,国中水务,一买 / 缺口买:普通,2026-05-29,1.33,,,,28,9
仅日线,SH.600692,亚通股份,MACD绿柱扩大_零上,2026-05-25,7.3,,,,28,9
仅日线,SZ.000628,高新发展,MACD绿柱扩大_零上,2026-05-28,60.58,,,,35,8.8
仅日线,SZ.003026,中晶科技,MACD绿柱扩大_零上,2026-05-29,43.5,,,,35,8.7
仅日线,SZ.000751,锌业股份,MACD绿柱扩大_零上,2026-05-22,5.51,,,,31.5,8.5
仅日线,SH.600073,光明肉业,一买,2026-05-28,5.13,,,,28,8.3
仅日线,SZ.000420,吉林化纤,MACD绿柱扩大_零上,2026-05-26,4.6,,,,31.5,8.3
仅日线,SH.688087,英科再生,MACD绿柱扩大_零上,2026-05-29,36.64,,,,29.75,8.2
仅日线,SH.603202,天有为,MACD绿柱缩小_零下,2026-05-29,64.23,,,,30,8.1
仅日线,SZ.002100,天康生物,MACD绿柱扩大_零上,2026-05-18,7.16,,,,31.5,8
仅日线,SZ.002176,江特电机,MACD绿柱扩大_零上,2026-05-27,12.03,,,,24.5,8
仅日线,SZ.300890,翔丰华,趋势买 / MACD绿柱扩大_零上,2026-05-29,34.12,,,,28,8
仅日线,SH.603198,迎驾贡酒,二买 / MACD绿柱扩大_零上,2026-05-19,36.43,,,,34.1,7.7
仅日线,SZ.002256,兆新股份,MACD绿柱扩大_零上,2026-05-28,4.42,,,,35,7.6
仅日线,SZ.300928,华安鑫创,MACD绿柱扩大_零上,2026-05-29,32.3,,,,24.5,7.6
仅日线,SH.603538,美诺华,二买 / MACD绿柱扩大_零上,2026-05-27,46.46,,,,42.9,7.3
仅日线,SH.603124,江南新材,二买 / MACD绿柱扩大_零上,2026-05-21,117.85,,,,42.9,7
仅日线,SZ.300461,田中精机,MACD绿柱缩小_零下,2026-05-29,48.32,,,,30,7
仅日线,SZ.300536,农尚环境,MACD绿柱扩大_零上,2026-05-29,10.56,,,,22.75,7
仅日线,SZ.001325,元创股份,MACD绿柱缩小_零下,2026-05-28,42.21,,,,27.6,6.9
仅日线,SH.600072,中船科技,MACD绿柱扩大_零上,2026-05-26,12.03,,,,31.5,6.8
仅日线,SH.688211,中科微至,MACD绿柱扩大_零上,2026-05-29,33.97,,,,29.75,6.7
仅日线,SH.605080,浙江自然,MACD绿柱扩大_零上,2026-05-29,24.72,,,,29.75,6.3
仅日线,SH.603275,众辰科技,MACD绿柱扩大_零上,2026-05-29,42,,,,28,5.9
仅日线,SZ.300522,世名科技,MACD绿柱扩大_零上,2026-05-29,12.23,,,,26.25,5.9
仅日线,SZ.002581,ST未名,MACD绿柱缩小_零下,2026-05-29,4.3,,,,30,5.8
仅日线,SH.600590,泰豪科技,MACD绿柱扩大_零上,2026-05-21,13.86,,,,31.5,5.6
仅日线,SZ.300819,聚杰微纤,MACD绿柱扩大_零上,2026-05-29,69.48,,,,28,5.3
仅日线,SH.600104,上汽集团,MACD绿柱缩小_零下,2026-05-29,12.32,,,,30,5.2
仅日线,SZ.300210,森远股份,MACD绿柱扩大_零上,2026-05-29,11.36,,,,28,4.9
仅日线,SZ.301560,众捷汽车,MACD绿柱扩大_零上,2026-05-27,35.69,,,,28,4.7
仅日线,SH.600379,宝光股份,MACD绿柱扩大_零上,2026-05-26,13.66,,,,28,4.5
仅日线,SZ.000925,众合科技,MACD绿柱扩大_零上,2026-05-28,8.04,,,,28,4.5
仅日线,SZ.002730,电光科技,MACD绿柱扩大_零上,2026-05-29,30.13,,,,28,4.5
仅日线,SZ.301345,涛涛车业,MACD绿柱扩大_零上,2026-05-22,221.84,,,,31.5,4.4
仅日线,SH.605228,神通科技,MACD绿柱扩大_零上,2026-05-21,14.12,,,,35,4.3
仅日线,SZ.002621,,缺口买:衰竭,2024-06-11,0.41,,,,16.25,4.3
仅日线,SH.688816,易思维,MACD绿柱扩大_零上,2026-05-29,63.83,,,,24.5,4.2
仅日线,SZ.300352,北信源,MACD绿柱缩小_零下,2026-05-28,3.1,,,,30,3.9
仅日线,SH.603248,锡华科技,MACD绿柱扩大_零上,2026-05-29,26.21,,,,24.5,3.8
仅日线,SZ.300039,上海凯宝,一买,2026-05-28,5.18,,,,28,3.7
仅日线,SZ.300923,研奥股份,MACD绿柱扩大_零上,2026-05-22,26.72,,,,33.25,3.7
仅日线,SH.600661,昂立教育,MACD绿柱扩大_零上,2026-05-18,9.5,,,,28,3.6
仅日线,SZ.001914,招商积余,一买 / MACD绿柱扩大_零上,2026-05-27,9.38,,,,28,3.6
仅日线,SH.688185,康希诺,一买,2026-05-29,55.7,,,,28,3.5
仅日线,SH.601567,三星电气,MACD绿柱缩小_零下,2026-05-22,17.87,,,,30,3.3
仅日线,SZ.300482,万孚生物,MACD绿柱扩大_零上,2026-05-22,17.95,,,,28,3.3
仅日线,SZ.301397,溯联股份,MACD绿柱扩大_零上,2026-05-28,34.89,,,,28,3.3
仅日线,SH.600208,衢州发展,MACD绿柱扩大_零上,2026-05-27,2.95,,,,28,3.1
仅日线,SZ.301469,恒达新材,MACD绿柱扩大_零上,2026-05-29,33.45,,,,31.5,3.1
仅日线,SZ.300608,思特奇,MACD绿柱扩大_零上,2026-05-29,11.96,,,,22.75,3
仅日线,SH.605369,拱东医疗,MACD绿柱扩大_零上,2026-05-29,18.33,,,,35,2.9
仅日线,SZ.301153,中科江南,MACD绿柱缩小_零下,2026-05-25,19.88,,,,30,2.9
仅日线,SH.603271,永杰新材,MACD绿柱扩大_零上,2026-05-19,49.24,,,,33.25,2.7
仅日线,SZ.000546,金圆股份,MACD绿柱扩大_零上,2026-05-25,5.93,,,,31.5,2.7
仅日线,SZ.002520,日发精机,MACD绿柱扩大_零上,2026-05-29,5.87,,,,29.75,2.7
仅日线,SZ.301163,宏德股份,MACD绿柱扩大_零上,2026-05-26,28.09,,,,31.5,2.7
仅日线,SZ.300065,海兰信,MACD绿柱扩大_零上,2026-05-18,25.16,,,,29.75,2.5
仅日线,SZ.300214,日科化学,MACD绿柱扩大_零上,2026-05-29,7.8,,,,35,2.5
仅日线,SZ.000890,法尔胜,MACD绿柱扩大_零上,2026-05-20,12.85,,,,31.5,2.4
仅日线,SH.603357,设计总院,MACD绿柱缩小_零下,2026-05-29,6.91,,,,30,2.1
仅日线,SH.603477,巨星农牧,MACD绿柱扩大_零上,2026-05-21,16.89,,,,29.75,1.8
仅日线,SH.688685,迈信林,MACD绿柱扩大_零上,2026-05-29,46.93,,,,26.25,1.8
仅日线,SH.600724,宁波富达,MACD绿柱扩大_零上,2026-05-29,6.93,,,,35,1.7
仅日线,SH.601112,振石股份,MACD绿柱扩大_零上,2026-05-21,19.05,,,,29.75,1.3
仅日线,SZ.002439,启明星辰,MACD绿柱扩大_零上,2026-05-28,14.73,,,,35,1.2
仅日线,SZ.000973,佛塑科技,MACD绿柱扩大_零上,2026-05-22,15.3,,,,29.75,1
仅日线,SH.688237,超卓航科,MACD绿柱扩大_零上,2026-05-19,51.43,,,,35,0.9
仅日线,SZ.300559,佳发教育,MACD绿柱缩小_零下,2026-05-20,13.37,,,,30,0.9
仅日线,SH.600612,老凤祥,一买,2026-05-29,35.38,,,,28,0.8
仅日线,SH.603826,坤彩科技,MACD绿柱扩大_零上,2026-05-29,32.07,,,,35,0.4
仅日线,SZ.000504,*ST生物,MACD绿柱缩小_零下,2026-05-21,9.25,,,,30,0.4
仅日线,SZ.000541,佛山照明,一买,2026-05-28,4.86,,,,28,0.4
仅日线,SZ.001287,中电港,MACD绿柱扩大_零上,2026-05-29,25.99,,,,29.75,0.3
仅日线,SH.601033,永兴股份,MACD绿柱扩大_零上,2026-05-29,14.37,,,,33.25,0.1
仅日线,SZ.301065,本立科技,MACD绿柱扩大_零上,2026-05-25,22.41,,,,35,0.1
仅日线,SH.603400,华之杰,MACD绿柱扩大_零上,2026-05-29,68.61,,,,26.25,0
仅日线,SZ.300804,广康生化,MACD绿柱扩大_零上,2026-05-21,43.3,,,,24.5,0
仅日线,SZ.300379,,背驰买,2025-12-30,1.13,,,,21,-0.4
仅日线,SZ.300705,九典制药,一买,2026-05-25,11.005,,,,28,-0.4
仅日线,SZ.300858,科拓生物,MACD绿柱缩小_零下,2026-05-27,16.45,,,,30,-0.7
仅日线,SZ.301371,敷尔佳,MACD绿柱扩大_零上,2026-05-29,30.7,,,,29.75,-0.8
仅日线,SH.600268,国电南自,一买 / MACD绿柱扩大_零上,2026-05-27,13.31,,,,29.75,-1.2
仅日线,SZ.000782,恒申新材,MACD绿柱扩大_零上,2026-05-29,7.41,,,,33.25,-1.3
仅日线,SZ.002876,三利谱,MACD绿柱扩大_零上,2026-05-29,27.22,,,,26.25,-1.3
仅日线,SZ.301584,建发致新,一买,2026-05-28,22.3,,,,28,-1.3
仅日线,SZ.300769,德方纳米,MACD绿柱扩大_零上,2026-05-29,66.11,,,,31.5,-1.8
仅日线,SH.688573,信宇人,MACD绿柱扩大_零上,2026-05-29,20.92,,,,28,-2
仅日线,SH.688818,电科蓝天,MACD绿柱扩大_零上,2026-05-29,68.87,,,,29.75,-2
仅日线,SH.600227,赤天化,MACD绿柱扩大_零上,2026-05-19,3.42,,,,28,-2.1
仅日线,SH.600325,华发股份,一买,2026-05-27,2.69,,,,28,-2.1
仅日线,SH.603289,泰瑞机器,MACD绿柱扩大_零上,2026-05-21,11.17,,,,31.5,-2.1
仅日线,SH.603351,威尔药业,MACD绿柱扩大_零上,2026-05-29,25.57,,,,35,-2.1
仅日线,SZ.300067,安诺其,MACD绿柱扩大_零上,2026-05-29,5.77,,,,29.75,-2.2
仅日线,SZ.301365,矩阵股份,MACD绿柱扩大_零上,2026-05-29,32.34,,,,24.5,-2.2
仅日线,SH.603062,麦加芯彩,MACD绿柱扩大_零上,2026-05-27,45.8,,,,31.5,-2.4
仅日线,SZ.300406,九强生物,MACD绿柱扩大_零上,2026-05-29,11.75,,,,33.25,-2.4
仅日线,SZ.301072,中捷精工,MACD绿柱扩大_零上,2026-05-29,22,,,,29.75,-2.5
仅日线,SZ.301571,国科天成,MACD绿柱扩大_零上,2026-05-18,65.33,,,,28,-2.5
仅日线,SH.688802,沐曦股份,MACD绿柱扩大_零上,2026-05-29,676.02,,,,35,-3.1
仅日线,SH.688295,中复神鹰,MACD绿柱扩大_零上,2026-05-22,53.25,,,,35,-3.2
仅日线,SZ.300097,智云股份,MACD绿柱扩大_零上,2026-05-29,9.29,,,,28,-3.3
仅日线,SH.603175,超颖电子,MACD绿柱扩大_零上,2026-05-29,90.61,,,,29.75,-3.5
仅日线,SZ.000756,新华制药,一买,2026-05-28,13.05,,,,28,-3.5
仅日线,SZ.002003,伟星股份,一买,2026-05-27,8.48,,,,28,-3.5
仅日线,SZ.300460,ST惠伦,MACD绿柱扩大_零上,2026-05-29,9.35,,,,29.75,-3.6
仅日线,SZ.000766,通化金马,MACD绿柱扩大_零上,2026-05-19,23.32,,,,31.5,-3.7
仅日线,SZ.301500,飞南资源,MACD绿柱扩大_零上,2026-05-29,25.19,,,,28,-3.8
仅日线,SZ.300739,明阳电路,二买,2026-04-30,26.61,,,,34.1,-4.1
仅日线,SZ.301552,科力装备,MACD绿柱扩大_零上,2026-05-22,29.8,,,,35,-4.3
仅日线,SH.600648,外高桥,一买,2026-05-28,9.44,,,,28,-4.5
仅日线,SH.603222,济民健康,MACD绿柱扩大_零上,2026-05-26,9.15,,,,35,-4.5
仅日线,SZ.000800,一汽解放,MACD绿柱缩小_零下,2026-05-29,6.08,,,,30,-4.5
仅日线,SH.603329,上海雅仕,MACD绿柱扩大_零上,2026-05-29,10.72,,,,33.25,-4.6
仅日线,SZ.002480,新筑股份,MACD绿柱扩大_零上,2026-05-25,6.07,,,,29.75,-4.8
仅日线,SZ.002990,盛视科技,MACD绿柱扩大_零上,2026-05-29,46.53,,,,29.75,-4.8
仅日线,SZ.002655,共达电声,三买 / MACD绿柱扩大_零上,2026-05-25,35.84,,,,40,-5.1
仅日线,SZ.300788,中信出版,MACD绿柱扩大_零上,2026-05-18,30.46,,,,28,-5.4
仅日线,SZ.001309,德明利,MACD绿柱扩大_零上,2026-05-29,640,,,,31.5,-5.5
仅日线,SZ.300083,创世纪,MACD绿柱扩大_零上,2026-05-29,10.01,,,,29.75,-5.8
仅日线,SZ.301613,新铝时代,一买,2026-05-28,42.31,,,,28,-5.8
仅日线,SZ.300613,富瀚微,MACD绿柱扩大_零上,2026-05-29,59.41,,,,29.75,-5.9
仅日线,SZ.301105,鸿铭股份,MACD绿柱扩大_零上,2026-05-22,55.62,,,,28,-6
仅日线,SH.688166,博瑞医药,MACD绿柱扩大_零上,2026-05-29,51.79,,,,31.5,-6.1
仅日线,SZ.002950,奥美医疗,MACD绿柱缩小_零下 / MACD绿柱扩大_零上,2026-05-29,9.9,,,,31.5,-6.1
仅日线,SZ.300784,利安科技,MACD绿柱扩大_零上,2026-05-29,45.09,,,,26.25,-6.1
仅日线,SH.688205,德科立,MACD绿柱扩大_零上,2026-05-29,237.41,,,,29.75,-6.4
仅日线,SH.600845,宝信软件,MACD绿柱扩大_零上,2026-05-27,20.83,,,,26.25,-6.5
仅日线,SH.603985,恒润股份,MACD绿柱扩大_零上,2026-05-28,24.25,,,,35,-6.6
仅日线,SZ.002361,神剑股份,MACD绿柱扩大_零上,2026-05-22,17.36,,,,31.5,-6.6
仅日线,SZ.300068,南都电源,MACD绿柱缩小_零下,2026-05-22,4.7,,,,30,-6.6
仅日线,SZ.002403,爱仕达,MACD绿柱扩大_零上,2026-05-29,10.35,,,,26.25,-6.8
仅日线,SH.603383,顶点软件,MACD绿柱扩大_零上,2026-05-29,31.78,,,,28,-6.9
仅日线,SZ.300862,蓝盾光电,MACD绿柱扩大_零上,2026-05-29,22.89,,,,28,-7.1
仅日线,SZ.300768,迪普科技,MACD绿柱扩大_零上,2026-05-29,16.2,,,,26.25,-7.2
仅日线,SH.600448,华纺股份,MACD绿柱扩大_零上,2026-05-27,3.04,,,,31.5,-7.3
仅日线,SZ.300051,琏升科技,MACD绿柱扩大_零上,2026-05-25,12.4,,,,24.5,-7.3
仅日线,SH.600059,古越龙山,一买,2026-05-29,8.06,,,,28,-7.4
仅日线,SZ.000023,,缺口买:衰竭,2024-07-24,1.72,,,,16.25,-7.4
仅日线,SZ.300595,欧普康视,一买,2026-05-28,11.76,,,,28,-7.6
仅日线,SZ.300393,中来股份,MACD绿柱扩大_零上,2026-05-29,9.38,,,,29.75,-7.7
仅日线,SZ.002737,葵花药业,MACD绿柱扩大_零上,2026-05-29,13.08,,,,35,-8.2
仅日线,SZ.301517,陕西华达,MACD绿柱扩大_零上,2026-05-28,59.4,,,,26.25,-8.2
仅日线,SZ.300961,深水海纳,一买 / MACD绿柱扩大_零上,2026-05-29,11.85,,,,28,-8.3
仅日线,SZ.301332,德尔玛,MACD绿柱扩大_零上,2026-05-21,8.92,,,,29.75,-8.4
仅日线,SH.603960,克来机电,MACD绿柱扩大_零上,2026-05-21,21.52,,,,28,-8.5
仅日线,SH.603318,水发燃气,MACD绿柱扩大_零上,2026-05-28,9.08,,,,28,-8.8
仅日线,SZ.000762,西藏矿业,MACD绿柱扩大_零上,2026-05-21,31.25,,,,31.5,-9.1
仅日线,SZ.300562,乐心医疗,MACD绿柱扩大_零上,2026-05-25,13.08,,,,35,-9.2
仅日线,SH.603325,博隆技术,MACD绿柱缩小_零下,2026-05-29,54.31,,,,30,-9.4
仅日线,SZ.002650,ST加加,MACD绿柱扩大_零上,2026-05-29,7.2,,,,35,-9.7
仅日线,SZ.300895,铜牛信息,MACD绿柱扩大_零上,2026-05-29,61.2,,,,26.25,-9.7
仅日线,SH.688280,精进电动,MACD绿柱缩小_零下,2026-05-27,5.82,,,,30,-9.8
仅日线,SZ.000056,皇庭国际,缺口买:普通,2026-05-26,1.39,,,,2,-9.9
仅日线,SZ.301336,趣睡科技,MACD绿柱扩大_零上,2026-05-29,40.28,,,,31.5,-10.3
仅日线,SH.600608,*ST沪科,MACD绿柱缩小_零下 / 缺口买:衰竭,2026-04-27,2.07,,,,30,-10.5
仅日线,SH.603829,洛凯股份,MACD绿柱扩大_零上,2026-05-19,26.21,,,,26.25,-10.5
仅日线,SH.605266,健之佳,MACD绿柱扩大_零上,2026-05-25,18.63,,,,31.5,-10.7
仅日线,SZ.002435,,缺口买:衰竭,2024-06-26,0.43,,,,16.25,-10.7
仅日线,SZ.002096,易普力,一买,2026-05-28,9.99,,,,28,-11.3
仅日线,SH.600137,浪莎股份,MACD绿柱扩大_零上,2026-05-26,20.93,,,,31.5,-11.8
仅日线,SH.600837,,MACD绿柱缩小_零下,2025-01-17,10.56,,,,30,-11.8
仅日线,SZ.300154,瑞凌股份,MACD绿柱扩大_零上,2026-05-29,9.37,,,,24.5,-11.8
仅日线,SZ.002948,青岛银行,MACD绿柱扩大_零上,2026-05-29,5.59,,,,31.5,-11.9
仅日线,SH.600777,*ST新潮,MACD绿柱扩大_零上,2026-05-28,5.35,,,,29.75,-12
仅日线,SZ.002875,安奈儿,MACD绿柱扩大_零上,2026-05-28,21.59,,,,28,-12
仅日线,SZ.300160,秀强股份,一买,2026-05-27,4.72,,,,28,-12.1
仅日线,SZ.300490,华自科技,MACD绿柱扩大_零上,2026-05-26,16.61,,,,35,-12.1
仅日线,SZ.002488,金固股份,MACD绿柱扩大_零上,2026-05-25,10.83,,,,26.25,-12.2
仅日线,SH.605118,力鼎光电,MACD绿柱扩大_零上,2026-05-25,40.43,,,,31.5,-12.5
仅日线,SH.600322,津投城开,MACD绿柱扩大_零上,2026-05-27,2.45,,,,33.25,-12.7
仅日线,SZ.300483,首华燃气,MACD绿柱扩大_零上,2026-05-28,18.51,,,,22.75,-12.8
仅日线,SH.688581,安杰思,MACD绿柱扩大_零上,2026-05-29,55.99,,,,35,-13.2
仅日线,SZ.002866,传艺科技,MACD绿柱扩大_零上,2026-05-21,21.28,,,,28,-13.2
仅日线,SZ.300110,华仁药业,一买,2026-05-27,2.73,,,,28,-13.5
仅日线,SH.688289,圣湘生物,一买,2026-05-28,16.12,,,,28,-13.8
仅日线,SH.688389,普门科技,一买,2026-05-27,11.628,,,,28,-13.9
仅日线,SZ.002936,郑州银行,一买,2026-05-29,1.75,,,,28,-13.9
仅日线,SH.601188,龙江交通,一买,2026-05-27,3.07,,,,28,-14.2
仅日线,SZ.002025,航天电器,MACD绿柱扩大_零上,2026-05-29,65.15,,,,26.25,-14.2
仅日线,SZ.300929,华骐环保,MACD绿柱扩大_零上,2026-05-29,12.07,,,,31.5,-14.2
仅日线,SZ.301585,蓝宇股份,MACD绿柱扩大_零上,2026-05-21,28.09,,,,33.25,-14.3
仅日线,SZ.300099,尤洛卡,MACD绿柱扩大_零上,2026-05-22,8.38,,,,33.25,-14.6
仅日线,SH.688475,萤石网络,MACD绿柱扩大_零上,2026-05-29,28.23,,,,35,-14.7
仅日线,SZ.300577,开润股份,MACD绿柱扩大_零上,2026-05-26,17.801,,,,33.25,-14.9
仅日线,SH.603126,中材节能,MACD绿柱扩大_零上,2026-05-29,7.7,,,,35,-15
仅日线,SH.688595,芯海科技,MACD绿柱扩大_零上,2026-05-29,31.96,,,,24.5,-15
仅日线,SZ.301086,鸿富瀚,MACD绿柱扩大_零上,2026-05-27,163.649,,,,22.75,-15.1
仅日线,SZ.002820,桂发祥,MACD绿柱扩大_零上,2026-05-28,10.21,,,,31.5,-15.5
仅日线,SZ.300590,移为通信,MACD绿柱扩大_零上,2026-05-29,14.58,,,,29.75,-15.9
仅日线,SZ.000070,特发信息,MACD绿柱扩大_零上,2026-05-27,17.21,,,,31.5,-16.2
仅日线,SH.603811,诚意药业,MACD绿柱扩大_零上,2026-05-18,11.35,,,,28,-16.3
仅日线,SH.600259,中稀有色,MACD绿柱扩大_零上,2026-05-25,86.94,,,,31.5,-16.7
仅日线,SZ.301592,六九一二,MACD绿柱扩大_零上,2026-05-28,114.133,,,,31.5,-16.8
仅日线,SZ.301216,万凯新材,MACD绿柱扩大_零上,2026-05-27,25.89,,,,33.25,-16.9
仅日线,SH.605368,蓝天燃气,一买 / MACD绿柱缩小_零下,2026-05-28,6.82,,,,30,-17.1
仅日线,SZ.002756,永兴材料,MACD绿柱扩大_零上,2026-05-25,66.027,,,,31.5,-17.7
仅日线,SH.600939,重庆建工,一买,2026-05-27,2.69,,,,28,-18.1
仅日线,SZ.002802,洪汇新材,MACD绿柱扩大_零上,2026-05-28,13.182,,,,29.75,-18.2
仅日线,SZ.002567,唐人神,一买,2026-05-29,3.61,,,,28,-18.3
仅日线,SZ.301358,湖南裕能,MACD绿柱扩大_零上,2026-05-27,87.434,,,,31.5,-18.5
仅日线,SZ.300798,锦鸡股份,MACD绿柱扩大_零上,2026-05-21,8.7,,,,29.75,-18.6
仅日线,SZ.301130,西点药业,MACD绿柱扩大_零上,2026-05-26,29.18,,,,29.75,-18.7
仅日线,SZ.300056,中创环保,MACD绿柱扩大_零上,2026-05-29,9.74,,,,35,-19
仅日线,SH.603519,立霸股份,MACD绿柱扩大_零上,2026-05-21,13.27,,,,31.5,-19.1
仅日线,SZ.300029,*ST天龙,缺口买:衰竭,2026-04-28,3.46,,,,16.25,-19.3
仅日线,SZ.002819,东方中科,MACD绿柱扩大_零上,2026-05-28,24.92,,,,31.5,-19.5
仅日线,SZ.300026,红日药业,一买,2026-05-28,3.16,,,,28,-19.5
仅日线,SH.603220,中贝通信,MACD绿柱扩大_零上,2026-05-28,24.75,,,,28,-19.6
仅日线,SZ.002093,国脉科技,一买,2026-05-28,7.33,,,,28,-19.6
仅日线,SH.603518,锦泓集团,MACD绿柱扩大_零上,2026-05-28,8.61,,,,35,-19.8
仅日线,SH.600989,宝丰能源,一买,2026-05-29,24,,,,28,-19.9
仅日线,SH.688272,富吉瑞,MACD绿柱扩大_零上,2026-05-20,38.88,,,,24.5,-20
仅日线,SH.688633,星球石墨,MACD绿柱扩大_零上,2026-05-29,29.93,,,,29.75,-20.1
仅日线,SZ.000570,苏常柴Ａ,MACD绿柱扩大_零上,2026-05-27,5.57,,,,29.75,-20.3
仅日线,SH.603113,金能科技,MACD绿柱缩小_零下,2026-05-27,5.13,,,,30,-20.6
仅日线,SH.688785,恒运昌,MACD绿柱扩大_零上,2026-05-29,349.9,,,,22.75,-20.9
仅日线,SZ.300915,海融科技,MACD绿柱扩大_零上,2026-05-29,23.97,,,,33.25,-22.3
仅日线,SH.600371,万向德农,一买,2026-05-28,7.29,,,,28,-22.7
仅日线,SH.603328,依顿电子,二买 / MACD绿柱扩大_零上,2026-05-21,11.67,,,,34.1,-22.8
仅日线,SZ.002757,南兴股份,MACD绿柱扩大_零上,2026-05-28,24.71,,,,26.25,-23
仅日线,SH.688184,ST帕瓦,MACD绿柱扩大_零上,2026-05-29,12.77,,,,29.75,-23.3
仅日线,SH.603308,应流股份,MACD绿柱扩大_零上,2026-05-29,64.67,,,,24.5,-23.4
仅日线,SZ.002416,爱施德,MACD绿柱扩大_零上,2026-05-19,11.84,,,,26.25,-23.4
仅日线,SZ.001400,江顺科技,MACD绿柱扩大_零上,2026-05-22,119.943,,,,31.5,-23.5
仅日线,SZ.301590,优优绿能,MACD绿柱扩大_零上,2026-05-29,169.5,,,,22.75,-23.5
仅日线,SH.600675,中华企业,一买,2026-05-28,2.32,,,,28,-23.9
仅日线,SH.688177,百奥泰,一买 / MACD绿柱缩小_零下,2026-05-29,18.44,,,,30,-24.4
仅日线,SH.600223,福瑞达,一买,2026-05-28,5.91,,,,28,-24.7
仅日线,SZ.002042,华孚时尚,MACD绿柱扩大_零上,2026-05-29,4.24,,,,26.25,-24.8
仅日线,SH.600599,*ST熊猫,缺口买:衰竭,2026-04-29,3.95,,,,16.25,-25.3
仅日线,SZ.000514,渝 开 发,MACD绿柱扩大_零上,2026-05-22,4.5,,,,28,-25.3
仅日线,SH.600498,烽火通信,MACD绿柱扩大_零上,2026-05-29,51.89,,,,33.25,-25.4
仅日线,SZ.002287,奇正藏药,一买,2026-05-28,20.51,,,,28,-25.8
仅日线,SH.605299,舒华体育,MACD绿柱扩大_零上,2026-05-26,17.74,,,,31.5,-25.9
仅日线,SZ.000520,凤凰航运,一买,2026-05-29,3.59,,,,28,-26
仅日线,SZ.002377,国创高新,MACD绿柱扩大_零上,2026-05-21,3.08,,,,24.5,-26.1
仅日线,SH.600251,冠农股份,MACD绿柱扩大_零上,2026-05-22,10.53,,,,31.5,-27
仅日线,SZ.000586,汇源通信,MACD绿柱扩大_零上,2026-05-26,17.74,,,,29.75,-27
仅日线,SZ.300432,富临精工,MACD绿柱扩大_零上,2026-05-20,25.01,,,,35,-27.4
仅日线,SH.603398,*ST沐邦,MACD绿柱扩大_零上,2026-05-29,14.4,,,,29.75,-27.5
仅日线,SH.601998,中信银行,MACD绿柱扩大_零上,2026-05-20,7.86,,,,35,-27.7
仅日线,SH.603860,中公高科,MACD绿柱扩大_零上,2026-05-25,30.065,,,,33.25,-28
仅日线,SZ.003040,楚天龙,一买,2026-05-29,12.91,,,,28,-28
仅日线,SH.688790,昂瑞微,MACD绿柱扩大_零上,2026-05-29,132.2,,,,26.25,-28.1
仅日线,SH.605060,联德股份,MACD绿柱扩大_零上,2026-05-25,55.39,,,,33.25,-28.3
仅日线,SZ.300789,唐源电气,MACD绿柱扩大_零上,2026-05-29,21.76,,,,33.25,-28.3
仅日线,SZ.301109,军信股份,MACD绿柱扩大_零上,2026-05-25,15.05,,,,33.25,-28.5
仅日线,SZ.301068,大地海洋,MACD绿柱扩大_零上,2026-05-26,31.32,,,,29.75,-28.8
仅日线,SH.603348,文灿股份,一买,2026-05-28,15.97,,,,28,-29.1
仅日线,SZ.002668,TCL智家,MACD绿柱扩大_零上,2026-05-29,9.34,,,,35,-29.3
仅日线,SZ.301206,三元生物,MACD绿柱扩大_零上,2026-05-26,25.69,,,,31.5,-29.5
仅日线,SZ.300671,富满微,MACD绿柱扩大_零上,2026-05-29,44.95,,,,29.75,-29.8
仅日线,SH.603489,八方股份,MACD绿柱扩大_零上,2026-05-29,35.5,,,,35,-30.1
仅日线,SH.688307,中润光学,MACD绿柱扩大_零上,2026-05-29,71.99,,,,29.75,-30.1
仅日线,SZ.002399,海普瑞,一买,2026-05-28,9.62,,,,28,-30.5
仅日线,SZ.001696,宗申动力,MACD绿柱缩小_零下,2026-05-28,15.19,,,,30,-30.6
仅日线,SZ.301157,华塑科技,MACD绿柱扩大_零上,2026-05-29,70.47,,,,35,-30.8
仅日线,SZ.301519,舜禹股份,MACD绿柱扩大_零上,2026-05-29,13.49,,,,31.5,-31.1
仅日线,SH.688290,景业智能,MACD绿柱扩大_零上,2026-05-29,62.36,,,,24.5,-31.2
仅日线,SZ.002908,德生科技,一买,2026-05-29,7.34,,,,28,-31.2
仅日线,SH.688628,优利德,MACD绿柱扩大_零上,2026-05-28,91.66,,,,33.25,-31.5
仅日线,SZ.301580,爱迪特,MACD绿柱缩小_零下,2026-05-29,58.07,,,,27.9,-31.6
仅日线,SZ.300848,美瑞新材,MACD绿柱扩大_零上,2026-05-28,15.05,,,,31.5,-31.7
仅日线,SH.603207,小方制药,一买,2026-05-28,22.92,,,,28,-31.9
仅日线,SZ.000703,恒逸石化,MACD绿柱扩大_零上,2026-05-26,13.65,,,,29.75,-31.9
仅日线,SZ.000815,美利云,MACD绿柱扩大_零上,2026-05-25,19.29,,,,33.25,-31.9
仅日线,SZ.300840,酷特智能,MACD绿柱扩大_零上,2026-05-29,22.8,,,,29.75,-32
仅日线,SH.603230,内蒙新华,一买,2026-05-28,9.63,,,,28,-32.1
仅日线,SH.688127,蓝特光学,MACD绿柱扩大_零上,2026-05-29,83.44,,,,22.75,-32.2
仅日线,SZ.002663,普邦股份,MACD绿柱扩大_零上,2026-05-22,2.14,,,,28,-32.5
仅日线,SZ.300474,景嘉微,MACD绿柱扩大_零上,2026-05-29,57.87,,,,24.5,-32.9
仅日线,SZ.301090,华润材料,MACD绿柱扩大_零上,2026-05-25,7.56,,,,31.5,-32.9
仅日线,SH.600901,江苏金租,MACD绿柱扩大_零上,2026-05-19,6.51,,,,29.75,-33.3
仅日线,SH.600812,华北制药,一买,2026-05-27,4.41,,,,28,-33.4
仅日线,SZ.002902,铭普光磁,MACD绿柱扩大_零上,2026-05-29,33.31,,,,24.5,-33.4
仅日线,SZ.300348,长亮科技,MACD绿柱缩小_零下,2026-05-19,11.65,,,,30,-33.5
仅日线,SH.603778,国晟科技,MACD绿柱缩小_零下,2026-05-22,23.89,,,,30,-34
仅日线,SZ.301165,锐捷网络,MACD绿柱扩大_零上,2026-05-29,64.46,,,,29.75,-34.6
仅日线,SZ.300908,仲景食品,MACD绿柱扩大_零上,2026-05-21,25.99,,,,35,-34.8
仅日线,SH.600189,泉阳泉,MACD绿柱扩大_零上,2026-05-29,8.14,,,,31.5,-35
仅日线,SH.600793,宜宾纸业,MACD绿柱缩小_零下,2026-05-20,15.52,,,,30,-35.2
仅日线,SH.688718,唯赛勃,MACD绿柱扩大_零上,2026-05-29,15.83,,,,29.75,-35.3
仅日线,SZ.300860,锋尚文化,MACD绿柱扩大_零上,2026-05-29,24.59,,,,28,-36.1
仅日线,SZ.301149,隆华新材,MACD绿柱扩大_零上,2026-05-29,11.55,,,,29.75,-36.1
仅日线,SH.600536,中国软件,MACD绿柱扩大_零上,2026-05-29,36.16,,,,33.25,-36.8
仅日线,SZ.002722,物产金轮,MACD绿柱扩大_零上,2026-05-26,14.19,,,,35,-36.9
仅日线,SH.603210,泰鸿万立,一买,2026-05-28,13.77,,,,28,-37.1
仅日线,SZ.000503,国新健康,一买,2026-05-28,6.7,,,,28,-37.5
仅日线,SZ.000565,渝三峡Ａ,MACD绿柱扩大_零上,2026-05-28,7.03,,,,31.5,-37.7
仅日线,SZ.301032,新柴股份,MACD绿柱扩大_零上,2026-05-26,12.25,,,,24.5,-37.9
仅日线,SH.600419,天润乳业,一买,2026-05-28,8.37,,,,28,-38.2
仅日线,SZ.002285,世联行,一买 / MACD绿柱扩大_零上,2026-05-28,2.54,,,,29.75,-38.4
仅日线,SH.600150,中国船舶,MACD绿柱扩大_零上,2026-05-26,38.69,,,,33.25,-38.5
仅日线,SH.605166,聚合顺,MACD绿柱扩大_零上,2026-05-29,10.05,,,,26.25,-38.5
仅日线,SZ.300254,仟源医药,MACD绿柱扩大_零上,2026-05-29,10.88,,,,29.75,-38.6
仅日线,SZ.301587,中瑞股份,MACD绿柱扩大_零上,2026-05-29,27.23,,,,28,-38.7
仅日线,SZ.300380,安硕信息,MACD绿柱扩大_零上,2026-05-28,34.44,,,,29.75,-38.8
仅日线,SZ.002311,海大集团,一买,2026-05-22,44.58,,,,28,-38.9
仅日线,SH.600603,广汇物流,MACD绿柱缩小_零下,2026-05-20,5.54,,,,30,-40.1
仅日线,SH.600605,汇通能源,MACD绿柱扩大_零上,2026-05-29,30.49,,,,35,-40.2
仅日线,SH.603335,迪生力,MACD绿柱扩大_零上,2026-05-26,6.65,,,,29.75,-40.3
仅日线,SH.603135,中重科技,MACD绿柱扩大_零上,2026-05-29,10.25,,,,31.5,-40.4
仅日线,SH.688710,益诺思,MACD绿柱缩小_零下,2026-05-22,64.82,,,,30,-40.5
仅日线,SH.600398,海澜之家,MACD绿柱扩大_零上,2026-05-21,5.93,,,,35,-41
仅日线,SH.603016,新宏泰,MACD绿柱扩大_零上,2026-05-29,42.88,,,,26.25,-41.1
仅日线,SH.688278,特宝生物,一买,2026-05-28,53.985,,,,28,-41.1
仅日线,SZ.300451,创业慧康,一买,2026-05-29,3.8,,,,28,-41.1
仅日线,SZ.301687,新广益,MACD绿柱扩大_零上,2026-05-22,61.99,,,,28,-41.3
仅日线,SH.688629,华丰科技,MACD绿柱扩大_零上,2026-05-18,131.8,,,,31.5,-41.9
仅日线,SZ.300462,ST华铭,MACD绿柱扩大_零上,2026-05-28,12.38,,,,35,-42.2
仅日线,SZ.301292,海科新源,MACD绿柱缩小_零下 / MACD绿柱扩大_零上,2026-05-29,70.86,,,,30,-42.3
仅日线,SZ.002313,日海智能,MACD绿柱扩大_零上,2026-05-29,8.93,,,,28,-42.4
仅日线,SH.688526,科前生物,一买,2026-05-28,12.77,,,,28,-42.7
仅日线,SZ.002213,大为股份,MACD绿柱扩大_零上,2026-05-29,34.13,,,,31.5,-42.7
仅日线,SH.603291,联合水务,MACD绿柱扩大_零上,2026-05-26,10.8,,,,26.25,-42.9
仅日线,SH.603507,振江股份,MACD绿柱扩大_零上,2026-05-28,40.39,,,,33.25,-43.8
仅日线,SH.605499,东鹏饮料,一买,2026-05-28,137.3,,,,28,-44.3
仅日线,SH.603118,共进股份,MACD绿柱扩大_零上,2026-05-29,12.79,,,,35,-44.5
仅日线,SH.601218,吉鑫科技,MACD绿柱扩大_零上,2026-05-20,5.87,,,,26.25,-45.2
仅日线,SZ.300105,龙源技术,一买,2026-05-29,6.1,,,,28,-45.3
仅日线,SZ.300556,丝路视觉,MACD绿柱扩大_零上,2026-05-29,19.31,,,,24.5,-45.3
仅日线,SH.600149,廊坊发展,MACD绿柱扩大_零上,2026-05-26,5.79,,,,24.5,-45.5
仅日线,SZ.300886,华业香料,MACD绿柱扩大_零上,2026-05-22,27.64,,,,31.5,-46.4
仅日线,SH.603515,欧普照明,MACD绿柱扩大_零上,2026-05-20,19.71,,,,33.25,-46.5
仅日线,SZ.300823,建科智能,MACD绿柱扩大_零上,2026-05-29,17.06,,,,33.25,-46.5
仅日线,SH.688183,生益电子,三买 / MACD绿柱扩大_零上 / 缺口买:普通,2026-05-26,132.1,,,,32.5,-46.6
仅日线,SZ.000719,中原传媒,MACD绿柱扩大_零上,2026-05-28,12.91,,,,33.25,-46.7
仅日线,SH.600643,爱建集团,一买,2026-05-28,4.26,,,,28,-46.9
仅日线,SZ.301306,西测测试,MACD绿柱扩大_零上,2026-05-22,141.18,,,,35,-47.2
仅日线,SZ.000967,盈峰环境,MACD绿柱扩大_零上,2026-05-28,11.11,,,,24.5,-47.4
仅日线,SH.603912,佳力图,MACD绿柱扩大_零上,2026-05-29,9.15,,,,29.75,-47.6
仅日线,SZ.000911,广农糖业,一买,2026-05-28,5.34,,,,28,-47.8
仅日线,SZ.300579,数字认证,一买,2026-05-29,22.8,,,,28,-48.3
仅日线,SZ.002424,ST百灵,一买,2026-05-26,4.53,,,,28,-48.7
仅日线,SH.600810,神马股份,MACD绿柱缩小_零下,2026-05-20,6.93,,,,30,-48.8
仅日线,SZ.000526,学大教育,MACD绿柱扩大_零上,2026-05-25,31.31,,,,31.5,-48.8
仅日线,SZ.300012,华测检测,MACD绿柱扩大_零上,2026-05-20,15.32,,,,35,-48.8
仅日线,SZ.300271,华宇软件,一买,2026-05-29,5.48,,,,28,-48.8
仅日线,SH.603185,弘元绿能,MACD绿柱缩小_零下,2026-05-20,21.83,,,,30,-49.5
仅日线,SZ.002649,博彦科技,一买,2026-05-29,9.44,,,,28,-49.8
仅日线,SH.603983,丸美生物,一买,2026-05-29,22.48,,,,28,-49.9
仅日线,SZ.002929,润建股份,MACD绿柱扩大_零上,2026-05-29,73.2,,,,22.75,-50.3
仅日线,SZ.301429,森泰股份,MACD绿柱扩大_零上,2026-05-29,20.04,,,,33.25,-50.9
仅日线,SH.688078,龙软科技,MACD绿柱扩大_零上,2026-05-29,23.19,,,,24.5,-51
仅日线,SH.688110,东芯股份,MACD绿柱扩大_零上,2026-05-29,142.16,,,,26.25,-52.3
仅日线,SZ.300251,光线传媒,MACD绿柱缩小_零下,2026-05-29,12.78,,,,30,-52.5
仅日线,SZ.000550,江铃汽车,MACD绿柱扩大_零上,2026-05-21,17.7,,,,35,-52.9
仅日线,SZ.301190,善水科技,MACD绿柱扩大_零上,2026-05-22,23.86,,,,28,-52.9
仅日线,SZ.301578,辰奕智能,MACD绿柱扩大_零上,2026-05-29,31.42,,,,24.5,-53.7
仅日线,SH.603196,璞源材料,MACD绿柱缩小_零下,2026-05-20,27.82,,,,30,-53.9
仅日线,SH.600653,申华控股,一买,2026-05-27,1.67,,,,28,-54.2
仅日线,SZ.301027,华蓝集团,MACD绿柱扩大_零上,2026-05-28,21.42,,,,29.75,-54.2
仅日线,SH.600873,梅花生物,MACD绿柱缩小_零下,2026-05-18,9.31,,,,30,-54.4
仅日线,SH.600030,中信证券,MACD绿柱扩大_零上,2026-05-29,26.05,,,,28,-55.1
仅日线,SZ.300643,万通智控,MACD绿柱扩大_零上,2026-05-28,17.27,,,,28,-55.1
仅日线,SH.603929,亚翔集成,MACD绿柱扩大_零上,2026-05-27,164.43,,,,24.5,-55.4
仅日线,SZ.300765,新诺威,一买,2026-05-28,25.01,,,,28,-55.5
仅日线,SZ.300979,华利集团,一买,2026-05-28,33.07,,,,28,-55.6
仅日线,SZ.000513,丽珠集团,一买,2026-05-28,29.95,,,,28,-56.3
仅日线,SZ.301602,超研股份,一买,2026-05-28,16.22,,,,28,-57.3
仅日线,SZ.301665,泰禾股份,一买,2026-05-28,22.99,,,,28,-57.3
仅日线,SZ.002142,宁波银行,MACD绿柱扩大_零上,2026-05-27,30.68,,,,29.75,-58
仅日线,SZ.003000,劲仔食品,MACD绿柱扩大_零上,2026-05-29,10.82,,,,35,-58.8
仅日线,SH.688313,仕佳光子,MACD绿柱扩大_零上,2026-05-29,162.69,,,,33.25,-58.9
仅日线,SZ.300900,广联航空,MACD绿柱扩大_零上,2026-05-26,37.47,,,,35,-59.2
仅日线,SH.603991,至正股份,MACD绿柱扩大_零上,2026-05-29,103.35,,,,28,-59.8
仅日线,SH.688496,清越科技,MACD绿柱缩小_零下,2026-05-26,1.2,,,,23.1,-59.9
仅日线,SZ.002670,国盛证券,一买,2026-05-28,11.33,,,,28,-60.8
仅日线,SZ.300529,健帆生物,MACD绿柱扩大_零上,2026-05-29,18.19,,,,35,-61
仅日线,SH.600815,厦工股份,MACD绿柱扩大_零上,2026-05-27,3.4,,,,29.75,-61.4
仅日线,SH.603615,茶花股份,MACD绿柱扩大_零上,2026-05-29,18.85,,,,28,-61.9
仅日线,SH.688150,莱特光电,二买,2026-04-30,49.45,,,,42.9,-62.1
仅日线,SH.600238,*ST椰岛,MACD绿柱扩大_零上,2026-05-29,4.95,,,,28,-62.3
仅日线,SH.603268,松发股份,MACD绿柱扩大_零上,2026-05-28,140.49,,,,35,-62.3
仅日线,SH.603039,泛微网络,MACD绿柱扩大_零上,2026-05-29,36.64,,,,31.5,-63.1
仅日线,SH.600929,雪天盐业,MACD绿柱扩大_零上,2026-05-21,5.9,,,,31.5,-63.2
仅日线,SZ.002899,英派斯,MACD绿柱扩大_零上,2026-05-22,29.84,,,,35,-63.2
仅日线,SH.600768,宁波富邦,MACD绿柱扩大_零上,2026-05-29,16.29,,,,29.75,-64
仅日线,SZ.301575,艾芬达,MACD绿柱扩大_零上,2026-05-28,43.54,,,,26.25,-64.5
仅日线,SZ.301449,天溯计量,MACD绿柱缩小_零下,2026-05-20,71.17,,,,30,-64.6
仅日线,SH.600241,时代万恒,MACD绿柱扩大_零上,2026-05-18,8.95,,,,35,-64.7
仅日线,SH.605298,必得科技,MACD绿柱扩大_零上,2026-05-29,52.28,,,,35,-64.7
仅日线,SH.603881,数据港,MACD绿柱扩大_零上,2026-05-28,37.13,,,,31.5,-65.7
仅日线,SH.603026,石大胜华,MACD绿柱扩大_零上,2026-05-29,87.69,,,,24.5,-66.6
仅日线,SZ.300609,汇纳科技,MACD绿柱扩大_零上,2026-05-29,35.49,,,,21,-67.2
仅日线,SZ.300633,开立医疗,MACD绿柱缩小_零下,2026-05-28,20.95,,,,30,-67.3
仅日线,SZ.001896,豫能控股,MACD绿柱扩大_零上,2026-05-20,14.88,,,,31.5,-68.2
仅日线,SH.603053,成都燃气,一买,2026-05-28,9.21,,,,28,-68.6
仅日线,SZ.300760,迈瑞医疗,一买,2026-05-28,148.44,,,,28,-70.3
仅日线,SZ.301326,捷邦科技,MACD绿柱扩大_零上,2026-05-29,147.89,,,,26.25,-70.4
仅日线,SZ.300342,天银机电,MACD绿柱扩大_零上,2026-05-20,57.46,,,,35,-71.3
仅日线,SZ.002498,汉缆股份,MACD绿柱扩大_零上,2026-05-29,8.18,,,,24.5,-72
仅日线,SZ.301314,科瑞思,MACD绿柱扩大_零上,2026-05-29,46.1,,,,31.5,-72.6
仅日线,SZ.002713,*ST东易,MACD绿柱扩大_零上,2026-05-29,11.91,,,,24.5,-73.5
仅日线,SZ.300674,宇信科技,一买,2026-05-29,16.51,,,,28,-74
仅日线,SZ.300169,天晟新材,MACD绿柱扩大_零上,2026-05-27,5.7,,,,28,-74.2
仅日线,SH.603825,ST华扬,MACD绿柱扩大_零上,2026-05-26,8.25,,,,28,-74.4
仅日线,SZ.301139,元道通信,MACD绿柱缩小_零下,2026-05-29,4.31,,,,30,-75.2
仅日线,SH.603320,迪贝电气,MACD绿柱扩大_零上,2026-05-29,23.1,,,,24.5,-75.8
仅日线,SZ.002960,青鸟消防,MACD绿柱扩大_零上,2026-05-26,8.99,,,,28,-76.7
仅日线,SZ.301202,朗威股份,MACD绿柱扩大_零上,2026-05-29,39.09,,,,29.75,-77.5
仅日线,SH.600773,西藏城投,MACD绿柱扩大_零上,2026-05-20,20.82,,,,35,-78.6
仅日线,SZ.002633,申科股份,MACD绿柱扩大_零上,2026-05-29,17.47,,,,31.5,-79.4
仅日线,SZ.002466,天齐锂业,MACD绿柱扩大_零上,2026-05-22,66.52,,,,35,-79.6
仅日线,SZ.002890,弘宇股份,MACD绿柱扩大_零上,2026-05-29,15.19,,,,35,-81.4
仅日线,SH.600272,开开实业,一买,2026-05-28,11.07,,,,28,-82
仅日线,SH.605167,利柏特,MACD绿柱扩大_零上,2026-05-27,17.47,,,,29.75,-82.8
仅日线,SZ.002460,赣锋锂业,MACD绿柱扩大_零上,2026-05-21,75.33,,,,35,-84.3
仅日线,SZ.301141,中科磁业,MACD绿柱扩大_零上,2026-05-29,47.88,,,,24.5,-84.5
仅日线,SH.920819,颖泰生物,一买,2026-05-27,2.88,,,,28,-85
仅日线,SZ.300549,优德精密,MACD绿柱扩大_零上,2026-05-27,16.32,,,,28,-85.1
仅日线,SH.603966,法兰泰克,MACD绿柱扩大_零上,2026-05-21,9.646,,,,35,-87.3
仅日线,SZ.301499,维科精密,MACD绿柱扩大_零上,2026-05-29,33.5,,,,31.5,-89.5
仅日线,SH.688063,派能科技,MACD绿柱扩大_零上,2026-05-29,66.5,,,,28,-89.7
仅日线,SZ.301320,豪江智能,MACD绿柱扩大_零上,2026-05-19,16.85,,,,28,-89.9
仅日线,SZ.002791,坚朗五金,一买,2026-05-28,15.23,,,,28,-90.9
仅日线,SZ.002689,ST远智,MACD绿柱缩小_零下,2026-05-29,3.15,,,,30,-91
仅日线,SZ.300249,依米康,MACD绿柱扩大_零上,2026-05-28,16.06,,,,28,-91.1
仅日线,SZ.002180,奔图科技,MACD绿柱扩大_零上,2026-05-22,17.67,,,,28,-92.6
仅日线,SH.603277,银都股份,一买,2026-05-28,11.81,,,,28,-93.2
仅日线,SZ.300925,法本信息,一买,2026-05-29,15.69,,,,28,-94.5
仅日线,SZ.300941,创识科技,一买,2026-05-28,15.51,,,,28,-94.5
仅日线,SH.600476,湘邮科技,MACD绿柱扩大_零上,2026-05-29,11.2,,,,29.75,-95.7
仅日线,SH.601098,中南传媒,MACD绿柱扩大_零上,2026-05-29,10.89,,,,35,-97
仅日线,SZ.300621,维业股份,MACD绿柱扩大_零上,2026-05-27,7.87,,,,31.5,-98.8
仅日线,SH.600833,第一医药,一买,2026-05-28,10.3,,,,28,-99.3
仅日线,SZ.300025,华星创业,MACD绿柱扩大_零上,2026-05-29,5,,,,29.75,-100.6
仅日线,SH.605009,豪悦护理,一买,2026-05-29,24.61,,,,28,-101.5
仅日线,SZ.300377,赢时胜,一买,2026-05-28,13.45,,,,28,-102.7
仅日线,SZ.002240,盛新锂能,MACD绿柱扩大_零上,2026-05-26,49.23,,,,29.75,-106.1
仅日线,SH.600694,大商股份,MACD绿柱扩大_零上,2026-05-29,15.06,,,,28,-106.9
仅日线,SZ.300134,大富科技,MACD绿柱扩大_零上,2026-05-29,9.97,,,,28,-108.9
仅日线,SH.688678,福立旺,MACD绿柱扩大_零上,2026-05-29,22.06,,,,31.5,-111.6
仅日线,SZ.002998,优彩资源,MACD绿柱扩大_零上,2026-05-29,8.24,,,,31.5,-116.1
仅日线,SZ.002429,兆驰股份,MACD绿柱扩大_零上,2026-05-29,11.6,,,,29.75,-119
仅日线,SZ.301101,明月镜片,MACD绿柱扩大_零上,2026-05-27,34.04,,,,31.5,-121.1
仅日线,SZ.300945,曼卡龙,一买,2026-05-28,12.58,,,,28,-121.9
仅日线,SZ.002342,巨力索具,MACD绿柱扩大_零上,2026-05-25,12.76,,,,29.75,-124.3
仅日线,SZ.300698,万马科技,MACD绿柱扩大_零上,2026-05-29,34.49,,,,22.75,-133.2
仅日线,SH.603583,捷昌驱动,MACD绿柱缩小_零下,2026-05-18,28.94,,,,30,-136.5
仅日线,SH.688282,理工导航,MACD绿柱扩大_零上,2026-05-29,76.1,,,,31.5,-143.2
仅日线,SZ.300500,启迪设计,MACD绿柱扩大_零上,2026-05-29,11.07,,,,31.5,-144
仅日线,SZ.300988,津荣天宇,MACD绿柱扩大_零上,2026-05-29,17.91,,,,28,-145.4
仅周线,SZ.300286,安科瑞,,,,二买 / 三买 / MACD绿柱扩大_零上 / 缺口买:持续,2026-05-29,31.9,34.1,215
仅周线,SH.601877,正泰电器,,,,二买 / 三买 / MACD绿柱扩大_零上,2026-05-29,29.14,42.9,184.5
仅周线,SH.600635,大众公用,,,,二买 / 三买 / MACD绿柱缩小_零下 / MACD绿柱扩大_零上,2026-05-29,5.25,34.1,173.4
仅周线,SH.600857,宁波中百,,,,二买 / 三买 / MACD绿柱缩小_零下 / MACD绿柱扩大_零上,2026-05-08,12.87,34.1,161.7
仅周线,SZ.002938,鹏鼎控股,,,,二买 / 三买 / MACD绿柱扩大_零上,2026-04-03,48,34.1,157.8
仅周线,SZ.301123,奕东电子,,,,二买 / MACD绿柱扩大_零上,2026-04-03,53,34.1,153.9
仅周线,SH.603997,继峰股份,,,,MACD绿柱缩小_零下 / MACD绿柱扩大_零上,2026-05-22,13.403,31.5,151.3
仅周线,SZ.000510,新金路,,,,二买 / MACD绿柱扩大_零上 / 缺口买:持续,2026-05-29,16.65,42.9,147
仅周线,SH.688122,西部超导,,,,二买 / 三买 / MACD绿柱扩大_零上,2026-05-15,63.41,34.1,146.4
仅周线,SZ.300982,苏文电能,,,,二买 / 三买 / MACD绿柱扩大_零上,2026-05-29,21.64,34.1,141.8
仅周线,SZ.300528,幸福蓝海,,,,MACD绿柱缩小_零下 / MACD绿柱扩大_零上,2026-05-29,17.26,31.5,138.9
仅周线,SH.688669,聚石化学,,,,二买 / 三买 / MACD绿柱扩大_零上,2026-04-17,26.38,42.9,137.8
仅周线,SH.601066,中信建投,,,,MACD绿柱缩小_零下,2026-05-22,22,30,136.7
仅周线,SH.601187,厦门银行,,,,二买 / MACD绿柱扩大_零上,2026-05-29,7.12,42.9,136.1
仅周线,SH.601615,明阳智能,,,,二买 / MACD绿柱扩大_零上,2026-05-15,15.32,34.1,135.7
仅周线,SZ.000600,建投能源,,,,二买 / 三买 / MACD绿柱扩大_零上,2026-04-30,9.52,34.1,135.6
仅周线,SZ.002922,伊戈尔,,,,二买 / 三买 / MACD绿柱扩大_零上 / 形态:头肩底,2026-04-10,34.06,42.9,134.8
仅周线,SZ.301617,博苑股份,,,,二买 / 三买 / MACD绿柱缩小_零下 / MACD绿柱扩大_零上,2026-05-22,52.654,34.1,134.2
仅周线,SZ.300552,万集科技,,,,二买 / MACD绿柱缩小_零下 / MACD绿柱扩大_零上,2026-05-29,27.94,34.1,133.9
仅周线,SZ.000669,ST金鸿,,,,三买 / MACD绿柱扩大_零上,2026-05-29,4.37,32.5,130
仅周线,SZ.002703,浙江世宝,,,,二买 / 三买 / MACD绿柱扩大_零上,2026-04-30,16.9,34.1,129.5
仅周线,SZ.002585,双星新材,,,,二买 / 三买 / MACD绿柱扩大_零上 / 缺口买:持续,2026-05-29,10.23,42.9,127.1
仅周线,SZ.301566,达利凯普,,,,二买 / 三买 / MACD绿柱扩大_零上,2026-04-17,22.44,34.1,126.8
仅周线,SH.688623,双元科技,,,,二买 / 三买 / MACD绿柱扩大_零上,2026-04-17,89.7,42.9,124.4
仅周线,SH.600593,大连圣亚,,,,背驰买 / MACD绿柱缩小_零下 / MACD绿柱扩大_零上,2026-05-29,37.6,30,122.3
仅周线,SH.600199,金种子酒,,,,MACD绿柱缩小_零下,2026-05-22,8.22,30,122.1
仅周线,SZ.002768,国恩股份,,,,二买 / 三买 / MACD绿柱扩大_零上,2026-04-10,48.27,42.9,122
仅周线,SH.603730,岱美股份,,,,二买 / 三买 / MACD绿柱扩大_零上,2026-04-10,9.25,42.9,121.2
仅周线,SZ.002197,证通电子,,,,二买 / 三买 / MACD绿柱缩小_零下 / MACD绿柱扩大_零上,2026-05-22,7.45,42.9,120.8
仅周线,SH.688333,铂力特,,,,二买 / 三买 / MACD绿柱扩大_零上,2026-04-10,92.13,34.1,119.3
仅周线,SZ.300727,润禾材料,,,,背驰买 / MACD绿柱缩小_零下 / MACD绿柱扩大_零上,2026-05-08,34.24,33.25,119.1
仅周线,SZ.300952,恒辉安防,,,,二买 / 三买 / MACD绿柱扩大_零上,2026-05-08,26.518,34.1,119.1
仅周线,SZ.002456,欧菲光,,,,一买 / 背驰买 / MACD绿柱缩小_零下,2026-05-15,8.75,30,118.5
仅周线,SZ.002735,王子新材,,,,MACD绿柱缩小_零下 / MACD绿柱扩大_零上,2026-05-29,14.57,30,117.8
仅周线,SZ.300227,光韵达,,,,二买 / 三买 / MACD绿柱扩大_零上,2026-05-29,11.09,35,117.6
仅周线,SH.600237,铜峰电子,,,,二买 / 三买 / MACD绿柱扩大_零上,2026-05-15,8.85,34.1,116.5
仅周线,SH.688390,固德威,,,,二买 / 三买,2026-04-10,80,42.9,115.4
仅周线,SH.601919,中远海控,,,,二买 / MACD绿柱扩大_零上,2026-05-29,14.14,34.1,114.3
仅周线,SH.600089,特变电工,,,,三买 / MACD绿柱扩大_零上,2026-05-29,25.35,40,113.6
仅周线,SH.600702,舍得酒业,,,,一买 / MACD绿柱缩小_零下,2026-05-29,44.06,30,113.6
仅周线,SH.603191,望变电气,,,,三买 / MACD绿柱扩大_零上,2026-05-22,21.73,33.25,113.4
仅周线,SZ.002769,普路通,,,,MACD绿柱扩大_零上,2026-05-29,7.74,26.25,113.2
仅周线,SZ.000712,锦龙股份,,,,一买 / 背驰买 / MACD绿柱缩小_零下,2026-05-15,10.98,30,111.4
仅周线,SH.605066,天正电气,,,,MACD绿柱扩大_零上,2026-05-29,7.65,29.75,110.6
仅周线,SZ.300710,万隆光电,,,,二买 / 三买 / MACD绿柱扩大_零上,2026-04-10,29.91,42.9,110.6
仅周线,SZ.000795,英洛华,,,,二买 / 三买 / MACD绿柱缩小_零下,2026-05-22,9.1,34.1,109
仅周线,SH.600969,郴电国际,,,,二买 / 三买 / MACD绿柱扩大_零上,2026-04-17,9.84,34.1,108.9
仅周线,SH.688335,复洁科技,,,,MACD绿柱扩大_零上,2026-05-29,28.68,31.5,108.5
仅周线,SH.603040,新坐标,,,,二买 / MACD绿柱扩大_零上,2026-04-10,83,42.9,107.9
仅周线,SH.603590,康辰药业,,,,二买 / 三买 / MACD绿柱缩小_零下,2026-05-22,37.76,34.1,107.1
仅周线,SZ.002243,力合科创,,,,MACD绿柱缩小_零下 / MACD绿柱扩大_零上,2026-05-29,9.06,33.25,106.6
仅周线,SH.688396,华润微,,,,MACD绿柱扩大_零上,2026-04-10,49.15,31.5,106.5
仅周线,SZ.300046,台基股份,,,,背驰买,2026-04-03,29.41,26.25,106.5
仅周线,SH.600201,生物股份,,,,二买 / MACD绿柱扩大_零上,2026-05-29,11.67,42.9,105.8
仅周线,SZ.001225,和泰机电,,,,二买 / 三买 / MACD绿柱扩大_零上,2026-04-10,49.61,34.1,105.7
仅周线,SH.603920,世运电路,,,,二买 / 三买 / MACD绿柱扩大_零上,2026-04-30,52.65,34.1,104
仅周线,SH.688116,天奈科技,,,,背驰买 / MACD绿柱缩小_零下,2026-05-15,41.11,30,103.6
仅周线,SZ.001299,美能能源,,,,二买 / 三买,2026-03-27,9.281,42.9,103.4
仅周线,SH.603380,易德龙,,,,背驰买 / MACD绿柱缩小_零下 / MACD绿柱扩大_零上,2026-05-15,37.1,33.25,103.2
仅周线,SH.600758,辽宁能源,,,,二买 / MACD绿柱扩大_零上,2026-05-08,4.03,34.1,103.1
仅周线,SZ.002516,旷达科技,,,,MACD绿柱缩小_零下 / MACD绿柱扩大_零上,2026-05-29,6.05,35,102.7
仅周线,SZ.300215,电科院,,,,二买 / 三买 / MACD绿柱扩大_零上,2026-04-30,8.56,34.1,102.3
仅周线,SH.600173,卧龙新能,,,,背驰买 / MACD绿柱扩大_零上,2026-05-22,6.73,26.25,102
仅周线,SZ.300259,新天科技,,,,二买 / MACD绿柱扩大_零上,2026-05-08,4.422,34.1,101.7
仅周线,SZ.300951,博硕科技,,,,背驰买 / MACD绿柱扩大_零上,2026-05-08,32.951,29.75,101.5
仅周线,SH.603551,奥普科技,,,,一买 / MACD绿柱扩大_零上,2026-05-29,10.88,29.75,101.3
仅周线,SH.603232,格尔软件,,,,MACD绿柱扩大_零上,2026-04-24,18.32,28,100.9
仅周线,SH.600578,京能电力,,,,二买 / MACD绿柱扩大_零上,2026-05-08,5.13,34.1,100
仅周线,SZ.000403,派林生物,,,,一买,2026-05-22,10.48,28,98.2
仅周线,SZ.000875,电投绿能,,,,二买 / MACD绿柱扩大_零上,2026-05-08,6.74,34.1,98.2
仅周线,SZ.003037,三和管桩,,,,背驰买 / MACD绿柱缩小_零下,2026-05-29,7.25,30,97.7
仅周线,SH.601059,信达证券,,,,二买 / MACD绿柱缩小_零下 / MACD绿柱扩大_零上,2026-05-29,17.2,34.1,96.3
仅周线,SZ.300726,宏达电子,,,,二买 / MACD绿柱扩大_零上,2026-04-10,43.22,34.1,96.1
仅周线,SZ.300296,利亚德,,,,二买 / MACD绿柱扩大_零上,2026-05-22,6.63,34.1,96
仅周线,SZ.002078,太阳纸业,,,,MACD绿柱扩大_零上,2026-05-22,13.06,22.75,95.9
仅周线,SH.600637,东方明珠,,,,二买 / MACD绿柱扩大_零上,2026-05-29,9.73,34.1,95.8
仅周线,SZ.300416,苏试试验,,,,二买 / MACD绿柱扩大_零上,2026-05-15,16.35,34.1,95.8
仅周线,SZ.300943,春晖智控,,,,二买 / 三买 / MACD绿柱扩大_零上 / 缺口买:持续,2026-05-15,38.69,42.9,95.3
仅周线,SZ.301446,福事特,,,,二买 / MACD绿柱扩大_零上,2026-04-17,39.9,34.1,95.1
仅周线,SH.600895,张江高科,,,,背驰买 / MACD绿柱缩小_零下 / MACD绿柱扩大_零上,2026-05-22,39.65,35,95
仅周线,SZ.000006,深振业Ａ,,,,二买 / 三买 / MACD绿柱缩小_零下,2026-05-08,9.45,34.1,95
仅周线,SZ.300274,阳光电源,,,,背驰买 / MACD绿柱扩大_零上,2026-04-24,133.105,29.75,94.8
仅周线,SZ.300593,新雷能,,,,二买 / 三买 / MACD绿柱扩大_零上,2026-04-10,24.65,42.9,94.8
仅周线,SH.600909,华安证券,,,,MACD绿柱缩小_零下 / MACD绿柱扩大_零上,2026-05-15,5.71,35,94.5
仅周线,SH.601111,中国国航,,,,MACD绿柱缩小_零下 / MACD绿柱扩大_零上,2026-05-29,6.81,30,94.3
仅周线,SZ.002175,东方智造,,,,一买 / MACD绿柱缩小_零下,2026-05-29,2.65,30,94.3
仅周线,SH.600831,广电网络,,,,MACD绿柱缩小_零下 / MACD绿柱扩大_零上,2026-05-29,3.78,30,93.8
仅周线,SH.600892,*ST大晟,,,,二买 / MACD绿柱扩大_零上,2026-04-24,3.42,34.1,93.6
仅周线,SZ.300400,劲拓股份,,,,二买 / 三买,2026-04-30,24.89,42.9,93.6
仅周线,SH.600644,乐山电力,,,,二买 / MACD绿柱扩大_零上,2026-05-29,11.68,34.1,93.5
仅周线,SZ.301107,瑜欣电子,,,,MACD绿柱缩小_零下 / MACD绿柱扩大_零上,2026-05-22,20.5,30,93.4
仅周线,SZ.002199,*ST东晶,,,,背驰买 / 缺口买:持续,2026-05-15,13.88,26.25,92.9
仅周线,SZ.001269,欧晶科技,,,,一买,2026-04-10,20.24,28,92.4
仅周线,SH.601727,上海电气,,,,背驰买 / MACD绿柱缩小_零下 / MACD绿柱扩大_零上,2026-05-29,8.06,33.25,92.2
仅周线,SZ.002072,凯瑞德,,,,背驰买 / MACD绿柱扩大_零上,2026-05-15,7.34,28,92
仅周线,SZ.301319,唯特偶,,,,二买 / 三买 / MACD绿柱扩大_零上,2026-04-03,27.959,34.1,92
仅周线,SZ.002184,海得控制,,,,背驰买 / MACD绿柱缩小_零下,2026-05-15,12.22,30,91.9
仅周线,SZ.301162,国能日新,,,,二买 / 三买 / MACD绿柱扩大_零上,2026-05-15,47.393,34.1,91.8
仅周线,SZ.300283,温州宏丰,,,,二买 / 三买,2026-03-27,6.96,34.1,91.5
仅周线,SZ.300615,欣天科技,,,,二买 / MACD绿柱扩大_零上 / 形态:头肩底,2026-04-30,13.67,34.1,91.5
仅周线,SZ.002612,朗姿股份,,,,MACD绿柱缩小_零下 / MACD绿柱扩大_零上,2026-05-22,15.3,31.5,91.1
仅周线,SZ.002374,中锐股份,,,,二买 / 三买 / MACD绿柱扩大_零上,2026-04-30,3.02,34.1,91
仅周线,SH.688323,瑞华泰,,,,二买 / 三买 / MACD绿柱扩大_零上,2026-04-24,20.76,34.1,90.9
仅周线,SZ.300829,金丹科技,,,,二买 / MACD绿柱扩大_零上,2026-05-08,17.01,34.1,90.8
仅周线,SZ.301076,新瀚新材,,,,背驰买 / MACD绿柱缩小_零下 / MACD绿柱扩大_零上,2026-05-29,28.4,30,89.7
仅周线,SZ.000759,中百集团,,,,MACD绿柱缩小_零下,2026-05-29,6.11,30,89.5
仅周线,SH.600996,贵广网络,,,,二买,2026-04-30,8.15,34.1,89.4
仅周线,SZ.300304,云意电气,,,,二买 / MACD绿柱扩大_零上,2026-05-08,12.941,34.1,89.2
仅周线,SH.601666,平煤股份,,,,MACD绿柱扩大_零上,2026-04-24,8.07,28,88.7
仅周线,SZ.000859,国风新材,,,,二买 / MACD绿柱扩大_零上,2026-05-08,9.29,35,88.7
仅周线,SH.600889,南京化纤,,,,MACD绿柱缩小_零下 / MACD绿柱扩大_零上,2026-05-22,15.48,30,88.5
仅周线,SH.601156,东航物流,,,,MACD绿柱扩大_零上,2026-05-22,16.05,35,88.4
仅周线,SH.601566,九牧王,,,,三买 / MACD绿柱扩大_零上,2026-03-27,10.04,32.5,88.3
仅周线,SH.600210,紫江企业,,,,MACD绿柱缩小_零下 / MACD绿柱扩大_零上,2026-05-29,6.65,33.25,87.1
仅周线,SH.603078,江化微,,,,二买 / MACD绿柱扩大_零上,2026-04-17,23.28,34.1,87.1
仅周线,SZ.300508,维宏股份,,,,二买 / MACD绿柱扩大_零上,2026-05-08,36.9,34.1,87
仅周线,SZ.001259,利仁科技,,,,二买 / MACD绿柱扩大_零上 / 缺口买:持续,2026-05-22,79.2,42.9,86.9
仅周线,SH.688577,浙海德曼,,,,二买 / 三买 / MACD绿柱缩小_零下,2026-04-30,74.66,34.1,86.8
仅周线,SZ.002928,华夏航空,,,,MACD绿柱缩小_零下 / MACD绿柱扩大_零上,2026-05-29,7.9,35,86.4
仅周线,SH.603938,三孚股份,,,,二买 / MACD绿柱扩大_零上,2026-04-17,26.81,34.1,86
仅周线,SZ.300496,中科创达,,,,MACD绿柱缩小_零下 / MACD绿柱扩大_零上,2026-05-15,64.715,31.5,86
仅周线,SH.600906,财达证券,,,,背驰买 / MACD绿柱缩小_零下,2026-05-15,6.33,30,85.6
仅周线,SZ.000983,山西焦煤,,,,背驰买,2026-04-24,6.27,26.25,85.6
仅周线,SZ.002067,景兴纸业,,,,背驰买 / MACD绿柱缩小_零下 / MACD绿柱扩大_零上,2026-05-29,4.83,31.5,85.6
仅周线,SZ.002134,天津普林,,,,二买 / MACD绿柱扩大_零上,2026-04-10,21.15,35,85.6
仅周线,SZ.001360,南矿集团,,,,二买 / 三买 / MACD绿柱扩大_零上,2026-04-24,20.11,34.1,84.7
仅周线,SZ.300673,佩蒂股份,,,,MACD绿柱缩小_零下 / MACD绿柱扩大_零上,2026-05-15,15.7,30,84.4
仅周线,SZ.300013,新宁物流,,,,二买 / 三买,2026-03-27,3.57,42.9,84.2
仅周线,SH.600505,西昌电力,,,,背驰买 / MACD绿柱扩大_零上,2026-04-30,13.78,29.75,84.1
仅周线,SZ.300948,冠中生态,,,,二买 / MACD绿柱扩大_零上,2026-04-17,19.3,34.1,84
仅周线,SZ.002317,众生药业,,,,二买 / MACD绿柱缩小_零下 / MACD绿柱扩大_零上,2026-04-30,18.19,35,83.8
仅周线,SZ.300263,隆华科技,,,,二买 / 三买 / MACD绿柱扩大_零上,2026-04-24,10.091,34.1,83.7
仅周线,SZ.000417,合百集团,,,,MACD绿柱扩大_零上 / 缺口买:普通,2026-05-22,10.24,29.75,83.5
仅周线,SH.600999,招商证券,,,,背驰买 / MACD绿柱缩小_零下,2026-05-15,15.79,30,83.4
仅周线,SZ.301387,光大同创,,,,二买 / 三买,2026-03-27,47.65,34.1,83.4
仅周线,SH.688017,绿的谐波,,,,二买 / 三买 / MACD绿柱扩大_零上,2026-04-10,204,34.1,83.2
仅周线,SZ.300146,汤臣倍健,,,,MACD绿柱缩小_零下 / MACD绿柱扩大_零上,2026-05-15,10.17,31.5,83.2
仅周线,SH.603108,润达医疗,,,,背驰买 / MACD绿柱缩小_零下,2026-05-29,12.55,30,83
仅周线,SZ.301080,百普赛斯,,,,MACD绿柱缩小_零下,2026-05-22,42.45,25.8,82.7
仅周线,SZ.000826,启迪环境,,,,二买 / MACD绿柱扩大_零上,2026-04-30,1.77,34.1,82.6
仅周线,SZ.002138,顺络电子,,,,MACD绿柱扩大_零上,2026-04-17,35.45,29.75,82.6
仅周线,SZ.300128,锦富技术,,,,MACD绿柱缩小_零下 / MACD绿柱扩大_零上,2026-05-15,7.53,30,82.6
仅周线,SZ.002043,兔 宝 宝,,,,二买 / MACD绿柱扩大_零上,2026-05-29,13.24,34.1,82.3
仅周线,SZ.300708,聚灿光电,,,,二买 / MACD绿柱扩大_零上,2026-05-08,9.25,34.1,82.3
仅周线,SH.603828,ST柯利达,,,,二买 / MACD绿柱扩大_零上,2026-05-08,5.54,34.1,81.8
仅周线,SZ.003025,思进智能,,,,背驰买 / MACD绿柱扩大_零上,2026-04-30,12.81,28,81.8
仅周线,SZ.002947,恒铭达,,,,二买 / 三买,2026-02-06,43.327,34.1,81.5
仅周线,SZ.301313,凡拓数创,,,,二买,2026-04-10,28.05,34.1,81.5
仅周线,SZ.002370,亚太药业,,,,二买 / 三买 / MACD绿柱扩大_零上,2026-05-29,5.96,42.9,81.4
仅周线,SH.603665,康隆达,,,,二买 / MACD绿柱扩大_零上,2026-04-30,28.4,35,81.2
仅周线,SH.600552,凯盛科技,,,,二买 / MACD绿柱扩大_零上,2026-04-10,13.49,34.1,81.1
仅周线,SH.688103,国力电子,,,,MACD绿柱缩小_零下 / MACD绿柱扩大_零上,2026-05-08,59.99,30,80.7
仅周线,SZ.002886,沃特股份,,,,二买 / MACD绿柱扩大_零上,2026-04-10,21.695,34.1,80.7
仅周线,SH.600988,赤峰黄金,,,,MACD绿柱扩大_零上,2026-05-29,33.37,24.5,80.2
仅周线,SH.601058,赛轮轮胎,,,,MACD绿柱缩小_零下 / MACD绿柱扩大_零上,2026-05-29,12.63,35,79.7
仅周线,SH.688003,天准科技,,,,二买 / MACD绿柱扩大_零上,2026-04-03,61.41,34.1,79.5
仅周线,SH.600712,南宁百货,,,,二买 / MACD绿柱缩小_零下,2026-05-15,6.14,34.1,79.1
仅周线,SH.600276,恒瑞医药,,,,MACD绿柱缩小_零下,2026-04-30,53.68,30,78.8
仅周线,SH.601555,东吴证券,,,,MACD绿柱缩小_零下 / MACD绿柱扩大_零上,2026-05-29,7.84,30,78.3
仅周线,SZ.300520,科大国创,,,,MACD绿柱扩大_零上 / 缺口买:普通,2026-05-08,38.27,33.25,78.2
仅周线,SH.603816,顾家家居,,,,MACD绿柱扩大_零上,2026-05-29,29.08,28,78.1
仅周线,SH.603225,新凤鸣,,,,MACD绿柱扩大_零上,2026-05-29,16.98,28,77.7
仅周线,SH.601200,上海环境,,,,MACD绿柱扩大_零上,2026-05-22,7.72,28,76.9
仅周线,SZ.300041,回天新材,,,,MACD绿柱扩大_零上,2026-04-10,10.85,29.75,76.9
仅周线,SH.600415,小商品城,,,,背驰买 / MACD绿柱缩小_零下,2026-05-15,13.75,30,76.8
仅周线,SZ.300421,力星股份,,,,二买 / MACD绿柱扩大_零上,2026-04-10,24.57,42.9,76.8
仅周线,SZ.000995,皇台酒业,,,,二买 / MACD绿柱扩大_零上,2026-05-08,14.07,34.1,76.7
仅周线,SH.603885,吉祥航空,,,,MACD绿柱缩小_零下 / MACD绿柱扩大_零上,2026-05-29,11.9,30,76.5
仅周线,SZ.002611,东方精工,,,,二买 / 三买 / MACD绿柱扩大_零上,2026-03-27,17.66,42.9,76.4
仅周线,SH.600360,*ST华微,,,,二买,2026-03-27,8.41,34.1,76.2
仅周线,SZ.002119,康强电子,,,,二买 / MACD绿柱扩大_零上,2026-05-08,22.1,34.1,76.2
仅周线,SZ.300316,晶盛机电,,,,二买 / 三买 / MACD绿柱扩大_零上,2026-05-08,45.86,34.1,76
仅周线,SZ.300851,交大思诺,,,,二买 / MACD绿柱扩大_零上 / 形态:头肩底,2026-04-24,28.6,34.1,76
仅周线,SH.688350,富淼科技,,,,二买 / MACD绿柱扩大_零上,2026-04-30,29.237,34.1,75.8
仅周线,SZ.003019,宸展光电,,,,背驰买,2026-03-27,28.55,26.25,75.6
仅周线,SZ.301488,豪恩汽电,,,,背驰买 / MACD绿柱扩大_零上,2026-04-30,121.18,35,75.4
仅周线,SH.600935,华塑股份,,,,MACD绿柱扩大_零上,2026-05-29,2.43,29.75,75.3
仅周线,SH.601929,吉视传媒,,,,背驰买 / MACD绿柱缩小_零下 / MACD绿柱扩大_零上,2026-05-29,2.84,30,75.3
仅周线,SH.603677,奇精机械,,,,二买 / 三买,2026-04-10,14.4,34.1,75.3
仅周线,SZ.002584,西陇科学,,,,背驰买 / MACD绿柱缩小_零下,2026-05-29,7.51,30,75
仅周线,SH.601139,深圳燃气,,,,MACD绿柱扩大_零上,2026-05-29,6.48,31.5,74.4
仅周线,SZ.001319,铭科精技,,,,MACD绿柱缩小_零下 / MACD绿柱扩大_零上,2026-05-22,25.04,30,74.4
仅周线,SH.600031,三一重工,,,,MACD绿柱缩小_零下 / MACD绿柱扩大_零上,2026-05-15,20.46,31.5,74.3
仅周线,SZ.000920,沃顿科技,,,,MACD绿柱缩小_零下 / MACD绿柱扩大_零上,2026-05-29,12.85,30,74.2
仅周线,SZ.002166,莱茵生物,,,,二买 / MACD绿柱扩大_零上,2026-05-29,8.29,34.1,74.1
仅周线,SZ.002920,德赛西威,,,,MACD绿柱缩小_零下 / MACD绿柱扩大_零上,2026-05-22,110.5,30,74
仅周线,SZ.301421,波长光电,,,,二买 / 三买 / MACD绿柱扩大_零上,2026-04-03,90.88,42.9,73.9
仅周线,SZ.002162,悦心健康,,,,MACD绿柱扩大_零上,2026-05-22,4.08,31.5,73.7
仅周线,SZ.002571,德力股份,,,,MACD绿柱扩大_零上,2026-05-15,11.49,29.75,73.5
仅周线,SZ.002219,新里程,,,,二买 / MACD绿柱扩大_零上,2026-05-29,2.17,34.1,73.3
仅周线,SZ.001391,国货航,,,,MACD绿柱缩小_零下,2026-05-29,5.16,30,72.9
仅周线,SZ.300428,立中集团,,,,MACD绿柱缩小_零下 / MACD绿柱扩大_零上,2026-05-22,22.23,31.5,72.2
仅周线,SZ.002346,柘中股份,,,,二买 / MACD绿柱扩大_零上,2026-04-17,19,34.1,72.1
仅周线,SZ.002778,中晟高科,,,,二买 / MACD绿柱扩大_零上,2026-05-22,19.26,34.1,72.1
仅周线,SZ.000078,海王生物,,,,MACD绿柱扩大_零上 / 缺口买:衰竭,2026-05-15,2.11,24.5,72
仅周线,SH.688611,杭州柯林,,,,二买 / 三买 / MACD绿柱扩大_零上,2026-04-10,52.41,42.9,71.9
仅周线,SZ.002169,智光电气,,,,二买 / 三买 / MACD绿柱扩大_零上,2026-05-15,14.11,42.9,71.9
仅周线,SZ.002925,盈趣科技,,,,二买 / 三买 / MACD绿柱扩大_零上,2026-04-30,18.313,34.1,71.7
仅周线,SZ.301227,森鹰窗业,,,,MACD绿柱缩小_零下 / MACD绿柱扩大_零上,2026-05-22,35.21,30,71.7
仅周线,SH.605055,迎丰股份,,,,二买 / MACD绿柱扩大_零上,2026-03-27,7.91,34.1,71.5
仅周线,SH.601117,中国化学,,,,MACD绿柱扩大_零上,2026-05-29,7.72,33.25,71.4
仅周线,SH.600289,ST信通,,,,MACD绿柱扩大_零上,2026-05-15,6.45,28,71.2
仅周线,SZ.002674,兴业科技,,,,背驰买 / MACD绿柱扩大_零上,2026-04-10,13.04,35,71.2
仅周线,SZ.300069,金利华电,,,,背驰买,2026-03-27,16.1,21,71.2
仅周线,SZ.300701,森霸传感,,,,背驰买 / MACD绿柱缩小_零下 / MACD绿柱扩大_零上,2026-05-22,12.27,33.25,71.2
仅周线,SZ.300878,维康药业,,,,二买 / MACD绿柱扩大_零上,2026-04-30,28.58,35,71
仅周线,SZ.301111,粤万年青,,,,二买 / MACD绿柱扩大_零上 / 形态:头肩底,2026-04-30,19.9,34.1,71
仅周线,SH.601577,长沙银行,,,,MACD绿柱扩大_零上,2026-05-29,9.5,28,70.6
仅周线,SZ.000026,飞亚达,,,,三买 / MACD绿柱扩大_零上,2026-04-03,14.4,32.5,70.6
仅周线,SH.603049,中策橡胶,,,,MACD绿柱缩小_零下 / MACD绿柱扩大_零上,2026-05-29,46.5,35,70.5
仅周线,SZ.000755,山西高速,,,,MACD绿柱扩大_零上,2026-05-08,5.03,31.5,70.5
仅周线,SZ.300063,天龙集团,,,,三买 / MACD绿柱扩大_零上,2026-05-29,10.54,32.5,70.5
仅周线,SH.688671,碧兴物联,,,,二买 / MACD绿柱扩大_零上,2026-04-10,21.45,35,70.3
仅周线,SZ.000959,首钢股份,,,,MACD绿柱扩大_零上,2026-05-15,4.09,29.75,70.3
仅周线,SH.688210,统联精密,,,,三买 / MACD绿柱缩小_零下 / MACD绿柱扩大_零上,2026-05-29,47.28,32.5,70.2
仅周线,SH.600689,上海三毛,,,,MACD绿柱缩小_零下 / MACD绿柱扩大_零上,2026-05-08,13.35,33.25,70.1
仅周线,SH.601088,中国神华,,,,MACD绿柱扩大_零上,2026-05-29,46.92,28,70.1
仅周线,SZ.002146,荣盛发展,,,,一买 / MACD绿柱扩大_零上,2026-05-22,1.2,31.5,69.6
仅周线,SZ.002822,ST中装,,,,MACD绿柱扩大_零上 / 形态:头肩底,2026-04-03,2.97,29.75,69.6
仅周线,SH.600179,安通控股,,,,二买 / 三买 / MACD绿柱扩大_零上,2026-05-15,4.16,42.9,69.5
仅周线,SZ.000863,三湘印象,,,,三买 / MACD绿柱扩大_零上,2026-04-30,4.85,35,69.3
仅周线,SH.688506,百利天恒,,,,MACD绿柱缩小_零下,2026-04-24,284.04,30,69
仅周线,SH.601678,滨化股份,,,,二买 / MACD绿柱扩大_零上,2026-04-24,5.14,34.1,68.8
仅周线,SH.688610,埃科光电,,,,二买,2026-03-13,71,34.1,68.7
仅周线,SH.688733,壹石通,,,,三买 / MACD绿柱扩大_零上,2026-04-10,27.28,32.5,68.7
仅周线,SH.688100,威胜信息,,,,二买 / MACD绿柱扩大_零上,2026-04-24,37.11,34.1,68.6
仅周线,SZ.000910,大亚圣象,,,,MACD绿柱缩小_零下,2026-05-22,6.77,30,68.6
仅周线,SZ.001288,运机集团,,,,三买 / MACD绿柱扩大_零上,2026-04-17,27.98,32.5,68.6
仅周线,SZ.301039,中集车辆,,,,MACD绿柱缩小_零下 / MACD绿柱扩大_零上,2026-05-08,8.8,31.5,68.5
仅周线,SZ.002050,三花智控,,,,二买 / MACD绿柱扩大_零上,2026-04-10,44.87,35,68.3
仅周线,SH.603608,天创时尚,,,,二买,2026-04-10,9.21,42.9,68.1
仅周线,SH.688766,普冉股份,,,,二买 / 三买 / MACD绿柱扩大_零上 / 缺口买:持续,2026-05-15,404.5,42.9,68.1
仅周线,SH.688682,霍莱沃,,,,三买 / MACD绿柱扩大_零上,2026-04-10,44.12,33.25,68
仅周线,SH.601368,绿城水务,,,,MACD绿柱扩大_零上,2026-04-30,4.97,29.75,67.8
仅周线,SZ.001359,平安电工,,,,二买 / MACD绿柱扩大_零上,2026-04-10,75.85,42.9,67.8
仅周线,SZ.002057,中钢天源,,,,MACD绿柱缩小_零下 / MACD绿柱扩大_零上,2026-05-22,9.33,30,67.8
仅周线,SZ.002927,泰永长征,,,,二买 / MACD绿柱扩大_零上,2026-04-10,17.84,34.1,67.8
仅周线,SH.603269,海鸥股份,,,,二买,2026-04-03,12.8,34.1,67.7
仅周线,SH.603871,嘉友国际,,,,MACD绿柱扩大_零上,2026-05-29,11.66,24.5,67.5
仅周线,SZ.002556,辉隆股份,,,,MACD绿柱扩大_零上,2026-05-29,5.17,26.25,67.5
仅周线,SH.688381,帝奥微,,,,背驰买 / MACD绿柱扩大_零上,2026-04-03,20.69,26.25,67.3
仅周线,SZ.301235,华康洁净,,,,二买 / 缺口买:持续,2026-05-08,58.776,34.1,67.3
仅周线,SH.603767,中马传动,,,,背驰买 / MACD绿柱缩小_零下,2026-05-08,20.68,30,67.1
仅周线,SH.688425,铁建重工,,,,MACD绿柱扩大_零上,2026-04-24,4.8,31.5,67.1
仅周线,SZ.300424,航新科技,,,,二买 / MACD绿柱扩大_零上,2026-04-10,16.65,34.1,67
仅周线,SH.603059,倍加洁,,,,MACD绿柱扩大_零上,2026-05-29,27.6,22.75,66.8
仅周线,SH.603956,威派格,,,,背驰买 / MACD绿柱缩小_零下,2026-05-29,5.69,30,66.6
仅周线,SH.600459,贵研铂业,,,,MACD绿柱扩大_零上,2026-05-22,19.85,29.75,66.3
仅周线,SH.600293,三峡新材,,,,MACD绿柱扩大_零上,2026-04-30,3.16,31.5,66.2
仅周线,SZ.000021,深科技,,,,二买 / MACD绿柱扩大_零上,2026-04-17,29,34.1,66.2
仅周线,SH.600222,太龙药业,,,,二买 / MACD绿柱扩大_零上,2026-05-08,6.65,34.1,66
仅周线,SZ.002301,齐心集团,,,,二买 / MACD绿柱扩大_零上 / 形态:头肩底,2026-04-17,6.78,34.1,66
仅周线,SZ.002303,美盈森,,,,二买 / MACD绿柱缩小_零下,2026-05-29,3.29,34.1,66
仅周线,SH.600592,龙溪股份,,,,MACD绿柱缩小_零下 / MACD绿柱扩大_零上,2026-05-29,20.17,30,65.8
仅周线,SH.603159,上海亚虹,,,,二买 / MACD绿柱扩大_零上,2026-05-08,25.52,34.1,65.8
仅周线,SZ.300838,浙江力诺,,,,二买 / MACD绿柱扩大_零上,2026-04-10,15.24,34.1,65.7
仅周线,SH.688322,奥比中光,,,,MACD绿柱扩大_零上,2026-04-10,80.68,33.25,65.4
仅周线,SZ.301078,孩子王,,,,背驰买 / MACD绿柱缩小_零下,2026-05-15,8.455,30,65.4
仅周线,SZ.300486,东杰智能,,,,MACD绿柱扩大_零上,2026-05-22,23.1,35,65.2
仅周线,SH.603577,汇金通,,,,二买 / MACD绿柱扩大_零上,2026-05-29,10.4,34.1,65.1
仅周线,SZ.000632,三木集团,,,,二买 / MACD绿柱扩大_零上,2026-05-08,3.43,34.1,64.9
仅周线,SZ.002481,双塔食品,,,,MACD绿柱缩小_零下,2026-05-15,4.33,30,64.8
仅周线,SH.605399,晨光新材,,,,二买 / MACD绿柱扩大_零上,2026-05-08,14.3,34.1,64.7
仅周线,SZ.300855,图南股份,,,,MACD绿柱扩大_零上,2026-05-29,36.86,28,64.2
仅周线,SH.600020,中原高速,,,,一买,2026-04-10,3.7,28,64.1
仅周线,SH.601808,中海油服,,,,MACD绿柱扩大_零上,2026-05-29,13.03,28,64.1
仅周线,SZ.002321,华英农业,,,,MACD绿柱缩小_零下,2026-05-15,2.03,30,63.8
仅周线,SZ.300329,海伦钢琴,,,,MACD绿柱扩大_零上,2026-05-29,13.28,29.75,63.8
仅周线,SH.605566,福莱蒽特,,,,MACD绿柱扩大_零上,2026-04-03,28.85,35,63.6
仅周线,SZ.300889,爱克股份,,,,MACD绿柱扩大_零上,2026-05-29,22.9,35,63.6
仅周线,SZ.002885,京泉华,,,,二买 / 三买 / MACD绿柱扩大_零上,2026-04-17,26.64,42.9,63.5
仅周线,SZ.300735,光弘科技,,,,一买 / 背驰买,2026-03-27,20.3,28,63.5
仅周线,SZ.002129,TCL中环,,,,MACD绿柱扩大_零上,2026-04-30,8.66,29.75,63.3
仅周线,SH.600577,精达股份,,,,二买 / 三买 / MACD绿柱扩大_零上,2026-04-17,13.19,42.9,63
仅周线,SZ.300904,威力传动,,,,二买 / MACD绿柱缩小_零下 / 形态:头肩底,2026-05-15,60.8,34.1,63
仅周线,SZ.300793,佳禾智能,,,,MACD绿柱缩小_零下,2026-05-22,14.71,30,62.8
仅周线,SH.688603,天承科技,,,,二买 / MACD绿柱扩大_零上,2026-04-03,75.7,34.1,62.7
仅周线,SH.688798,艾为电子,,,,背驰买 / MACD绿柱缩小_零下,2026-05-15,72.57,30,62.7
仅周线,SZ.000935,四川双马,,,,二买 / MACD绿柱扩大_零上,2026-04-10,26.47,42.9,62.7
仅周线,SH.688489,三未信安,,,,MACD绿柱缩小_零下,2026-05-15,28.415,30,62.6
仅周线,SZ.300100,双林股份,,,,背驰买 / MACD绿柱缩小_零下,2026-05-08,31.32,30,62.4
仅周线,SH.601211,国泰海通,,,,MACD绿柱扩大_零上,2026-03-27,16.8,29.75,62.3
仅周线,SZ.301337,亚华电子,,,,MACD绿柱缩小_零下 / MACD绿柱扩大_零上,2026-05-22,27.88,30,61.9
仅周线,SH.603667,五洲新春,,,,二买 / 三买 / MACD绿柱扩大_零上,2026-04-30,66.38,42.9,61.6
仅周线,SH.603690,至纯科技,,,,MACD绿柱缩小_零下 / MACD绿柱扩大_零上,2026-05-15,28.57,30,61.6
仅周线,SZ.002227,奥 特 迅,,,,MACD绿柱缩小_零下,2026-05-29,8.41,30,61.6
仅周线,SZ.300260,新莱应材,,,,二买 / 三买 / MACD绿柱扩大_零上,2026-04-10,48.98,34.1,61.5
仅周线,SH.605339,南侨食品,,,,二买 / MACD绿柱缩小_零下 / MACD绿柱扩大_零上,2026-05-22,16.96,34.1,61.4
仅周线,SH.601921,浙版传媒,,,,一买 / MACD绿柱扩大_零上,2026-05-29,7.16,28,61.3
仅周线,SH.605128,上海沿浦,,,,背驰买 / MACD绿柱缩小_零下 / MACD绿柱扩大_零上,2026-05-22,35.69,30,61.3
仅周线,SH.688260,昀冢科技,,,,三买 / MACD绿柱扩大_零上 / 缺口买:持续,2026-05-29,89.49,32.5,61.3
仅周线,SH.688698,伟创电气,,,,MACD绿柱缩小_零下 / MACD绿柱扩大_零上,2026-05-22,85.4,31.5,61.2
仅周线,SZ.002208,合肥城建,,,,二买 / MACD绿柱扩大_零上,2026-04-17,12.71,34.1,61.2
仅周线,SH.600585,海螺水泥,,,,MACD绿柱扩大_零上,2026-04-30,21.13,26.25,61.1
仅周线,SZ.002758,浙农股份,,,,MACD绿柱扩大_零上,2026-05-22,8.55,29.75,61.1
仅周线,SH.600307,酒钢宏兴,,,,MACD绿柱扩大_零上,2026-05-29,1.6,29.75,60.9
仅周线,SH.605488,福莱新材,,,,二买 / MACD绿柱扩大_零上,2026-04-10,33.71,34.1,60.9
仅周线,SH.688779,五矿新能,,,,MACD绿柱扩大_零上,2026-05-29,8.85,26.25,60.9
仅周线,SZ.000498,山东路桥,,,,一买 / MACD绿柱扩大_零上,2026-05-29,5.13,28,60.9
仅周线,SZ.000778,新兴铸管,,,,MACD绿柱扩大_零上,2026-05-29,4.49,29.75,60.9
仅周线,SZ.002234,民和股份,,,,一买 / MACD绿柱扩大_零上,2026-05-29,7.28,29.75,60.6
仅周线,SH.603097,江苏华辰,,,,二买 / 三买 / MACD绿柱扩大_零上,2026-05-22,29.82,35,60.5
仅周线,SZ.002012,凯恩股份,,,,二买 / 三买,2026-04-03,6.139,34.1,60.5
仅周线,SH.688708,佳驰科技,,,,MACD绿柱缩小_零下,2026-05-29,50.15,30,60.4
仅周线,SZ.300567,精测电子,,,,二买 / 三买 / MACD绿柱扩大_零上,2026-04-24,131.8,42.9,60.3
仅周线,SH.600819,耀皮玻璃,,,,MACD绿柱缩小_零下 / MACD绿柱扩大_零上,2026-05-29,6.78,31.5,60.2
仅周线,SH.603069,海汽集团,,,,MACD绿柱缩小_零下,2026-05-29,16.16,30,60.1
仅周线,SZ.002465,海格通信,,,,二买 / 三买 / MACD绿柱扩大_零上,2026-04-17,15.631,34.1,59.7
仅周线,SZ.301369,联动科技,,,,三买,2026-02-06,78.931,40,59.6
仅周线,SH.603115,海星股份,,,,背驰买,2025-12-19,17.56,26.25,59.5
仅周线,SZ.000032,深桑达Ａ,,,,背驰买 / MACD绿柱缩小_零下,2026-05-15,18.39,30,59.2
仅周线,SZ.300044,ST赛为,,,,MACD绿柱扩大_零上,2026-05-29,5.77,26.25,59
仅周线,SZ.301609,山大电力,,,,MACD绿柱扩大_零上,2026-05-08,47.03,28,59
仅周线,SZ.002851,麦格米特,,,,二买 / 三买 / MACD绿柱扩大_零上,2026-04-24,104.54,34.1,58.9
仅周线,SH.688329,艾隆科技,,,,MACD绿柱扩大_零上,2026-04-30,24.07,31.5,58.8
仅周线,SZ.300907,康平科技,,,,背驰买 / MACD绿柱缩小_零下,2026-04-30,30.6,30,58.8
仅周线,SH.601326,秦港股份,,,,MACD绿柱扩大_零上,2026-05-29,3.32,33.25,58.6
仅周线,SH.688222,成都先导,,,,二买 / MACD绿柱扩大_零上,2026-04-03,26.15,34.1,58.6
仅周线,SZ.003028,振邦智能,,,,MACD绿柱缩小_零下,2026-05-15,28.88,30,58.6
仅周线,SH.688292,浩瀚深度,,,,二买 / MACD绿柱缩小_零下 / MACD绿柱扩大_零上,2026-05-29,23,34.1,58.5
仅周线,SZ.000672,上峰水泥,,,,二买 / 三买 / MACD绿柱扩大_零上,2026-04-10,12.918,34.1,58.5
仅周线,SZ.300637,扬帆新材,,,,背驰买 / MACD绿柱缩小_零下 / MACD绿柱扩大_零上,2026-05-22,11.39,30,58.5
仅周线,SH.600336,澳柯玛,,,,二买 / MACD绿柱扩大_零上,2026-04-10,7.16,34.1,58.4
仅周线,SH.600426,华鲁恒升,,,,MACD绿柱扩大_零上,2026-05-29,29.43,26.25,58.4
仅周线,SH.688249,晶合集成,,,,MACD绿柱扩大_零上,2026-04-10,30.15,35,58.3
仅周线,SZ.300758,七彩化学,,,,MACD绿柱缩小_零下 / MACD绿柱扩大_零上,2026-05-22,14.675,30,58.3
仅周线,SH.688131,皓元医药,,,,三买,2026-03-13,59.68,32.5,58.2
仅周线,SZ.300930,屹通新材,,,,一买 / MACD绿柱扩大_零上,2026-04-10,29.61,28,58.1
仅周线,SH.688306,均普智能,,,,背驰买 / MACD绿柱缩小_零下,2026-05-08,10.09,30,57.9
仅周线,SZ.301045,天禄科技,,,,二买,2026-04-10,37.04,42.9,57.9
仅周线,SH.600621,华鑫股份,,,,MACD绿柱缩小_零下 / MACD绿柱扩大_零上,2026-05-22,13.67,30,57.7
仅周线,SZ.002634,棒杰股份,,,,MACD绿柱扩大_零上,2026-05-29,4.56,26.25,57.5
仅周线,SZ.001379,腾达科技,,,,MACD绿柱缩小_零下 / MACD绿柱扩大_零上,2026-05-22,21.59,31.5,57.3
仅周线,SH.600340,华夏幸福,,,,MACD绿柱缩小_零下,2026-05-29,1.28,30,56.4
仅周线,SZ.300680,隆盛科技,,,,MACD绿柱缩小_零下 / MACD绿柱扩大_零上,2026-05-22,43.7,30,56.4
仅周线,SH.603081,大丰实业,,,,MACD绿柱缩小_零下 / MACD绿柱扩大_零上,2026-05-15,12.89,33.25,56.3
仅周线,SZ.300922,天秦装备,,,,MACD绿柱缩小_零下,2026-05-22,21.3,30,56.3
仅周线,SH.600246,万通发展,,,,MACD绿柱扩大_零上,2026-04-10,9.33,28,56.2
仅周线,SZ.300814,中富电路,,,,二买,2026-03-27,78,34.1,56.1
仅周线,SH.600667,太极实业,,,,MACD绿柱扩大_零上,2026-04-30,9.59,29.75,56
仅周线,SH.603160,汇顶科技,,,,MACD绿柱缩小_零下,2026-05-22,64.6,30,55.9
仅周线,SZ.002829,星网宇达,,,,MACD绿柱缩小_零下 / MACD绿柱扩大_零上,2026-05-29,24.85,30,55.9
仅周线,SH.603058,永吉股份,,,,MACD绿柱扩大_零上,2026-05-29,9.93,26.25,55.8
仅周线,SZ.301048,金鹰重工,,,,一买 / MACD绿柱缩小_零下,2026-05-15,10.86,30,55.8
仅周线,SZ.002860,星帅尔,,,,三买 / MACD绿柱扩大_零上,2026-04-10,12.122,35,55.6
仅周线,SH.600303,曙光股份,,,,二买,2026-03-27,2.89,34.1,55.5
仅周线,SH.600478,科力远,,,,MACD绿柱扩大_零上,2026-05-29,5.9,26.25,55.4
仅周线,SH.603725,天安新材,,,,背驰买 / MACD绿柱扩大_零上,2026-04-10,8.94,26.25,55.4
仅周线,SH.600529,山东药玻,,,,一买,2026-05-22,17.3,28,55.1
仅周线,SZ.003011,海象新材,,,,二买 / MACD绿柱扩大_零上,2026-04-24,23.63,34.1,55
仅周线,SZ.002318,久立特材,,,,MACD绿柱扩大_零上,2026-05-29,23.41,24.5,54.8
仅周线,SZ.002048,宁波华翔,,,,背驰买 / MACD绿柱扩大_零上,2026-04-10,27.013,35,54.7
仅周线,SZ.002532,天山铝业,,,,MACD绿柱扩大_零上,2026-05-22,15.82,31.5,54.6
仅周线,SZ.301041,金百泽,,,,背驰买 / MACD绿柱扩大_零上,2026-04-10,27.21,31.5,54.6
仅周线,SH.601021,春秋航空,,,,MACD绿柱缩小_零下,2026-05-29,49,30,54.4
仅周线,SZ.300503,昊志机电,,,,二买 / MACD绿柱扩大_零上,2026-04-03,52.96,42.9,54.2
仅周线,SH.601015,陕西黑猫,,,,MACD绿柱扩大_零上,2026-05-29,3.6,31.5,53.9
仅周线,SZ.002839,张家港行,,,,MACD绿柱扩大_零上,2026-05-29,4.24,31.5,53.9
仅周线,SZ.300269,联建光电,,,,MACD绿柱扩大_零上,2026-05-29,5.24,31.5,53.9
仅周线,SZ.300335,迪森股份,,,,MACD绿柱扩大_零上,2026-05-29,6.25,31.5,53.9
仅周线,SH.688238,和元生物,,,,一买 / MACD绿柱扩大_零上,2026-05-29,5.78,31.5,53.7
仅周线,SH.688507,索辰科技,,,,MACD绿柱扩大_零上,2026-04-10,85.36,28,53.6
仅周线,SH.688531,日联科技,,,,二买 / MACD绿柱扩大_零上,2026-04-10,73.04,34.1,53.6
仅周线,SZ.002312,川发龙蟒,,,,MACD绿柱扩大_零上,2026-05-15,10.32,28,53.5
仅周线,SH.688083,中望软件,,,,MACD绿柱缩小_零下,2026-05-15,57.03,30,53.4
仅周线,SZ.002372,伟星新材,,,,MACD绿柱扩大_零上,2026-05-22,9.87,28,53.4
仅周线,SH.600665,天地源,,,,MACD绿柱扩大_零上,2026-04-17,3.23,29.75,53.2
仅周线,SH.600350,山东高速,,,,二买,2026-03-13,9.38,34.1,53.1
仅周线,SZ.000532,华金资本,,,,一买,2026-05-22,11.79,28,53
仅周线,SZ.002171,楚江新材,,,,MACD绿柱扩大_零上,2026-04-10,11.32,33.25,52.9
仅周线,SH.603386,骏亚科技,,,,MACD绿柱扩大_零上,2026-04-10,13.95,33.25,52.8
仅周线,SH.600125,铁龙物流,,,,MACD绿柱扩大_零上,2026-05-22,5.86,33.25,52.6
仅周线,SZ.000603,盛达资源,,,,MACD绿柱扩大_零上,2026-05-15,35.02,31.5,52.4
仅周线,SZ.000893,亚钾国际,,,,MACD绿柱扩大_零上,2026-05-29,44.3,28,52.4
仅周线,SZ.000595,*ST宝实,,,,二买 / 三买,2026-03-27,5.79,42.9,52.3
仅周线,SZ.002547,春兴精工,,,,MACD绿柱缩小_零下,2026-05-22,3.35,30,52.3
仅周线,SZ.300225,*ST金泰,,,,二买,2026-04-17,4.85,34.1,52.3
仅周线,SH.688403,汇成股份,,,,二买 / MACD绿柱扩大_零上,2026-04-10,16.25,34.1,52.2
仅周线,SH.688009,中国通号,,,,MACD绿柱扩大_零上,2026-05-15,4.95,29.75,52
仅周线,SH.600977,中国电影,,,,MACD绿柱缩小_零下 / MACD绿柱扩大_零上,2026-05-29,14.48,30,51.9
仅周线,SZ.300328,宜安科技,,,,二买 / 三买 / MACD绿柱扩大_零上,2026-04-24,16.35,42.9,51.7
仅周线,SH.605588,冠石科技,,,,二买 / MACD绿柱扩大_零上,2026-04-10,55.44,34.1,51.5
仅周线,SH.600630,龙头股份,,,,MACD绿柱缩小_零下,2026-05-29,7.71,30,51.3
仅周线,SZ.300306,远方信息,,,,MACD绿柱缩小_零下 / MACD绿柱扩大_零上,2026-05-22,12.24,31.5,51.3
仅周线,SH.600699,均胜电子,,,,背驰买 / MACD绿柱扩大_零上,2026-04-03,25.74,35,51.2
仅周线,SH.603993,洛阳钼业,,,,二买 / MACD绿柱扩大_零上,2026-04-10,18.674,34.1,51.2
仅周线,SH.603326,我乐家居,,,,MACD绿柱扩大_零上,2026-04-24,8.49,31.5,51.1
仅周线,SZ.301321,翰博高新,,,,二买 / MACD绿柱扩大_零上,2026-04-10,19.98,34.1,51
仅周线,SH.688386,泛亚微透,,,,二买 / MACD绿柱扩大_零上,2026-04-10,80.45,34.1,50.9
仅周线,SZ.001255,博菲电气,,,,MACD绿柱扩大_零上,2026-05-29,31.29,29.75,50.9
仅周线,SZ.002592,ST八菱,,,,MACD绿柱扩大_零上,2026-05-29,6.98,29.75,50.9
仅周线,SZ.300074,华平股份,,,,MACD绿柱缩小_零下,2026-05-29,4.09,30,50.9
仅周线,SZ.002816,*ST和科,,,,二买 / MACD绿柱扩大_零上,2026-04-10,23.46,34.1,50.8
仅周线,SH.600715,文投控股,,,,MACD绿柱缩小_零下,2026-05-15,2,30,50.7
仅周线,SZ.300995,奇德新材,,,,背驰买 / MACD绿柱缩小_零下,2026-05-08,36.59,30,50.7
仅周线,SZ.301558,三态股份,,,,MACD绿柱缩小_零下,2026-05-15,8.06,30,50.7
仅周线,SH.688768,容知日新,,,,MACD绿柱扩大_零上,2026-04-17,47.28,29.75,50.6
仅周线,SZ.000159,国际实业,,,,MACD绿柱扩大_零上,2026-04-24,6.69,29.75,50.5
仅周线,SH.603080,新疆火炬,,,,MACD绿柱扩大_零上,2026-04-17,20.72,29.75,50.3
仅周线,SH.688372,伟测科技,,,,二买 / 三买,2025-11-21,83.52,42.9,50.3
仅周线,SH.688500,慧辰股份,,,,MACD绿柱缩小_零下,2026-05-15,58.82,30,50.3
仅周线,SH.688786,悦安新材,,,,二买,2026-03-27,28.52,34.1,50.3
仅周线,SZ.300976,达瑞电子,,,,背驰买 / MACD绿柱扩大_零上,2026-04-10,41.112,33.25,50.3
仅周线,SH.600380,健康元,,,,MACD绿柱缩小_零下,2026-04-30,10.93,30,50.2
仅周线,SZ.300678,中科信息,,,,背驰买 / MACD绿柱缩小_零下,2026-05-15,28.56,30,50.2
仅周线,SH.600127,金健米业,,,,MACD绿柱扩大_零上,2026-05-22,6.29,22.75,50.1
仅周线,SH.601599,浙文影业,,,,MACD绿柱扩大_零上,2026-04-24,3.76,31.5,50.1
仅周线,SH.688011,新光光电,,,,MACD绿柱扩大_零上,2026-05-29,57.8,29.75,50
仅周线,SZ.002801,微光股份,,,,MACD绿柱缩小_零下 / MACD绿柱扩大_零上,2026-05-29,31.35,30,49.9
仅周线,SZ.301367,瑞迈特,,,,MACD绿柱缩小_零下,2026-05-29,44.79,30,49.9
仅周线,SZ.300242,佳云科技,,,,二买 / MACD绿柱扩大_零上,2026-04-10,4.86,34.1,49.8
仅周线,SZ.002255,海陆重工,,,,二买 / MACD绿柱扩大_零上,2026-05-29,9.75,34.1,49.5
仅周线,SH.600963,岳阳林纸,,,,MACD绿柱扩大_零上,2026-05-29,4.06,29.75,49.4
仅周线,SZ.300815,玉禾田,,,,背驰买 / MACD绿柱缩小_零下 / MACD绿柱扩大_零上,2026-05-22,22.21,30,49.3
仅周线,SZ.000561,烽火电子,,,,MACD绿柱缩小_零下 / MACD绿柱扩大_零上,2026-05-22,8.95,35,49.2
仅周线,SH.605255,天普股份,,,,MACD绿柱扩大_零上,2026-04-10,105.31,31.5,49.1
仅周线,SH.601880,辽港股份,,,,MACD绿柱扩大_零上,2026-05-29,1.61,28,48.9
仅周线,SZ.300997,欢乐家,,,,MACD绿柱扩大_零上,2026-04-10,19.679,35,48.8
仅周线,SZ.300310,宜通世纪,,,,二买 / MACD绿柱扩大_零上,2026-04-30,5.61,34.1,48.6
仅周线,SZ.000997,新 大 陆,,,,MACD绿柱缩小_零下,2026-05-15,22.45,27.9,48.4
仅周线,SZ.301348,蓝箭电子,,,,二买 / 三买 / MACD绿柱扩大_零上,2026-04-24,23.83,34.1,48.4
仅周线,SZ.002815,崇达技术,,,,二买 / 三买,2026-03-27,13.22,34.1,48.3
仅周线,SZ.300140,节能环境,,,,MACD绿柱扩大_零上,2026-05-29,6.01,22.75,48.2
仅周线,SH.688182,灿勤科技,,,,二买 / MACD绿柱扩大_零上,2026-04-10,28.16,34.1,48.1
仅周线,SH.600611,大众交通,,,,一买,2026-05-22,4.32,28,48
仅周线,SH.601186,中国铁建,,,,一买,2026-05-29,6.2,28,47.9
仅周线,SH.688170,德龙激光,,,,三买,2026-03-27,45.82,32.5,47.9
仅周线,SZ.000088,盐 田 港,,,,MACD绿柱扩大_零上,2026-05-29,4.47,28,47.9
仅周线,SZ.301047,义翘神州,,,,MACD绿柱扩大_零上,2026-05-29,63.25,28,47.9
仅周线,SH.600408,安泰集团,,,,MACD绿柱扩大_零上,2026-04-24,3.14,24.5,47.8
仅周线,SZ.300623,捷捷微电,,,,二买,2026-04-03,26.38,34.1,47.8
仅周线,SZ.002800,天顺股份,,,,MACD绿柱扩大_零上,2026-05-29,17.47,28,47.7
仅周线,SZ.300820,英杰电气,,,,MACD绿柱扩大_零上,2026-04-10,46.33,26.25,47.5
仅周线,SH.603090,宏盛股份,,,,二买 / MACD绿柱扩大_零上,2026-05-15,65.21,34.1,47.4
仅周线,SH.603859,能科科技,,,,MACD绿柱缩小_零下 / MACD绿柱扩大_零上,2026-05-15,41.2,30,47.4
仅周线,SH.688190,云路股份,,,,MACD绿柱扩大_零上,2026-04-17,89.45,26.25,47.4
仅周线,SZ.002105,信隆健康,,,,MACD绿柱缩小_零下,2026-05-22,6.46,30,47.4
仅周线,SH.600606,绿地控股,,,,背驰买,2026-04-30,1.27,21,47.3
仅周线,SZ.002024,ST易购,,,,MACD绿柱缩小_零下,2026-05-15,1.25,28.5,47.3
仅周线,SH.688085,三友医疗,,,,MACD绿柱扩大_零上,2026-04-30,17.69,33.25,47.2
仅周线,SZ.300151,昌红科技,,,,二买 / 三买,2026-03-27,14.53,34.1,46.8
仅周线,SZ.000166,申万宏源,,,,二买 / MACD绿柱缩小_零下,2026-05-15,4.54,34.1,46.7
仅周线,SZ.002277,友阿股份,,,,MACD绿柱缩小_零下 / MACD绿柱扩大_零上,2026-05-22,6.81,30,46.7
仅周线,SZ.300217,东方电热,,,,二买 / MACD绿柱扩大_零上,2026-05-08,5.32,34.1,46.6
仅周线,SH.600085,同仁堂,,,,MACD绿柱缩小_零下,2026-05-15,27.3,30,46.4
仅周线,SH.600479,千金药业,,,,MACD绿柱扩大_零上,2026-04-24,10.61,28,46.4
仅周线,SH.603102,百合股份,,,,MACD绿柱扩大_零上,2026-04-17,39.96,33.25,46.4
仅周线,SH.603306,华懋科技,,,,二买,2025-11-28,44.68,42.9,46.4
仅周线,SZ.300625,三雄极光,,,,MACD绿柱缩小_零下 / MACD绿柱扩大_零上,2026-05-22,12.1,30,46.4
仅周线,SZ.301328,维峰电子,,,,二买,2026-03-27,30.262,34.1,46
仅周线,SH.688033,天宜新材,,,,MACD绿柱扩大_零上 / 缺口买:普通,2026-05-15,8.58,31.5,45.9
仅周线,SZ.300353,东土科技,,,,MACD绿柱扩大_零上,2026-04-10,19.56,28,45.9
仅周线,SZ.300969,恒帅股份,,,,二买 / MACD绿柱扩大_零上,2026-04-30,87.179,35,45.8
仅周线,SZ.300602,飞荣达,,,,二买 / MACD绿柱扩大_零上,2026-04-10,32.82,34.1,45.5
仅周线,SZ.301333,诺思格,,,,MACD绿柱扩大_零上,2026-05-29,50.74,28,45.5
仅周线,SZ.000016,深康佳Ａ,,,,MACD绿柱缩小_零下,2026-05-15,3.19,30,45.4
仅周线,SZ.000850,华茂股份,,,,MACD绿柱扩大_零上,2026-05-15,4.31,24.5,45.2
仅周线,SZ.003021,兆威机电,,,,背驰买 / MACD绿柱缩小_零下,2026-05-22,111.68,30,45.2
仅周线,SZ.000428,华天酒店,,,,MACD绿柱扩大_零上,2026-05-29,3.59,29.75,45.1
仅周线,SZ.300695,兆丰股份,,,,二买 / 三买,2026-03-27,63.62,34.1,45.1
仅周线,SZ.300751,迈为股份,,,,三买 / MACD绿柱扩大_零上,2026-04-30,238.381,32.5,45.1
仅周线,SH.600626,申达股份,,,,MACD绿柱缩小_零下 / MACD绿柱扩大_零上,2026-05-29,3.68,35,44.9
仅周线,SH.603976,正川股份,,,,一买 / MACD绿柱扩大_零上,2026-04-03,19.56,29.75,44.9
仅周线,SZ.300061,旗天科技,,,,背驰买,2026-04-03,7.5,21,44.9
仅周线,SH.688439,振华风光,,,,MACD绿柱缩小_零下,2026-05-29,50.78,30,44.8
仅周线,SH.688550,瑞联新材,,,,MACD绿柱缩小_零下 / MACD绿柱扩大_零上,2026-05-15,46.29,35,44.8
仅周线,SH.600569,安阳钢铁,,,,MACD绿柱扩大_零上,2026-05-08,2.11,33.25,44.6
仅周线,SH.603786,科博达,,,,背驰买 / MACD绿柱缩小_零下,2026-05-22,57.22,30,44.6
仅周线,SH.688093,世华科技,,,,MACD绿柱缩小_零下 / MACD绿柱扩大_零上,2026-05-29,31.45,33.25,44.5
仅周线,SZ.000419,通程控股,,,,MACD绿柱扩大_零上,2026-04-10,5.89,35,44.4
仅周线,SZ.001222,源飞宠物,,,,MACD绿柱缩小_零下 / MACD绿柱扩大_零上,2026-05-15,17.83,35,44.4
仅周线,SZ.002004,华邦健康,,,,MACD绿柱扩大_零上,2026-05-29,4.53,35,44.4
仅周线,SZ.002337,赛象科技,,,,MACD绿柱扩大_零上,2026-05-22,5.71,28,44.2
仅周线,SH.600282,南钢股份,,,,MACD绿柱扩大_零上,2026-05-29,4.92,26.25,44.1
仅周线,SH.601198,东兴证券,,,,MACD绿柱扩大_零上,2026-04-10,12.81,31.5,44.1
仅周线,SZ.000726,鲁  泰Ａ,,,,MACD绿柱扩大_零上,2026-05-15,6.28,28,44
仅周线,SZ.000838,财信发展,,,,MACD绿柱缩小_零下 / 形态:头肩底,2026-05-29,1.89,30,43.9
仅周线,SZ.002079,苏州固锝,,,,MACD绿柱扩大_零上,2026-04-10,9.63,28,43.9
仅周线,SZ.000661,长春高新,,,,MACD绿柱缩小_零下,2026-05-15,84.15,30,43.7
仅周线,SZ.002387,维信诺,,,,MACD绿柱缩小_零下,2026-05-15,7.99,30,43.7
仅周线,SH.600420,国药现代,,,,一买,2026-05-29,8.93,28,43.5
仅周线,SH.688119,中钢洛耐,,,,二买 / MACD绿柱扩大_零上,2026-04-17,5.22,34.1,43.5
仅周线,SH.600295,鄂尔多斯,,,,MACD绿柱扩大_零上,2026-05-29,13.52,28,43.3
仅周线,SH.603568,伟明环保,,,,MACD绿柱扩大_零上,2026-05-29,15.07,31.5,43
仅周线,SH.603668,天马科技,,,,MACD绿柱缩小_零下 / MACD绿柱扩大_零上,2026-05-15,12.85,31.5,42.8
仅周线,SZ.301581,黄山谷捷,,,,背驰买,2026-04-10,43.2,26.25,42.6
仅周线,SH.600908,无锡银行,,,,MACD绿柱扩大_零上,2026-04-03,5.66,28,42.3
仅周线,SH.600628,新世界,,,,MACD绿柱扩大_零上,2026-04-17,7.15,29.75,42.1
仅周线,SH.601177,杭齿前进,,,,背驰买,2026-04-10,13.78,26.25,42.1
仅周线,SH.600513,联环药业,,,,MACD绿柱扩大_零上,2026-05-29,17.58,28,41.7
仅周线,SH.600120,浙江东方,,,,MACD绿柱扩大_零上,2026-04-10,5.68,28,41.4
仅周线,SZ.002923,润都股份,,,,MACD绿柱扩大_零上,2026-05-22,11.73,22.75,41.4
仅周线,SZ.301188,力诺药包,,,,背驰买,2026-03-27,15.07,26.25,41.4
仅周线,SH.688196,卓越新能,,,,MACD绿柱扩大_零上,2026-05-29,41.93,29.75,41.3
仅周线,SZ.002664,信质集团,,,,背驰买 / MACD绿柱缩小_零下,2026-05-15,23.26,30,41.3
仅周线,SH.688567,孚能科技,,,,二买 / MACD绿柱缩小_零下,2026-05-15,13.33,34.1,41.2
仅周线,SZ.301322,绿通科技,,,,二买,2025-12-19,25.93,34.1,41
仅周线,SH.603391,力聚热能,,,,MACD绿柱扩大_零上,2026-05-08,65.42,35,40.9
仅周线,SZ.002471,中超控股,,,,MACD绿柱扩大_零上,2026-05-29,6.98,29.75,40.9
仅周线,SZ.300518,新迅达,,,,二买 / 三买 / MACD绿柱扩大_零上,2026-04-10,19.76,42.9,40.9
仅周线,SH.600022,山东钢铁,,,,MACD绿柱扩大_零上,2026-05-15,1.38,28,40.8
仅周线,SH.688676,金盘科技,,,,三买 / MACD绿柱扩大_零上,2026-04-10,69.901,32.5,40.8
仅周线,SH.600308,华泰股份,,,,MACD绿柱扩大_零上,2026-05-29,3.5,24.5,40.6
仅周线,SH.601990,南京证券,,,,MACD绿柱缩小_零下,2026-05-15,7.11,30,40.6
仅周线,SZ.002677,浙江美大,,,,MACD绿柱扩大_零上,2026-05-29,7.05,24.5,40.6
仅周线,SZ.300659,中孚信息,,,,MACD绿柱缩小_零下 / MACD绿柱扩大_零上,2026-05-22,12.26,30,40.6
仅周线,SH.600051,宁波联合,,,,背驰买 / MACD绿柱扩大_零上,2026-05-29,6.68,26.25,40.5
仅周线,SH.600808,马钢股份,,,,MACD绿柱扩大_零上,2026-05-15,3.46,26.25,40.5
仅周线,SZ.300484,蓝海华腾,,,,背驰买 / MACD绿柱缩小_零下,2026-05-15,17.8,30,40.5
仅周线,SH.600512,腾达建设,,,,MACD绿柱扩大_零上,2026-04-10,2.46,28,40.4
仅周线,SH.600446,金证股份,,,,MACD绿柱缩小_零下,2026-05-08,13.77,30,40.3
仅周线,SH.688160,步科股份,,,,二买 / MACD绿柱扩大_零上,2026-04-10,106.51,34.1,40.3
仅周线,SZ.300611,美力科技,,,,背驰买 / MACD绿柱扩大_零上,2026-05-08,25.74,28,40.3
仅周线,SH.600226,亨通股份,,,,二买 / MACD绿柱扩大_零上,2026-04-10,5.17,34.1,39.9
仅周线,SH.688297,中无人机,,,,MACD绿柱扩大_零上,2026-05-15,44.711,28,39.9
仅周线,SZ.300652,雷迪克,,,,MACD绿柱缩小_零下,2026-05-08,47.02,30,39.8
仅周线,SZ.301325,曼恩斯特,,,,MACD绿柱缩小_零下,2026-05-22,46.86,30,39.8
仅周线,SZ.000157,中联重科,,,,MACD绿柱扩大_零上,2026-05-29,7.21,31.5,39.7
仅周线,SZ.300212,易华录,,,,MACD绿柱缩小_零下 / 缺口买:普通,2026-05-22,7.71,23.1,39.6
仅周线,SZ.002554,惠博普,,,,MACD绿柱扩大_零上,2026-05-22,3.25,28,39.5
仅周线,SZ.300305,裕兴股份,,,,MACD绿柱扩大_零上,2026-04-17,6.31,28,39.5
仅周线,SZ.301331,恩威医药,,,,背驰买,2026-03-27,23.427,26.25,39.5
仅周线,SZ.002845,同兴达,,,,MACD绿柱扩大_零上,2026-04-17,14.22,28,39.1
仅周线,SH.600615,鑫源智造,,,,背驰买 / MACD绿柱扩大_零上,2026-04-10,11.66,28,38.9
仅周线,SH.603373,安邦护卫,,,,二买,2026-04-24,37.6,34.1,38.9
仅周线,SZ.002625,光启技术,,,,MACD绿柱缩小_零下 / MACD绿柱扩大_零上,2026-05-29,40.21,30,38.9
仅周线,SZ.300584,海辰药业,,,,MACD绿柱缩小_零下,2026-05-08,42.4,30,38.9
仅周线,SZ.300834,星辉环材,,,,二买,2026-03-27,21.61,34.1,38.9
仅周线,SZ.000518,*ST四环,,,,二买,2025-12-19,2.33,34.1,38.8
仅周线,SZ.003030,祖名股份,,,,MACD绿柱扩大_零上,2026-04-03,19.78,33.25,38.7
仅周线,SZ.301555,惠柏新材,,,,二买 / MACD绿柱扩大_零上,2026-04-17,36.88,34.1,38.6
仅周线,SH.603067,振华股份,,,,二买 / MACD绿柱扩大_零上,2026-04-30,34.98,42.9,38.2
仅周线,SH.600503,华丽家族,,,,MACD绿柱缩小_零下 / 形态:头肩底,2026-04-30,2.57,30,37.8
仅周线,SH.688536,思瑞浦,,,,二买,2026-03-06,155,34.1,37.7
仅周线,SZ.000545,金浦钛业,,,,MACD绿柱扩大_零上,2026-05-22,2.68,29.75,37.7
仅周线,SH.603173,福斯达,,,,MACD绿柱扩大_零上,2026-05-08,39.17,28,37.6
仅周线,SH.600470,六国化工,,,,MACD绿柱扩大_零上,2026-05-29,5.36,29.75,37.5
仅周线,SZ.002056,横店东磁,,,,MACD绿柱扩大_零上,2026-05-08,19.64,31.5,37.5
仅周线,SH.603119,浙江荣泰,,,,MACD绿柱缩小_零下 / MACD绿柱扩大_零上,2026-05-15,72.76,31.5,37.4
仅周线,SZ.002226,江南化工,,,,MACD绿柱缩小_零下,2026-05-22,5.91,30,37.4
仅周线,SZ.002777,久远银海,,,,MACD绿柱缩小_零下,2026-05-22,15.86,30,37.4
仅周线,SH.603180,金牌家居,,,,MACD绿柱缩小_零下 / MACD绿柱扩大_零上,2026-05-22,18.35,31.5,37.3
仅周线,SH.601003,柳钢股份,,,,MACD绿柱扩大_零上,2026-04-17,4.64,26.25,37.2
仅周线,SH.601005,重庆钢铁,,,,MACD绿柱扩大_零上,2026-04-24,1.4,31.5,37
仅周线,SH.600568,ST中珠,,,,MACD绿柱扩大_零上,2026-05-29,2.51,35,36.9
仅周线,SH.605500,森林包装,,,,三买 / MACD绿柱扩大_零上,2026-04-17,9.05,32.5,36.8
仅周线,SH.688362,甬矽电子,,,,二买,2026-03-27,34.3,34.1,36.7
仅周线,SZ.002629,仁智股份,,,,MACD绿柱缩小_零下,2026-04-30,6.47,30,36.7
仅周线,SZ.301503,智迪科技,,,,MACD绿柱缩小_零下,2026-05-22,35.39,30,36.6
仅周线,SH.600651,飞乐音响,,,,MACD绿柱扩大_零上,2026-04-30,6.89,29.75,36.4
仅周线,SZ.300873,海晨股份,,,,MACD绿柱扩大_零上,2026-05-08,21.44,28,36.4
仅周线,SZ.002333,罗普斯金,,,,MACD绿柱扩大_零上,2026-05-08,5.53,28,36.3
仅周线,SH.688286,敏芯股份,,,,二买 / MACD绿柱缩小_零下,2026-05-29,65.48,34.1,36.2
仅周线,SZ.301275,汉朔科技,,,,MACD绿柱缩小_零下,2026-05-22,46.561,26.7,36
仅周线,SZ.000670,盈方微,,,,MACD绿柱扩大_零上,2026-05-08,8.06,29.75,35.9
仅周线,SH.600861,北京人力,,,,MACD绿柱缩小_零下,2026-05-15,15.24,28.2,35.8
仅周线,SZ.000933,神火股份,,,,MACD绿柱扩大_零上,2026-05-29,29.05,29.75,35.8
仅周线,SH.600871,石化油服,,,,MACD绿柱扩大_零上,2026-05-15,2.54,24.5,35.7
仅周线,SH.603186,华正新材,,,,二买,2026-03-27,56.82,34.1,35.7
仅周线,SZ.301307,美利信,,,,二买 / 三买,2026-02-06,32,42.9,35.7
仅周线,SH.688720,艾森股份,,,,二买 / 三买 / MACD绿柱扩大_零上,2026-04-03,67.65,42.9,35.6
仅周线,SZ.000523,红棉股份,,,,MACD绿柱扩大_零上,2026-04-24,3.21,29.75,35.6
仅周线,SZ.300993,玉马科技,,,,MACD绿柱缩小_零下,2026-05-15,12.193,30,35.5
仅周线,SH.600163,中闽能源,,,,MACD绿柱扩大_零上,2026-05-08,6.47,28,35.4
仅周线,SH.603626,科森科技,,,,二买 / MACD绿柱扩大_零上,2026-04-24,22.15,42.9,35.4
仅周线,SH.688027,国盾量子,,,,二买 / MACD绿柱扩大_零上,2026-04-24,550.064,34.1,35.4
仅周线,SZ.002177,御银股份,,,,二买 / MACD绿柱扩大_零上,2026-05-08,7.76,34.1,35.4
仅周线,SH.600509,天富能源,,,,二买 / 三买 / MACD绿柱扩大_零上,2026-04-24,8.12,34.1,35.2
仅周线,SH.605199,ST葫芦娃,,,,背驰买 / MACD绿柱缩小_零下,2026-03-27,6.43,28.8,35.2
仅周线,SH.688315,诺禾致源,,,,二买,2026-03-27,13,34.1,35.2
仅周线,SH.688338,赛科希德,,,,MACD绿柱扩大_零上,2026-05-29,25.99,26.25,35.2
仅周线,SZ.002772,众兴菌业,,,,MACD绿柱扩大_零上,2026-05-29,13.44,29.75,35.2
仅周线,SH.601636,旗滨集团,,,,MACD绿柱扩大_零上,2026-04-17,5.9,29.75,35.1
仅周线,SZ.301089,拓新药业,,,,MACD绿柱缩小_零下,2026-04-17,27.73,30,35.1
仅周线,SH.603001,奥康国际,,,,二买 / MACD绿柱扩大_零上,2026-04-30,8.23,34.1,35
仅周线,SZ.002996,顺博合金,,,,MACD绿柱扩大_零上,2026-04-10,7.33,28,34.9
仅周线,SZ.300320,海达股份,,,,MACD绿柱扩大_零上,2026-04-30,9.51,29.75,34.9
仅周线,SH.600848,上海临港,,,,MACD绿柱扩大_零上,2026-04-17,9.53,35,34.8
仅周线,SH.603167,渤海轮渡,,,,MACD绿柱缩小_零下 / MACD绿柱扩大_零上,2026-05-29,9.11,30,34.8
仅周线,SH.601949,中国出版,,,,MACD绿柱扩大_零上,2026-04-03,6.06,24.5,34.7
仅周线,SH.688279,峰岹科技,,,,背驰买,2026-04-10,144,26.25,34.7
仅周线,SZ.300162,雷曼光电,,,,二买,2026-04-03,8.01,34.1,34.6
仅周线,SH.600028,中国石化,,,,MACD绿柱扩大_零上,2026-05-08,5.22,29.75,34.5
仅周线,SH.600881,亚泰集团,,,,一买,2026-04-30,1.3,28,34.3
仅周线,SH.688231,隆达股份,,,,二买 / 三买,2026-04-03,28.4,42.9,34.3
仅周线,SZ.300612,宣亚国际,,,,MACD绿柱缩小_零下 / MACD绿柱扩大_零上,2026-05-22,13.89,28.5,34.3
仅周线,SH.601222,林洋能源,,,,二买,2026-04-10,5.77,34.1,34.2
仅周线,SH.601377,兴业证券,,,,MACD绿柱缩小_零下 / MACD绿柱扩大_零上,2026-05-29,5.75,35,34.2
仅周线,SH.688057,金达莱,,,,背驰买,2025-12-19,11.44,26.25,34.2
仅周线,SH.688107,安路科技,,,,背驰买,2024-09-20,17.16,21,34.2
仅周线,SZ.300861,美畅股份,,,,二买 / 三买 / MACD绿柱扩大_零上,2026-04-17,17.26,34.1,34.2
仅周线,SH.688621,阳光诺和,,,,MACD绿柱扩大_零上,2026-05-08,57.5,26.25,34.1
仅周线,SZ.002861,瀛通通讯,,,,MACD绿柱缩小_零下 / MACD绿柱扩大_零上,2026-05-15,17.97,33.25,34.1
仅周线,SZ.002825,纳尔股份,,,,背驰买 / MACD绿柱扩大_零上,2026-04-03,9.97,29.75,34
仅周线,SH.603936,博敏电子,,,,二买 / 缺口买:普通,2026-05-29,23.98,42.9,33.9
仅周线,SH.688601,力芯微,,,,背驰买 / MACD绿柱扩大_零上,2026-05-08,51.72,28,33.9
仅周线,SH.600796,钱江生化,,,,MACD绿柱扩大_零上,2026-05-22,5.52,29.75,33.8
仅周线,SH.688206,概伦电子,,,,MACD绿柱缩小_零下 / MACD绿柱扩大_零上,2026-05-15,36.2,35,33.8
仅周线,SZ.002421,达实智能,,,,背驰买,2026-04-10,2.43,26.25,33.8
仅周线,SH.600650,锦江在线,,,,MACD绿柱缩小_零下,2026-05-29,11.47,28.5,33.7
仅周线,SH.603602,纵横通信,,,,MACD绿柱缩小_零下,2026-05-29,12.93,30,33.7
仅周线,SZ.300538,同益股份,,,,背驰买,2026-03-27,13.57,26.25,33.7
仅周线,SH.603286,日盈电子,,,,二买 / MACD绿柱扩大_零上,2026-04-10,62.71,42.9,33.6
仅周线,SZ.002681,奋达科技,,,,MACD绿柱缩小_零下,2026-05-15,5.5,30,33.6
仅周线,SZ.002690,美亚光电,,,,MACD绿柱扩大_零上,2026-04-10,17.48,35,33.6
仅周线,SZ.002985,北摩高科,,,,MACD绿柱扩大_零上,2026-05-15,33.49,31.5,33.6
仅周线,SH.600456,宝钛股份,,,,MACD绿柱扩大_零上,2026-05-29,31.91,24.5,33.2
仅周线,SH.601860,紫金银行,,,,一买,2026-05-29,2.52,28,33.2
仅周线,SH.688356,键凯科技,,,,MACD绿柱扩大_零上,2026-05-29,75.6,24.5,33.2
仅周线,SZ.300805,电声股份,,,,MACD绿柱扩大_零上,2026-04-17,10.58,31.5,33.2
仅周线,SH.600369,西南证券,,,,MACD绿柱缩小_零下,2026-05-15,4.07,30,33.1
仅周线,SH.600888,新疆众和,,,,MACD绿柱扩大_零上,2026-04-10,8.44,28,33.1
仅周线,SZ.002290,禾盛新材,,,,二买 / 三买,2026-03-27,54.84,42.9,33.1
仅周线,SZ.300642,透景生命,,,,MACD绿柱缩小_零下,2026-05-15,15.562,30,33.1
仅周线,SZ.002855,捷荣技术,,,,MACD绿柱缩小_零下,2026-05-15,12.35,30,33
仅周线,SH.600186,莲花控股,,,,背驰买,2025-12-19,5.26,26.25,32.9
仅周线,SZ.002238,天威视讯,,,,MACD绿柱缩小_零下,2026-05-15,7.25,30,32.9
仅周线,SH.603219,富佳股份,,,,背驰买 / MACD绿柱扩大_零上,2026-04-10,16.8,29.75,32.8
仅周线,SH.688325,赛微微电,,,,MACD绿柱扩大_零上,2026-05-29,110.19,28,32.8
仅周线,SZ.300062,中能电气,,,,MACD绿柱扩大_零上,2026-04-30,7.67,35,32.8
仅周线,SZ.000631,顺发恒能,,,,MACD绿柱扩大_零上,2026-05-08,3.375,31.5,32.6
仅周线,SH.601689,拓普集团,,,,MACD绿柱缩小_零下 / MACD绿柱扩大_零上,2026-05-15,69.44,35,32.4
仅周线,SZ.002656,*ST摩登,,,,二买 / 三买,2026-02-13,2.58,42.9,32.2
仅周线,SZ.000544,中原环保,,,,MACD绿柱扩大_零上,2026-04-24,8.38,28,32
仅周线,SH.603138,海量数据,,,,MACD绿柱扩大_零上,2026-05-22,17.98,28,31.9
仅周线,SZ.002753,永东股份,,,,MACD绿柱扩大_零上,2026-05-29,6.43,24.5,31.9
仅周线,SZ.300158,振东制药,,,,MACD绿柱缩小_零下,2026-04-17,6.13,30,31.9
仅周线,SZ.002586,ST围海,,,,MACD绿柱扩大_零上,2026-05-29,4.42,33.25,31.5
仅周线,SZ.300980,祥源新材,,,,MACD绿柱扩大_零上,2026-05-22,30.86,26.25,31.4
仅周线,SH.600097,开创国际,,,,MACD绿柱扩大_零上,2026-04-17,10.61,29.75,31.3
仅周线,SH.600131,国网信通,,,,MACD绿柱扩大_零上,2026-05-22,17.62,31.5,31.3
仅周线,SH.603063,禾望电气,,,,二买,2026-02-06,28.45,34.1,31.3
仅周线,SH.688187,时代电气,,,,MACD绿柱扩大_零上,2026-05-08,48.86,35,31.1
仅周线,SH.688585,上纬新材,,,,二买 / 三买 / MACD绿柱扩大_零上,2026-04-30,119.92,42.9,30.9
仅周线,SZ.300809,华辰装备,,,,三买,2026-04-30,30.3,32.5,30.9
仅周线,SH.600019,宝钢股份,,,,MACD绿柱扩大_零上,2026-03-27,6.43,22.75,30.7
仅周线,SH.603992,松霖科技,,,,MACD绿柱扩大_零上,2026-05-29,28.06,28,30.3
仅周线,SH.603004,鼎龙科技,,,,MACD绿柱扩大_零上,2026-04-24,21.08,31.5,30
仅周线,SZ.000962,东方钽业,,,,二买 / MACD绿柱扩大_零上,2026-04-30,43.87,42.9,30
仅周线,SZ.002098,浔兴股份,,,,MACD绿柱扩大_零上,2026-04-10,9.01,33.25,30
仅周线,SZ.002357,富临运业,,,,MACD绿柱扩大_零上,2026-05-29,10.26,22.75,30
仅周线,SH.603916,苏博特,,,,二买 / MACD绿柱扩大_零上,2026-04-24,11.05,34.1,29.9
仅周线,SH.605288,凯迪股份,,,,MACD绿柱扩大_零上,2026-04-30,83,35,29.8
仅周线,SH.603079,圣达生物,,,,MACD绿柱扩大_零上,2026-04-17,17.03,33.25,29.7
仅周线,SZ.002041,登海种业,,,,MACD绿柱扩大_零上,2026-05-15,9.67,31.5,29.7
仅周线,SZ.002196,方正电机,,,,二买 / MACD绿柱扩大_零上 / 缺口买:普通,2026-05-22,16.74,34.1,29.7
仅周线,SH.600195,中牧股份,,,,MACD绿柱扩大_零上,2026-05-22,6.9,28,29.5
仅周线,SZ.000153,丰原药业,,,,MACD绿柱扩大_零上,2026-04-30,6.45,28,29.3
仅周线,SZ.301221,光庭信息,,,,MACD绿柱缩小_零下 / MACD绿柱扩大_零上,2026-05-22,37.786,30,29.3
仅周线,SZ.300600,国瑞科技,,,,MACD绿柱缩小_零下,2026-05-15,12.37,30,29.2
仅周线,SZ.300850,新强联,,,,MACD绿柱扩大_零上,2026-05-22,35.43,22.75,29.2
仅周线,SZ.301379,天山电子,,,,二买 / MACD绿柱扩大_零上,2026-04-10,25.55,34.1,29.2
仅周线,SH.603116,红蜻蜓,,,,背驰买 / MACD绿柱扩大_零上,2026-04-03,5.31,26.25,29.1
仅周线,SZ.301525,儒竞科技,,,,MACD绿柱缩小_零下,2026-05-29,71.98,30,29
仅周线,SH.688652,京仪装备,,,,二买 / MACD绿柱扩大_零上,2026-04-10,102.73,34.1,28.9
仅周线,SH.600662,外服控股,,,,MACD绿柱扩大_零上,2026-04-17,5.1,29.75,28.8
仅周线,SZ.000050,深天马Ａ,,,,MACD绿柱扩大_零上,2026-04-03,7.79,24.5,28.8
仅周线,SH.688449,联芸科技,,,,背驰买 / MACD绿柱扩大_零上,2026-04-03,41.2,26.25,28.6
仅周线,SH.688699,明微电子,,,,MACD绿柱扩大_零上 / 缺口买:持续,2026-05-08,62.26,29.75,28.6
仅周线,SZ.300163,先锋新材,,,,MACD绿柱扩大_零上,2026-05-15,4.52,28,28.6
仅周线,SZ.300550,和仁科技,,,,MACD绿柱扩大_零上,2026-04-10,12.11,28,28.6
仅周线,SH.601717,中创智领,,,,MACD绿柱扩大_零上,2026-04-30,18.67,29.75,28.3
仅周线,SZ.000705,浙江震元,,,,MACD绿柱扩大_零上,2026-04-03,8.82,31.5,28.2
仅周线,SZ.301172,君逸数码,,,,二买,2026-03-27,23.41,34.1,28.2
仅周线,SZ.301217,铜冠铜箔,,,,二买,2026-03-27,34,34.1,28.2
仅周线,SZ.002892,科力尔,,,,背驰买 / MACD绿柱缩小_零下,2026-05-15,11.34,30,28.1
仅周线,SZ.301073,君亭酒店,,,,MACD绿柱扩大_零上,2026-05-29,22.96,31.5,28.1
仅周线,SZ.301389,隆扬电子,,,,背驰买,2026-03-13,46.06,26.25,27.9
仅周线,SH.688318,财富趋势,,,,MACD绿柱缩小_零下,2026-05-29,112,30,27.7
仅周线,SZ.000524,岭南控股,,,,一买,2026-05-22,9.03,28,27.7
仅周线,SZ.002932,明德生物,,,,MACD绿柱缩小_零下,2026-05-22,16.36,30,27.7
仅周线,SZ.300106,西部牧业,,,,一买,2026-03-27,9.23,28,27.7
仅周线,SZ.300776,帝尔激光,,,,二买 / 三买,2026-03-27,70.7,34.1,27.7
仅周线,SZ.301388,欣灵电气,,,,二买 / MACD绿柱扩大_零上,2026-05-29,28.27,34.1,27.4
仅周线,SH.601878,浙商证券,,,,一买 / MACD绿柱缩小_零下,2026-05-29,9.44,30,27.2
仅周线,SH.603181,皇马科技,,,,MACD绿柱扩大_零上,2026-04-10,14.88,28,27.2
仅周线,SH.688162,巨一科技,,,,MACD绿柱扩大_零上,2026-04-10,31.77,28,27.2
仅周线,SH.688212,澳华内镜,,,,MACD绿柱缩小_零下,2026-05-22,33.99,29.7,27.2
仅周线,SZ.002239,奥特佳,,,,MACD绿柱扩大_零上,2026-04-10,3.04,28,27.2
仅周线,SZ.002381,双箭股份,,,,MACD绿柱扩大_零上,2026-04-10,6.52,28,27.2
仅周线,SH.600273,嘉化能源,,,,MACD绿柱扩大_零上,2026-05-22,7.573,28,27.1
仅周线,SH.601799,星宇股份,,,,MACD绿柱扩大_零上,2026-04-30,122.299,24.5,27.1
仅周线,SZ.000571,新大洲A,,,,MACD绿柱扩大_零上,2026-05-22,5.85,35,26.9
仅周线,SZ.000753,漳州发展,,,,MACD绿柱缩小_零下 / MACD绿柱扩大_零上,2026-05-15,6.33,30,26.9
仅周线,SH.600765,中航重机,,,,MACD绿柱扩大_零上,2026-04-24,16.112,31.5,26.7
仅周线,SH.688035,德邦科技,,,,二买,2026-04-03,52.752,34.1,26.4
仅周线,SZ.000089,深圳机场,,,,MACD绿柱扩大_零上,2026-04-10,6.87,28,26.4
仅周线,SZ.001366,播恩集团,,,,二买 / MACD绿柱扩大_零上,2026-04-10,13.95,34.1,26.4
仅周线,SZ.002084,海鸥住工,,,,MACD绿柱缩小_零下 / MACD绿柱扩大_零上,2026-05-15,3.7,30,26.3
仅周线,SH.688510,航亚科技,,,,三买 / MACD绿柱扩大_零上,2026-04-30,33.08,32.5,26
仅周线,SZ.000682,东方电子,,,,MACD绿柱扩大_零上,2026-04-17,13.12,28,25.9
仅周线,SZ.002609,捷顺科技,,,,MACD绿柱缩小_零下,2026-05-22,8.39,30,25.7
仅周线,SZ.002630,ST华西,,,,MACD绿柱缩小_零下,2026-05-22,1.82,27.6,25.7
仅周线,SZ.301117,佳缘科技,,,,MACD绿柱扩大_零上,2026-04-10,31.05,31.5,25.6
仅周线,SZ.002010,传化智联,,,,MACD绿柱扩大_零上,2026-04-10,5.82,28,25.5
仅周线,SZ.300836,佰奥智能,,,,二买 / MACD绿柱扩大_零上,2026-04-10,51.5,34.1,25.5
仅周线,SH.600362,江西铜业,,,,二买 / MACD绿柱扩大_零上,2026-04-17,46.75,34.1,25.4
仅周线,SZ.301218,华是科技,,,,MACD绿柱扩大_零上,2026-05-15,33.88,28,25.4
仅周线,SH.600843,上工申贝,,,,MACD绿柱缩小_零下,2026-05-22,8.53,29.4,25.3
仅周线,SH.688651,盛邦安全,,,,二买 / MACD绿柱扩大_零上,2026-04-17,38.66,34.1,25.2
仅周线,SZ.300542,新晨科技,,,,MACD绿柱缩小_零下,2026-05-22,14.84,30,25.2
仅周线,SH.600862,中航高科,,,,MACD绿柱扩大_零上,2026-04-10,21.48,24.5,24.6
仅周线,SH.688411,海博思创,,,,MACD绿柱扩大_零上,2026-04-24,227.08,29.75,24.6
仅周线,SZ.000793,*ST华闻,,,,MACD绿柱扩大_零上,2026-04-03,2.62,28,24.6
仅周线,SZ.300533,冰川网络,,,,MACD绿柱缩小_零下 / MACD绿柱扩大_零上,2026-05-29,16.09,29.75,24.5
仅周线,SH.603396,金辰股份,,,,二买 / 三买 / MACD绿柱扩大_零上,2026-04-30,35.28,34.1,24.3
仅周线,SH.688391,钜泉科技,,,,二买,2026-04-10,28.44,34.1,24.3
仅周线,SZ.002167,东方锆业,,,,MACD绿柱扩大_零上,2026-04-10,12.63,28,24.3
仅周线,SZ.002518,科士达,,,,二买 / 三买 / MACD绿柱扩大_零上,2026-04-10,47.44,42.9,24.3
仅周线,SH.603716,塞力医疗,,,,MACD绿柱扩大_零上,2026-04-30,21.26,28,24.2
仅周线,SH.601609,金田股份,,,,背驰买 / MACD绿柱扩大_零上,2026-04-10,10.16,33.25,24.1
仅周线,SZ.300403,汉宇集团,,,,背驰买 / MACD绿柱缩小_零下,2026-05-15,12.08,27.3,24.1
仅周线,SH.600372,中航机载,,,,二买 / 三买 / MACD绿柱扩大_零上 / 形态:头肩底,2026-05-29,11.14,34.1,24
仅周线,SZ.300445,康斯特,,,,MACD绿柱扩大_零上,2026-04-10,20.31,35,24
仅周线,SZ.300992,泰福泵业,,,,二买 / MACD绿柱扩大_零上,2026-05-15,30.51,34.1,24
仅周线,SZ.000591,太阳能,,,,MACD绿柱扩大_零上,2026-05-08,5.29,29.75,23.8
仅周线,SZ.300481,濮阳惠成,,,,MACD绿柱扩大_零上,2026-05-08,14.54,33.25,23.8
仅周线,SZ.001373,翔腾新材,,,,二买 / MACD绿柱扩大_零上,2026-04-24,34.96,34.1,23.7
仅周线,SZ.301567,贝隆精密,,,,二买 / MACD绿柱扩大_零上,2026-04-10,42.75,34.1,23.7
仅周线,SH.688281,华秦科技,,,,MACD绿柱扩大_零上,2026-04-17,76.59,29.75,23.6
仅周线,SZ.300639,凯普生物,,,,MACD绿柱扩大_零上,2026-05-29,5.76,26.25,23.6
仅周线,SZ.300712,永福股份,,,,MACD绿柱扩大_零上,2026-05-15,25.26,29.75,23.5
仅周线,SZ.300902,国安达,,,,背驰买 / MACD绿柱缩小_零下,2026-05-22,17.96,30,23.5
仅周线,SZ.301020,密封科技,,,,MACD绿柱扩大_零上,2026-04-03,20.1,26.25,23.5
仅周线,SZ.002485,ST雪发,,,,MACD绿柱扩大_零上,2026-05-29,4.76,31.5,23.4
仅周线,SH.603270,金帝股份,,,,MACD绿柱扩大_零上,2026-04-10,25.5,29.75,23.3
仅周线,SH.688133,泰坦科技,,,,MACD绿柱缩小_零下,2026-05-15,22.38,30,23.3
仅周线,SH.688602,康鹏科技,,,,MACD绿柱缩小_零下,2026-05-15,7.69,30,23.3
仅周线,SZ.002623,亚玛顿,,,,MACD绿柱扩大_零上,2026-05-29,19.16,22.75,23.2
仅周线,SZ.301195,北路智控,,,,背驰买 / MACD绿柱缩小_零下,2026-05-22,31.39,30,23.2
仅周线,SZ.301459,丰茂股份,,,,MACD绿柱缩小_零下 / MACD绿柱扩大_零上,2026-05-29,34.4,30,23.2
仅周线,SH.600688,上海石化,,,,MACD绿柱扩大_零上,2026-05-29,2.72,24.5,23.1
仅周线,SH.688267,中触媒,,,,二买 / 三买,2026-03-27,27.09,34.1,22.9
仅周线,SZ.002909,集泰股份,,,,MACD绿柱缩小_零下 / MACD绿柱扩大_零上,2026-05-22,6.64,30,22.9
仅周线,SH.601137,博威合金,,,,背驰买,2026-04-30,17.33,26.25,22.8
仅周线,SH.688062,迈威生物,,,,MACD绿柱缩小_零下,2026-04-24,37.2,30,22.8
仅周线,SZ.000421,南京公用,,,,MACD绿柱扩大_零上,2026-04-17,6.01,29.75,22.7
仅周线,SH.600958,东方证券,,,,MACD绿柱缩小_零下,2026-05-29,9.31,30,22.6
仅周线,SH.603601,再升科技,,,,二买 / 三买,2025-11-28,4.42,34.1,22.6
仅周线,SH.600389,江山股份,,,,MACD绿柱扩大_零上,2026-05-29,24.55,24.5,22.5
仅周线,SZ.301550,斯菱智驱,,,,二买 / 三买 / MACD绿柱扩大_零上,2026-04-03,110.828,42.9,22.4
仅周线,SH.603098,森特股份,,,,MACD绿柱扩大_零上,2026-05-29,12.61,29.75,22.3
仅周线,SH.688199,久日新材,,,,MACD绿柱扩大_零上,2026-04-10,25.89,28,22.2
仅周线,SZ.300279,和晶科技,,,,MACD绿柱扩大_零上,2026-05-29,7.03,29.75,22.2
仅周线,SZ.002617,露笑科技,,,,MACD绿柱扩大_零上,2026-04-10,7.65,24.5,22.1
仅周线,SZ.000922,佳电股份,,,,二买 / MACD绿柱扩大_零上,2026-04-17,11.692,34.1,21.9
仅周线,SZ.002993,奥海科技,,,,二买,2026-03-13,42.908,34.1,21.9
仅周线,SH.600684,珠江股份,,,,MACD绿柱扩大_零上,2026-04-30,4.47,26.25,21.8
仅周线,SH.601133,柏诚股份,,,,二买 / 三买 / 缺口买:普通,2026-05-22,32.99,34.1,21.8
仅周线,SH.605218,伟时电子,,,,背驰买,2026-03-27,16.24,26.25,21.7
仅周线,SH.688071,华依科技,,,,背驰买,2026-03-27,29.28,26.25,21.7
仅周线,SZ.300825,阿尔特,,,,背驰买,2026-03-27,8.01,26.25,21.7
仅周线,SZ.002889,东方嘉盛,,,,MACD绿柱缩小_零下,2026-05-22,13.15,30,21.3
仅周线,SH.688225,亚信安全,,,,MACD绿柱缩小_零下,2026-05-22,16.54,30,21.2
仅周线,SZ.002442,龙星科技,,,,MACD绿柱扩大_零上,2026-04-10,5.91,21,21.1
仅周线,SH.688533,上声电子,,,,MACD绿柱缩小_零下 / MACD绿柱扩大_零上,2026-05-22,27.58,30,20.8
仅周线,SZ.300340,科恒股份,,,,MACD绿柱缩小_零下,2026-05-15,10.86,30,20.8
仅周线,SH.603686,福龙马,,,,MACD绿柱缩小_零下,2026-05-22,17.11,24.9,20.7
仅周线,SZ.002766,索菱股份,,,,MACD绿柱缩小_零下 / MACD绿柱扩大_零上,2026-05-22,5.36,30,20.7
仅周线,SZ.300899,*ST凯鑫,,,,MACD绿柱扩大_零上,2026-05-29,32.31,29.75,20.7
仅周线,SH.603666,亿嘉和,,,,二买,2026-04-10,24.66,34.1,20.6
仅周线,SH.688207,格灵深瞳,,,,MACD绿柱扩大_零上,2026-04-03,13.46,22.75,20.4
仅周线,SZ.002319,乐通股份,,,,MACD绿柱扩大_零上,2026-04-30,11.74,33.25,20.4
仅周线,SH.601777,千里科技,,,,背驰买 / MACD绿柱扩大_零上,2026-04-03,10.03,31.5,20.2
仅周线,SZ.002161,远 望 谷,,,,MACD绿柱扩大_零上,2026-05-08,7.19,35,20.2
仅周线,SZ.301588,美新科技,,,,二买 / 形态:头肩底,2026-04-03,20.23,34.1,20.2
仅周线,SH.688469,芯联集成,,,,二买 / MACD绿柱扩大_零上,2026-04-10,6.55,34.1,20.1
仅周线,SZ.002006,精工科技,,,,MACD绿柱缩小_零下 / MACD绿柱扩大_零上,2026-05-29,16.94,35,20
仅周线,SZ.002745,木林森,,,,MACD绿柱扩大_零上,2026-04-03,8.25,29.75,19.9
仅周线,SZ.002687,乔治白,,,,MACD绿柱扩大_零上,2026-05-29,4.32,24.5,19.8
仅周线,SH.688589,力合微,,,,背驰买 / MACD绿柱扩大_零上,2026-04-10,23.02,29.75,19.6
仅周线,SZ.001216,华瓷股份,,,,MACD绿柱扩大_零上,2026-05-29,16.12,31.5,19.5
仅周线,SZ.002590,万安科技,,,,MACD绿柱缩小_零下 / MACD绿柱扩大_零上,2026-05-22,12.915,30,19.5
仅周线,SZ.300247,融捷健康,,,,MACD绿柱扩大_零上,2026-04-30,4.28,28,19.3
仅周线,SH.601019,山东出版,,,,一买,2026-05-29,7,28,19.1
仅周线,SH.688312,燕麦科技,,,,二买 / 三买 / 形态:头肩底,2026-03-27,43.62,42.9,19.1
仅周线,SH.603980,吉华集团,,,,MACD绿柱扩大_零上,2026-05-29,5.61,29.75,19
仅周线,SH.601568,北元集团,,,,MACD绿柱扩大_零上,2026-05-22,3.78,31.5,18.9
仅周线,SZ.300350,华鹏飞,,,,MACD绿柱缩小_零下,2026-05-22,5.02,30,18.9
仅周线,SZ.002358,森源电气,,,,MACD绿柱扩大_零上,2026-05-29,6.4,29.75,18.8
仅周线,SZ.002901,大博医疗,,,,MACD绿柱缩小_零下 / MACD绿柱扩大_零上,2026-05-29,40.6,30,18.8
仅周线,SH.600537,亿晶光电,,,,MACD绿柱缩小_零下,2026-04-03,3.68,30,18.7
仅周线,SZ.301026,浩通科技,,,,二买 / MACD绿柱扩大_零上,2026-04-10,20.557,34.1,18.7
仅周线,SZ.301257,普蕊斯,,,,MACD绿柱扩大_零上,2026-05-29,43,29.75,18.7
仅周线,SH.600844,金煤科技,,,,MACD绿柱扩大_零上,2026-05-29,2.98,22.75,18.5
仅周线,SZ.002577,雷柏科技,,,,背驰买,2026-03-27,14.71,26.25,18.5
仅周线,SZ.300660,江苏雷利,,,,MACD绿柱缩小_零下 / MACD绿柱扩大_零上,2026-05-22,48.06,30,18.5
仅周线,SZ.300868,杰美特,,,,二买,2025-12-05,26.14,34.1,18.4
仅周线,SZ.300921,南凌科技,,,,二买 / MACD绿柱扩大_零上,2026-04-24,18.112,34.1,18.3
仅周线,SH.601096,宏盛华源,,,,MACD绿柱扩大_零上,2026-05-22,5.19,26.25,18.2
仅周线,SH.603790,雅运股份,,,,二买,2026-03-27,19.41,34.1,18.2
仅周线,SZ.003001,中岩大地,,,,背驰买,2026-04-30,15.95,26.25,18.2
仅周线,SH.600960,渤海汽车,,,,MACD绿柱扩大_零上,2026-05-29,4.5,29.75,17.9
仅周线,SZ.300837,浙矿股份,,,,MACD绿柱扩大_零上,2026-05-08,35.25,28,17.9
仅周线,SH.600449,宁夏建材,,,,背驰买,2025-12-19,12.13,26.25,17.5
仅周线,SH.688697,纽威数控,,,,背驰买 / MACD绿柱扩大_零上,2026-04-10,14.68,29.75,17.4
仅周线,SH.601888,中国中免,,,,MACD绿柱扩大_零上,2026-04-10,69.04,29.75,17.2
仅周线,SH.688591,泰凌微,,,,MACD绿柱缩小_零下,2026-05-22,39.1,30,17.2
仅周线,SH.688253,英诺特,,,,二买,2025-12-31,30.01,34.1,17.1
仅周线,SZ.002544,普天科技,,,,MACD绿柱缩小_零下 / MACD绿柱扩大_零上,2026-05-22,23.98,31.5,17.1
仅周线,SZ.300543,朗科智能,,,,背驰买 / MACD绿柱缩小_零下,2026-05-22,9.39,30,17.1
仅周线,SZ.300333,兆日科技,,,,背驰买,2026-04-03,8.48,26.25,17
仅周线,SZ.300877,金春股份,,,,MACD绿柱扩大_零上,2026-04-17,27.557,31.5,17
仅周线,SZ.001326,联域股份,,,,三买 / MACD绿柱扩大_零上,2026-04-24,53.93,32.5,16.9
仅周线,SZ.300168,万达信息,,,,背驰买 / MACD绿柱缩小_零下,2026-05-15,5.67,30,16.8
仅周线,SZ.301255,通力科技,,,,背驰买,2026-03-27,23.21,26.25,16.8
仅周线,SZ.002765,蓝黛科技,,,,MACD绿柱缩小_零下,2026-05-15,9.74,30,16.7
仅周线,SZ.002931,锋龙股份,,,,MACD绿柱扩大_零上,2026-05-29,52.55,29.75,16.6
仅周线,SH.688378,奥来德,,,,二买,2026-03-27,31.8,42.9,16.4
仅周线,SH.688626,翔宇医疗,,,,二买 / MACD绿柱扩大_零上,2026-05-29,51.4,34.1,16.4
仅周线,SZ.300935,盈建科,,,,MACD绿柱扩大_零上,2026-04-10,29.71,26.25,16.4
仅周线,SH.688605,先锋精科,,,,MACD绿柱扩大_零上,2026-04-10,62.3,31.5,16.3
仅周线,SZ.000059,华锦股份,,,,MACD绿柱扩大_零上,2026-04-24,5.44,29.75,16.3
仅周线,SZ.300871,回盛生物,,,,MACD绿柱扩大_零上,2026-05-29,21.01,28,16.3
仅周线,SH.688015,交控科技,,,,MACD绿柱扩大_零上,2026-04-10,22.35,28,15.9
仅周线,SZ.300452,山河药辅,,,,MACD绿柱扩大_零上,2026-05-29,12.7,29.75,15.4
仅周线,SZ.300516,久之洋,,,,MACD绿柱扩大_零上,2026-05-08,41.033,28,15.4
仅周线,SH.688025,杰普特,,,,二买 / 三买,2025-10-17,128.06,42.9,15.2
仅周线,SZ.000676,智度股份,,,,MACD绿柱缩小_零下,2026-05-15,7.13,30,15.2
仅周线,SZ.002106,莱宝高科,,,,MACD绿柱扩大_零上,2026-04-30,10.48,31.5,15
仅周线,SZ.300419,ST浩丰,,,,二买 / MACD绿柱扩大_零上,2026-05-29,6.75,34.1,15
仅周线,SZ.000547,航天发展,,,,MACD绿柱扩大_零上,2026-05-29,20.3,29.75,14.8
仅周线,SZ.002031,巨轮智能,,,,一买,2026-04-30,5.41,28,14.8
仅周线,SZ.002775,文科股份,,,,MACD绿柱扩大_零上,2026-04-10,3.82,28,14.7
仅周线,SZ.300047,天源迪科,,,,背驰买,2026-04-03,11.32,26.25,14.7
仅周线,SZ.300020,ST银江,,,,MACD绿柱扩大_零上,2026-05-15,3.49,29.75,14.6
仅周线,SH.603878,武进不锈,,,,MACD绿柱缩小_零下 / MACD绿柱扩大_零上,2026-05-22,7.24,28.8,14.4
仅周线,SH.605003,众望布艺,,,,MACD绿柱扩大_零上,2026-05-22,26.31,24.5,14.4
仅周线,SZ.002601,龙佰集团,,,,MACD绿柱扩大_零上,2026-04-17,17.69,26.25,14.4
仅周线,SZ.003039,顺控发展,,,,MACD绿柱扩大_零上,2026-05-29,12.91,26.25,14.4
仅周线,SZ.000656,*ST金科,,,,背驰买,2026-03-27,1.28,21,14.1
仅周线,SZ.002980,华盛昌,,,,二买,2025-12-19,20.16,34.1,14.1
仅周线,SZ.002334,英威腾,,,,MACD绿柱扩大_零上,2026-04-24,7.79,24.5,13.9
仅周线,SZ.002363,隆基机械,,,,MACD绿柱缩小_零下 / MACD绿柱扩大_零上,2026-05-22,7.84,35,13.9
仅周线,SZ.301036,双乐股份,,,,MACD绿柱缩小_零下,2026-05-22,27.53,30,13.9
仅周线,SZ.000880,潍柴重机,,,,MACD绿柱扩大_零上,2026-04-10,27.59,24.5,13.8
仅周线,SH.600853,龙建股份,,,,MACD绿柱缩小_零下 / MACD绿柱扩大_零上,2026-05-15,4.13,30,13.7
仅周线,SH.688265,南模生物,,,,MACD绿柱扩大_零上,2026-04-30,41.4,28,13.7
仅周线,SH.600933,爱柯迪,,,,MACD绿柱缩小_零下,2026-05-22,17.61,30,13.6
仅周线,SH.603008,喜临门,,,,MACD绿柱扩大_零上 / 缺口买:衰竭,2026-05-08,8.84,28,13.6
仅周线,SZ.300024,机器人,,,,MACD绿柱缩小_零下,2026-05-15,16.09,30,13.6
仅周线,SH.603065,宿迁联盛,,,,MACD绿柱扩大_零上,2026-04-10,8.25,28,13.4
仅周线,SZ.001306,夏厦精密,,,,背驰买 / MACD绿柱缩小_零下,2026-05-15,71.81,30,13.4
仅周线,SZ.000901,航天科技,,,,MACD绿柱扩大_零上,2026-05-29,19.01,24.5,13.3
仅周线,SH.605168,三人行,,,,二买 / MACD绿柱扩大_零上,2026-04-10,35.41,34.1,12.9
仅周线,SZ.300016,北陆药业,,,,MACD绿柱扩大_零上,2026-05-29,8.2,28,12.9
仅周线,SH.603231,索宝蛋白,,,,MACD绿柱缩小_零下 / MACD绿柱扩大_零上,2026-05-15,17.42,35,12.8
仅周线,SH.605555,德昌股份,,,,MACD绿柱缩小_零下 / MACD绿柱扩大_零上,2026-05-22,16.55,31.5,12.8
仅周线,SZ.002694,顾地科技,,,,MACD绿柱缩小_零下,2026-05-08,2.96,30,12.8
仅周线,SZ.300414,中光防雷,,,,MACD绿柱扩大_零上,2026-05-29,11.94,26.25,12.8
仅周线,SH.603086,先达股份,,,,MACD绿柱缩小_零下,2026-05-15,7.11,30,12.7
仅周线,SH.688376,美埃科技,,,,二买 / MACD绿柱扩大_零上,2026-04-03,62.2,34.1,12.6
仅周线,SH.601100,恒立液压,,,,二买 / MACD绿柱扩大_零上,2026-04-03,102.99,34.1,12.5
仅周线,SH.688568,中科星图,,,,MACD绿柱扩大_零上,2026-05-22,53.6,31.5,12.5
仅周线,SZ.000048,京基智农,,,,MACD绿柱扩大_零上,2026-05-22,13.61,28,12.4
仅周线,SZ.002182,宝武镁业,,,,MACD绿柱扩大_零上,2026-05-22,15.26,31.5,12.4
仅周线,SZ.002968,新大正,,,,MACD绿柱扩大_零上,2026-05-29,9.97,26.25,12.3
仅周线,SZ.301633,港迪技术,,,,MACD绿柱缩小_零下,2026-05-15,60.72,30,12.3
仅周线,SH.688125,安达智能,,,,MACD绿柱扩大_零上,2026-05-29,180,24.5,12.2
仅周线,SZ.300198,ST纳川,,,,MACD绿柱扩大_零上,2026-05-29,2.28,24.5,12.2
仅周线,SH.603610,麒盛科技,,,,MACD绿柱扩大_零上,2026-04-10,15.87,22.75,12.1
仅周线,SH.600278,东方创业,,,,MACD绿柱扩大_零上,2026-04-17,7.32,31.5,12
仅周线,SH.688665,四方光电,,,,背驰买,2026-03-27,41.91,26.25,12
仅周线,SZ.300492,华图山鼎,,,,MACD绿柱扩大_零上,2026-03-27,58.2,26.25,12
仅周线,SH.688729,屹唐股份,,,,背驰买,2026-03-27,21.5,26.25,11.8
仅周线,SH.603787,新日股份,,,,MACD绿柱扩大_零上,2026-05-15,11.54,28,11.7
仅周线,SZ.300313,*ST天山,,,,MACD绿柱缩小_零下,2026-04-17,8.11,30,11.7
仅周线,SH.603316,诚邦股份,,,,二买 / MACD绿柱扩大_零上,2026-04-10,14.28,42.9,11.6
仅周线,SZ.000677,恒天海龙,,,,缺口买:衰竭,2026-05-15,2.54,16.25,11.6
仅周线,SZ.001221,悍高集团,,,,MACD绿柱扩大_零上,2026-05-22,54.82,29.75,11.6
仅周线,SH.688065,凯赛生物,,,,MACD绿柱扩大_零上,2026-04-30,48.11,33.25,11.5
仅周线,SH.600435,北方导航,,,,MACD绿柱扩大_零上,2026-04-24,14.435,31.5,11.4
仅周线,SZ.002863,今飞凯达,,,,MACD绿柱扩大_零上,2026-05-29,4.96,24.5,11.4
仅周线,SZ.301182,凯旺科技,,,,二买,2026-01-30,36.36,34.1,11.4
仅周线,SH.688353,华盛锂电,,,,MACD绿柱扩大_零上,2026-05-29,85.04,29.75,11.2
仅周线,SH.603331,百达精工,,,,MACD绿柱扩大_零上,2026-05-08,15.43,33.25,11.1
仅周线,SH.600143,金发科技,,,,MACD绿柱扩大_零上,2026-04-10,16.9,33.25,11
仅周线,SH.600784,鲁银投资,,,,二买 / 三买 / MACD绿柱扩大_零上,2026-04-10,7.07,42.9,10.9
仅周线,SH.603458,勘设股份,,,,二买 / 三买,2026-03-27,9.27,34.1,10.9
仅周线,SZ.301088,戎美股份,,,,MACD绿柱扩大_零上,2026-04-10,14.28,33.25,10.9
仅周线,SH.603123,翠微股份,,,,MACD绿柱扩大_零上,2026-04-30,11.6,28,10.8
仅周线,SZ.300683,海特生物,,,,二买,2026-04-24,32,34.1,10.8
仅周线,SZ.300903,科翔股份,,,,三买,2025-09-05,10.3,32.5,10.8
仅周线,SZ.301361,众智科技,,,,MACD绿柱扩大_零上,2026-05-08,37.94,28,10.8
仅周线,SH.603009,北特科技,,,,二买,2026-03-27,43.56,34.1,10.6
仅周线,SH.688787,海天瑞声,,,,二买 / MACD绿柱扩大_零上,2026-04-30,130.1,34.1,10.5
仅周线,SH.600629,华建集团,,,,MACD绿柱扩大_零上,2026-05-22,19.81,28,10.2
仅周线,SZ.300946,恒而达,,,,三买 / MACD绿柱扩大_零上,2026-04-03,43.48,32.5,10.2
仅周线,SZ.300157,新锦动力,,,,MACD绿柱扩大_零上,2026-05-29,4.58,26.25,10.1
仅周线,SZ.301063,海锅股份,,,,MACD绿柱扩大_零上,2026-04-17,25.16,28,10.1
仅周线,SZ.300709,精研科技,,,,背驰买,2026-03-27,35.96,26.25,9.9
仅周线,SH.600058,五矿发展,,,,MACD绿柱扩大_零上,2026-05-29,10.02,24.5,9.8
仅周线,SZ.300008,天海防务,,,,MACD绿柱扩大_零上,2026-05-29,6.58,24.5,9.8
仅周线,SH.600353,旭光电子,,,,背驰买 / MACD绿柱扩大_零上,2026-04-10,14.95,26.25,9.4
仅周线,SH.603499,翔港科技,,,,MACD绿柱扩大_零上,2026-05-08,20.97,31.5,9.3
仅周线,SZ.000548,湖南投资,,,,MACD绿柱扩大_零上,2026-04-24,5.18,31.5,9.3
仅周线,SH.688728,格科微,,,,MACD绿柱缩小_零下,2026-05-15,14.55,30,9.2
仅周线,SZ.002278,神开股份,,,,MACD绿柱扩大_零上,2026-05-29,8.88,26.25,9.1
仅周线,SZ.300054,鼎龙股份,,,,三买,2026-03-13,40.24,40,9.1
仅周线,SH.688228,开普云,,,,MACD绿柱缩小_零下,2026-05-29,88.44,25.2,9
仅周线,SH.601238,广汽集团,,,,MACD绿柱扩大_零上,2026-03-27,7.25,29.75,8.8
仅周线,SZ.002483,润邦股份,,,,MACD绿柱扩大_零上,2026-05-15,6.19,29.75,8.8
仅周线,SZ.002548,金新农,,,,MACD绿柱扩大_零上,2026-04-30,5.39,33.25,8.7
仅周线,SH.601628,中国人寿,,,,MACD绿柱扩大_零上,2026-04-10,37.77,29.75,8.6
仅周线,SZ.001239,永达股份,,,,MACD绿柱缩小_零下,2026-05-22,14.54,30,8.5
仅周线,SH.603360,百傲化学,,,,MACD绿柱扩大_零上,2026-03-27,26.55,35,8.4
仅周线,SH.600500,中化国际,,,,MACD绿柱扩大_零上,2026-04-24,4.3,28,8.2
仅周线,SH.603707,健友股份,,,,一买,2026-05-29,7.89,28,8.2
仅周线,SH.600835,上海机电,,,,MACD绿柱缩小_零下,2026-05-22,26,30,8.1
仅周线,SZ.000555,神州信息,,,,MACD绿柱扩大_零上,2026-05-15,13.77,24.5,8
仅周线,SZ.300790,宇瞳光学,,,,二买 / 三买 / MACD绿柱扩大_零上,2026-04-03,25.08,34.1,7.9
仅周线,SH.688320,禾川科技,,,,二买,2026-04-10,28.7,34.1,7.8
仅周线,SH.603337,杰克科技,,,,一买 / MACD绿柱扩大_零上,2026-04-24,38.28,31.5,7.7
仅周线,SZ.000902,新洋丰,,,,MACD绿柱扩大_零上,2026-05-29,13.02,26.25,7.7
仅周线,SZ.300002,神州泰岳,,,,MACD绿柱缩小_零下,2026-05-22,8.99,29.7,7.7
仅周线,SZ.300697,电工合金,,,,MACD绿柱扩大_零上,2026-04-10,15.39,33.25,7.7
仅周线,SZ.301596,瑞迪智驱,,,,背驰买,2026-03-27,62,26.25,7.7
仅周线,SH.603125,常青科技,,,,MACD绿柱扩大_零上,2026-04-10,18.08,28,7.3
仅周线,SH.600391,航发科技,,,,MACD绿柱扩大_零上,2026-05-08,42.57,35,7.2
仅周线,SZ.301413,安培龙,,,,MACD绿柱扩大_零上,2026-04-30,77.223,22.75,7.2
仅周线,SZ.300199,翰宇药业,,,,三买,2026-03-06,16.23,32.5,6.9
仅周线,SZ.300387,富邦科技,,,,MACD绿柱扩大_零上,2026-04-24,9,28,6.9
仅周线,SH.600618,氯碱化工,,,,MACD绿柱扩大_零上,2026-05-22,11.31,22.75,6.8
仅周线,SH.603344,星德胜,,,,二买 / MACD绿柱扩大_零上,2026-04-10,27.63,34.1,6.8
仅周线,SZ.301046,能辉科技,,,,MACD绿柱扩大_零上,2026-04-10,24.95,29.75,6.8
仅周线,SH.601890,亚星锚链,,,,MACD绿柱扩大_零上,2026-05-22,9.72,22.75,6.7
仅周线,SH.603189,网达软件,,,,MACD绿柱扩大_零上 / 缺口买:普通,2026-05-15,13.62,28,6.7
仅周线,SZ.300230,永利股份,,,,MACD绿柱扩大_零上,2026-04-17,4.82,28,6.4
仅周线,SH.601616,广电电气,,,,MACD绿柱扩大_零上,2026-05-22,4.49,35,6.2
仅周线,SZ.002144,宏达高科,,,,MACD绿柱扩大_零上,2026-05-29,12.02,28,6.1
仅周线,SZ.300512,中亚股份,,,,MACD绿柱扩大_零上,2026-04-10,9.2,26.25,6.1
仅周线,SZ.002228,合兴包装,,,,MACD绿柱扩大_零上,2026-04-10,3.9,35,5.9
仅周线,SH.601168,西部矿业,,,,MACD绿柱扩大_零上,2026-04-10,27.08,28,5.7
仅周线,SH.603283,赛腾股份,,,,二买 / MACD绿柱扩大_零上,2026-04-10,45.91,34.1,5.7
仅周线,SZ.001266,宏英智能,,,,二买 / 三买,2025-12-19,27.23,34.1,5.6
仅周线,SH.688535,华海诚科,,,,二买 / MACD绿柱扩大_零上,2026-04-10,81.09,34.1,5.5
仅周线,SZ.300818,耐普矿机,,,,MACD绿柱扩大_零上,2026-05-08,25.685,35,5.5
仅周线,SH.603726,朗迪集团,,,,二买 / MACD绿柱扩大_零上,2026-04-10,23.19,34.1,5.3
仅周线,SZ.300411,金盾股份,,,,MACD绿柱缩小_零下,2026-05-15,10.02,30,5.3
仅周线,SZ.002037,保利联合,,,,MACD绿柱缩小_零下,2026-05-15,8.2,30,5.2
仅周线,SH.688570,天玛智控,,,,背驰买,2026-03-27,16.46,26.25,5
仅周线,SZ.300143,盈康生命,,,,MACD绿柱扩大_零上,2026-05-29,10.16,28,4.9
仅周线,SZ.301368,丰立智能,,,,背驰买 / MACD绿柱缩小_零下,2026-05-22,55.04,30,4.9
仅周线,SH.600095,湘财股份,,,,MACD绿柱缩小_零下,2026-05-22,9.05,30,4.7
仅周线,SH.600998,九州通,,,,MACD绿柱扩大_零上,2026-05-29,4.8,22.75,4.7
仅周线,SZ.000599,青岛双星,,,,MACD绿柱扩大_零上,2026-04-30,5.96,33.25,4.7
仅周线,SZ.002472,双环传动,,,,MACD绿柱扩大_零上,2026-04-10,38.14,35,4.6
仅周线,SZ.002747,埃斯顿,,,,MACD绿柱扩大_零上,2026-03-27,20.13,24.5,4.6
仅周线,SZ.300648,星云股份,,,,MACD绿柱扩大_零上,2026-05-08,50.28,35,4.5
仅周线,SZ.002496,*ST辉丰,,,,二买,2025-12-19,1.61,34.1,4.4
仅周线,SZ.002538,ST司特,,,,MACD绿柱扩大_零上,2026-05-29,6.22,28,4.4
仅周线,SH.600731,湖南海利,,,,MACD绿柱扩大_零上,2026-04-30,6.84,31.5,4.2
仅周线,SZ.002413,雷科防务,,,,MACD绿柱扩大_零上,2026-05-29,10.47,29.75,4.2
仅周线,SH.605303,园林股份,,,,二买,2025-04-11,7.45,34.1,4.1
仅周线,SZ.301192,泰祥股份,,,,MACD绿柱缩小_零下 / MACD绿柱扩大_零上,2026-05-22,26.01,30,4.1
仅周线,SZ.002159,三特索道,,,,MACD绿柱扩大_零上,2026-05-29,14.93,28,4
仅周线,SH.601606,长城军工,,,,MACD绿柱缩小_零下 / MACD绿柱扩大_零上,2026-05-29,34.31,27.9,3.9
仅周线,SZ.301302,华如科技,,,,MACD绿柱扩大_零上,2026-04-24,24.16,28,3.9
仅周线,SZ.000852,石化机械,,,,MACD绿柱扩大_零上,2026-04-24,7.14,31.5,3.7
仅周线,SH.688426,康为世纪,,,,MACD绿柱缩小_零下,2026-05-22,20.72,30,3.6
仅周线,SH.600271,航天信息,,,,MACD绿柱扩大_零上,2026-04-17,8.72,35,3.4
仅周线,SH.688613,奥精医疗,,,,MACD绿柱扩大_零上,2026-04-30,20.6,33.25,3.4
仅周线,SH.605033,美邦股份,,,,MACD绿柱扩大_零上,2026-05-29,19.8,26.25,3.3
仅周线,SZ.300978,东箭科技,,,,MACD绿柱缩小_零下 / MACD绿柱扩大_零上,2026-05-22,10.91,33.25,3.2
仅周线,SZ.000610,西安旅游,,,,MACD绿柱缩小_零下,2026-05-29,7.34,27.9,3.1
仅周线,SH.603886,元祖股份,,,,MACD绿柱扩大_零上,2026-04-03,12.28,31.5,2.9
仅周线,SH.688563,航材股份,,,,MACD绿柱扩大_零上,2026-05-29,51.96,31.5,2.9
仅周线,SZ.002049,紫光国微,,,,MACD绿柱扩大_零上,2026-04-03,64.92,29.75,2.9
仅周线,SZ.300627,华测导航,,,,MACD绿柱扩大_零上,2026-05-08,33.16,28,2.8
仅周线,SZ.300731,科创新源,,,,二买,2026-04-10,58.76,42.9,2.7
仅周线,SH.603737,三棵树,,,,MACD绿柱扩大_零上,2026-05-15,41.16,31.5,2.5
仅周线,SZ.002249,大洋电机,,,,背驰买 / MACD绿柱扩大_零上,2026-04-10,9.155,33.25,2.5
仅周线,SH.603758,秦安股份,,,,MACD绿柱缩小_零下 / MACD绿柱扩大_零上,2026-05-22,12.6,35,2.4
仅周线,SH.688571,杭华股份,,,,背驰买 / MACD绿柱扩大_零上,2026-04-10,7.59,28,2.4
仅周线,SZ.301586,佳力奇,,,,MACD绿柱缩小_零下,2026-05-22,42.31,30,2.4
仅周线,SZ.301518,长华化学,,,,MACD绿柱扩大_零上,2026-05-15,35.73,29.75,2.3
仅周线,SZ.300323,华灿光电,,,,二买,2026-04-10,9.11,34.1,2.2
仅周线,SH.600249,两面针,,,,背驰买,2025-04-11,4.4,26.25,2.1
仅周线,SH.601106,中国一重,,,,MACD绿柱扩大_零上,2026-05-22,3.95,22.75,2
仅周线,SZ.300004,南风股份,,,,二买 / 三买 / MACD绿柱扩大_零上,2026-04-10,13.84,34.1,2
仅周线,SH.600493,凤竹纺织,,,,MACD绿柱扩大_零上,2026-05-29,6.44,26.25,1.8
仅周线,SZ.000809,和展能源,,,,二买,2025-06-27,2.78,34.1,1.8
仅周线,SH.600698,湖南天雁,,,,MACD绿柱缩小_零下,2026-05-15,7.88,30,1.7
仅周线,SZ.002126,银轮股份,,,,二买,2026-04-10,39.942,34.1,1.7
仅周线,SZ.300749,顶固集创,,,,MACD绿柱扩大_零上,2026-05-29,21,26.25,1.7
仅周线,SZ.002396,星网锐捷,,,,二买 / MACD绿柱扩大_零上,2026-04-10,21.255,34.1,1.5
仅周线,SH.688151,华强科技,,,,MACD绿柱扩大_零上,2026-04-30,19.83,31.5,1.4
仅周线,SH.688287,*ST观典,,,,MACD绿柱扩大_零上,2026-03-20,3.72,24.5,1.4
仅周线,SZ.002828,贝肯能源,,,,MACD绿柱扩大_零上,2026-05-22,10.55,28,1.4
仅周线,SH.601065,江盐集团,,,,MACD绿柱扩大_零上,2026-04-30,8.29,29.75,1.3
仅周线,SZ.300532,今天国际,,,,MACD绿柱缩小_零下,2026-05-08,8.15,30,1.3
仅周线,SH.600580,卧龙电驱,,,,MACD绿柱扩大_零上,2026-04-10,37.73,29.75,1.1
仅周线,SH.600624,ST复华,,,,一买 / 背驰买,2026-04-30,4.14,28,1
仅周线,SZ.000928,中钢国际,,,,MACD绿柱扩大_零上,2026-05-22,6.29,28,1
仅周线,SZ.300446,航天智造,,,,MACD绿柱扩大_零上,2026-05-15,18.61,22.75,1
仅周线,SZ.300645,正元智慧,,,,MACD绿柱扩大_零上,2026-04-10,17.26,26.25,1
仅周线,SZ.300376,易事特,,,,MACD绿柱扩大_零上,2026-05-29,5.13,22.75,0.9
仅周线,SZ.301008,宏昌科技,,,,MACD绿柱扩大_零上,2026-05-15,31.83,29.75,0.9
仅周线,SH.603260,合盛硅业,,,,MACD绿柱缩小_零下,2026-05-22,40.65,29.7,0.8
仅周线,SH.688619,罗普特,,,,背驰买,2025-12-19,13.16,26.25,0.8
仅周线,SH.688627,精智达,,,,三买 / MACD绿柱扩大_零上,2026-04-03,230.5,40,0.6
仅周线,SZ.002063,远光软件,,,,MACD绿柱扩大_零上,2026-05-29,5.92,22.75,0.6
仅周线,SZ.300775,三角防务,,,,MACD绿柱扩大_零上,2026-05-29,24.54,29.75,0.5
仅周线,SH.605567,春雪食品,,,,MACD绿柱扩大_零上,2026-05-29,9.63,24.5,0.4
仅周线,SZ.300553,集智股份,,,,MACD绿柱扩大_零上,2026-04-03,38.51,29.75,0.4
仅周线,SZ.300139,晓程科技,,,,MACD绿柱扩大_零上,2026-05-29,44.21,29.75,0.3
仅周线,SH.603199,九华旅游,,,,MACD绿柱扩大_零上,2026-05-22,33.78,35,0.1
仅周线,SH.603120,肯特催化,,,,MACD绿柱扩大_零上,2026-04-24,38.22,29.75,0
仅周线,SH.688576,西山科技,,,,MACD绿柱扩大_零上,2026-04-24,69.9,29.75,0
仅周线,SH.688219,会通股份,,,,背驰买,2026-03-27,9.88,26.25,-0.2
仅周线,SH.600716,凤凰股份,,,,MACD绿柱扩大_零上,2026-05-29,3.7,26.25,-0.3
仅周线,SH.688216,气派科技,,,,二买 / 三买 / MACD绿柱扩大_零上,2026-04-24,28.35,34.1,-0.4
仅周线,SH.600469,风神股份,,,,MACD绿柱扩大_零上,2026-05-15,6.47,28,-0.5
仅周线,SH.600703,三安光电,,,,MACD绿柱扩大_零上,2026-04-17,13.34,24.5,-0.6
仅周线,SH.603917,合力科技,,,,MACD绿柱扩大_零上,2026-04-10,13.34,35,-0.7
仅周线,SH.688061,灿瑞科技,,,,背驰买 / MACD绿柱扩大_零上,2026-04-10,31.32,26.25,-0.7
仅周线,SZ.000715,中兴商业,,,,MACD绿柱扩大_零上,2026-04-10,5.73,33.25,-0.8
仅周线,SZ.002827,高争民爆,,,,MACD绿柱缩小_零下,2026-05-15,31.72,30,-0.8
仅周线,SH.600866,星湖科技,,,,MACD绿柱扩大_零上,2026-04-24,6.58,22.75,-0.9
仅周线,SH.688129,东来技术,,,,二买,2025-12-19,18.7,34.1,-0.9
仅周线,SZ.301398,星源卓镁,,,,MACD绿柱扩大_零上,2026-05-08,47.48,29.75,-0.9
仅周线,SZ.300535,达威股份,,,,MACD绿柱扩大_零上,2026-05-22,18.12,29.75,-1
仅周线,SZ.000738,航发控制,,,,MACD绿柱扩大_零上,2026-05-29,19.14,24.5,-1.1
仅周线,SZ.300181,佐力药业,,,,一买,2026-05-29,13.454,28,-1.1
仅周线,SZ.300730,科创信息,,,,背驰买,2025-12-05,12.2,26.25,-1.1
仅周线,SH.603375,盛景微,,,,背驰买,2026-03-27,33.61,26.25,-1.2
仅周线,SH.603679,华体科技,,,,MACD绿柱扩大_零上,2026-04-03,12.77,26.25,-1.2
仅周线,SZ.301261,恒工精密,,,,MACD绿柱扩大_零上,2026-04-10,76.48,29.75,-1.3
仅周线,SH.603393,新天然气,,,,MACD绿柱扩大_零上,2026-05-29,26.59,26.25,-1.7
仅周线,SZ.002380,科远智慧,,,,二买 / 三买,2026-04-10,29.86,34.1,-1.7
仅周线,SH.688066,航天宏图,,,,MACD绿柱缩小_零下 / MACD绿柱扩大_零上,2026-05-29,14.1,28,-1.9
仅周线,SZ.001395,亚联机械,,,,MACD绿柱缩小_零下,2026-05-15,38.66,30,-1.9
仅周线,SH.600586,金晶科技,,,,MACD绿柱扩大_零上,2026-05-29,5.19,22.75,-2
仅周线,SH.688695,中创股份,,,,MACD绿柱缩小_零下,2026-05-22,24.88,30,-2
仅周线,SZ.002999,天禾股份,,,,MACD绿柱扩大_零上,2026-05-29,6.22,24.5,-2
仅周线,SZ.300007,汉威科技,,,,MACD绿柱缩小_零下 / MACD绿柱扩大_零上,2026-05-22,50.81,31.5,-2
仅周线,SH.603015,弘讯科技,,,,MACD绿柱扩大_零上,2026-04-24,11.68,28,-2.1
仅周线,SZ.002080,中材科技,,,,二买,2026-03-27,38.016,34.1,-2.2
仅周线,SH.603650,彤程新材,,,,二买 / MACD绿柱扩大_零上,2026-04-17,54.01,34.1,-2.3
仅周线,SZ.000700,模塑科技,,,,二买 / MACD绿柱扩大_零上,2026-04-24,10.93,34.1,-2.3
仅周线,SZ.300275,梅安森,,,,MACD绿柱缩小_零下,2026-05-15,10.675,30,-2.3
仅周线,SZ.002224,三 力 士,,,,MACD绿柱扩大_零上,2026-04-30,4.37,29.75,-2.6
仅周线,SZ.001333,光华股份,,,,MACD绿柱扩大_零上,2026-04-30,23.84,29.75,-2.7
仅周线,SH.688181,八亿时空,,,,背驰买 / MACD绿柱扩大_零上,2026-04-10,33.28,31.5,-2.9
仅周线,SZ.002254,泰和新材,,,,MACD绿柱扩大_零上,2026-04-24,10.68,29.75,-2.9
仅周线,SZ.301293,三博脑科,,,,MACD绿柱扩大_零上,2026-05-08,70.16,33.25,-2.9
仅周线,SH.603381,永臻股份,,,,MACD绿柱扩大_零上,2026-05-29,19.85,24.5,-3
仅周线,SZ.300448,浩云科技,,,,MACD绿柱扩大_零上,2026-04-24,7.702,28,-3
仅周线,SH.688334,西高院,,,,MACD绿柱扩大_零上,2026-05-22,20.275,31.5,-3.2
仅周线,SZ.000404,长虹华意,,,,二买 / 三买,2025-01-17,6.41,42.9,-3.2
仅周线,SZ.002305,*ST南置,,,,MACD绿柱缩小_零下,2026-04-10,2.19,30,-3.3
仅周线,SZ.300366,ST创意,,,,背驰买,2026-04-30,4.97,26.25,-3.3
仅周线,SH.603949,雪龙集团,,,,MACD绿柱扩大_零上,2026-04-24,17.48,26.25,-3.4
仅周线,SZ.301317,鑫磊股份,,,,二买,2025-11-21,28.73,34.1,-3.4
仅周线,SZ.002090,金智科技,,,,MACD绿柱扩大_零上,2026-04-24,10.5,35,-3.5
仅周线,SZ.300375,鹏翎股份,,,,MACD绿柱缩小_零下 / MACD绿柱扩大_零上,2026-05-22,4.87,30,-3.5
仅周线,SH.600460,士兰微,,,,MACD绿柱扩大_零上,2026-04-10,26.58,24.5,-3.6
仅周线,SH.688433,华曙高科,,,,二买 / 三买 / MACD绿柱扩大_零上,2026-04-17,70.949,42.9,-3.7
仅周线,SH.688511,天微电子,,,,三买 / MACD绿柱扩大_零上,2026-04-10,21.85,32.5,-3.7
仅周线,SZ.300523,辰安科技,,,,MACD绿柱扩大_零上,2026-04-03,20.54,28,-3.7
仅周线,SH.600967,内蒙一机,,,,MACD绿柱缩小_零下,2026-05-15,14.04,30,-3.8
仅周线,SZ.002973,侨银股份,,,,MACD绿柱扩大_零上,2026-04-03,12.7,28,-3.8
仅周线,SZ.301323,新莱福,,,,背驰买 / MACD绿柱扩大_零上,2026-03-27,55.69,29.75,-3.8
仅周线,SH.688663,新风光,,,,二买 / 三买,2025-12-31,38.5,42.9,-3.9
仅周线,SZ.002541,鸿路钢构,,,,MACD绿柱扩大_零上,2026-05-29,18.7,28,-3.9
仅周线,SH.601121,宝地矿业,,,,MACD绿柱扩大_零上,2026-05-29,6.48,24.5,-4
仅周线,SH.688646,ST逸飞,,,,二买,2025-10-17,29.94,42.9,-4
仅周线,SH.603662,柯力传感,,,,背驰买,2026-04-10,52.44,26.25,-4.1
仅周线,SH.600262,北方股份,,,,MACD绿柱扩大_零上,2026-04-10,25.81,29.75,-4.2
仅周线,SZ.300576,容大感光,,,,MACD绿柱扩大_零上 / 形态:头肩底,2026-04-10,34.92,31.5,-4.2
仅周线,SZ.301256,华融化学,,,,MACD绿柱扩大_零上,2026-04-17,13.88,33.25,-4.2
仅周线,SH.601899,紫金矿业,,,,MACD绿柱扩大_零上,2026-05-29,30.44,28,-4.3
仅周线,SZ.000868,安凯客车,,,,MACD绿柱缩小_零下,2026-05-15,4.33,30,-4.4
仅周线,SZ.300019,硅宝科技,,,,MACD绿柱扩大_零上,2026-04-10,19.36,26.25,-4.4
仅周线,SZ.300126,锐奇股份,,,,MACD绿柱缩小_零下 / MACD绿柱扩大_零上,2026-05-22,7.71,30,-4.4
仅周线,SZ.301595,太力科技,,,,MACD绿柱扩大_零上,2026-05-29,45,24.5,-4.4
仅周线,SH.603700,宁水集团,,,,MACD绿柱扩大_零上,2026-05-29,11.3,24.5,-4.6
仅周线,SZ.002945,华林证券,,,,MACD绿柱扩大_零上,2026-04-30,15.52,33.25,-4.8
仅周线,SH.600579,中化装备,,,,MACD绿柱扩大_零上,2026-04-10,8.02,28,-4.9
仅周线,SH.688089,嘉必优,,,,MACD绿柱缩小_零下,2026-03-27,18.24,30,-4.9
仅周线,SH.688305,科德数控,,,,二买 / MACD绿柱扩大_零上,2026-04-10,57.11,34.1,-4.9
仅周线,SZ.002332,仙琚制药,,,,一买,2026-05-29,8.2,28,-4.9
仅周线,SZ.300927,江天化学,,,,MACD绿柱扩大_零上,2026-05-29,23.69,26.25,-5.1
仅周线,SH.601965,中国汽研,,,,MACD绿柱扩大_零上 / 形态:上升三角,2026-04-24,16.46,26.25,-5.4
仅周线,SZ.002164,宁波东力,,,,MACD绿柱扩大_零上,2026-04-10,13.23,35,-5.5
仅周线,SZ.301491,汉桑科技,,,,MACD绿柱缩小_零下,2026-05-15,51.04,30,-5.5
仅周线,SZ.002809,红墙股份,,,,MACD绿柱扩大_零上,2026-04-30,10.66,31.5,-5.6
仅周线,SZ.300369,绿盟科技,,,,MACD绿柱扩大_零上,2026-05-22,7.01,29.75,-5.8
仅周线,SZ.301023,奕帆传动,,,,MACD绿柱扩大_零上,2026-04-10,40,28,-5.8
仅周线,SH.688259,创耀科技,,,,MACD绿柱缩小_零下,2026-05-15,39.44,30,-5.9
仅周线,SH.600645,中源协和,,,,MACD绿柱扩大_零上,2026-05-29,19.9,26.25,-6.1
仅周线,SZ.300256,星星科技,,,,MACD绿柱缩小_零下,2026-05-29,3.11,24.3,-6.1
仅周线,SH.600516,方大炭素,,,,MACD绿柱扩大_零上,2026-05-29,5.03,24.5,-6.2
仅周线,SH.603421,鼎信通讯,,,,MACD绿柱扩大_零上,2026-05-29,7.23,28,-6.2
仅周线,SH.603072,天和磁材,,,,背驰买,2026-03-27,34,26.25,-6.3
仅周线,SZ.001338,永顺泰,,,,MACD绿柱扩大_零上,2026-05-29,11.4,24.5,-6.3
仅周线,SH.603867,新化股份,,,,二买,2026-03-27,27.6,34.1,-6.4
仅周线,SZ.000045,深纺织Ａ,,,,MACD绿柱扩大_零上,2026-05-08,12.27,31.5,-6.6
仅周线,SH.603528,多伦科技,,,,MACD绿柱缩小_零下 / MACD绿柱扩大_零上,2026-05-29,7.04,35,-6.7
仅周线,SH.600216,浙江医药,,,,MACD绿柱扩大_零上,2026-05-22,13.61,28,-6.8
仅周线,SH.600480,凌云股份,,,,背驰买,2026-04-10,9.16,26.25,-6.8
仅周线,SH.600326,西藏天路,,,,MACD绿柱缩小_零下,2026-05-15,8.89,30,-6.9
仅周线,SZ.300224,正海磁材,,,,MACD绿柱扩大_零上,2026-04-10,14.571,24.5,-6.9
仅周线,SZ.002190,成飞集成,,,,MACD绿柱缩小_零下,2026-05-22,30.24,30,-7
仅周线,SZ.002654,万润科技,,,,背驰买 / MACD绿柱扩大_零上,2026-04-10,14.05,29.75,-7
仅周线,SH.600064,南京高科,,,,MACD绿柱扩大_零上,2026-05-22,7.39,28,-7.1
仅周线,SZ.002021,中捷资源,,,,MACD绿柱扩大_零上,2026-05-29,2.75,24.5,-7.2
仅周线,SZ.300505,川金诺,,,,MACD绿柱扩大_零上,2026-05-29,21.06,29.75,-7.2
仅周线,SZ.002268,电科网安,,,,MACD绿柱扩大_零上,2026-04-17,17.38,33.25,-7.3
仅周线,SZ.300435,中泰股份,,,,MACD绿柱扩大_零上,2026-05-29,18.49,29.75,-7.6
仅周线,SZ.301121,紫建电子,,,,背驰买,2026-04-10,33.28,26.25,-7.6
仅周线,SH.600984,建设机械,,,,二买 / MACD绿柱扩大_零上,2026-04-10,4.12,34.1,-7.7
仅周线,SH.601975,招商南油,,,,二买,2025-12-19,2.923,34.1,-7.7
仅周线,SH.688311,盟升电子,,,,MACD绿柱扩大_零上,2026-04-17,39.27,31.5,-7.7
仅周线,SH.600962,国投中鲁,,,,MACD绿柱扩大_零上,2026-04-10,19.2,31.5,-7.9
仅周线,SH.688223,晶科能源,,,,MACD绿柱扩大_零上,2026-05-29,5.86,29.75,-8
仅周线,SZ.000665,湖北广电,,,,MACD绿柱缩小_零下,2026-05-29,4.4,29.1,-8
仅周线,SZ.002017,东信和平,,,,MACD绿柱缩小_零下 / MACD绿柱扩大_零上,2026-05-22,18.03,33.25,-8
仅周线,SZ.300676,华大基因,,,,MACD绿柱缩小_零下,2026-05-15,40.75,30,-8
仅周线,SH.600438,通威股份,,,,MACD绿柱缩小_零下,2026-05-15,16.25,30,-8.1
仅周线,SH.603216,梦天家居,,,,MACD绿柱扩大_零上,2026-04-30,29.6,24.5,-8.1
仅周线,SH.600486,扬农化工,,,,MACD绿柱扩大_零上,2026-05-29,57.16,28,-8.2
仅周线,SZ.002790,瑞尔特,,,,MACD绿柱扩大_零上,2026-04-03,7.92,35,-8.2
仅周线,SZ.000663,永安林业,,,,MACD绿柱缩小_零下 / MACD绿柱扩大_零上,2026-05-29,5.95,31.5,-8.5
仅周线,SZ.002137,实益达,,,,MACD绿柱缩小_零下 / MACD绿柱扩大_零上,2026-05-29,8.49,31.5,-8.5
仅周线,SH.603109,神驰机电,,,,MACD绿柱缩小_零下,2026-05-22,21.12,28.8,-8.6
仅周线,SH.603255,鼎际得,,,,背驰买,2026-03-27,26.07,26.25,-8.6
仅周线,SZ.001322,箭牌家居,,,,MACD绿柱扩大_零上,2026-04-10,7.401,24.5,-8.6
仅周线,SH.603297,永新光学,,,,二买 / 三买,2026-03-27,98.54,34.1,-8.8
仅周线,SH.603728,鸣志电器,,,,背驰买 / MACD绿柱缩小_零下,2026-05-15,64.99,30,-8.8
仅周线,SZ.002110,三钢闽光,,,,MACD绿柱扩大_零上,2026-03-27,3.89,24.5,-8.8
仅周线,SH.603669,灵康药业,,,,一买 / 背驰买,2026-03-27,4.02,28,-8.9
仅周线,SZ.300238,冠昊生物,,,,MACD绿柱扩大_零上,2026-04-24,14.45,29.75,-8.9
仅周线,SZ.301062,上海艾录,,,,MACD绿柱扩大_零上,2026-04-10,8.3,28,-8.9
仅周线,SZ.301102,兆讯传媒,,,,MACD绿柱缩小_零下 / MACD绿柱扩大_零上,2026-05-22,10.82,30,-8.9
仅周线,SH.688114,华大智造,,,,MACD绿柱缩小_零下,2026-05-29,50.5,30,-9
仅周线,SH.688198,佰仁医疗,,,,MACD绿柱缩小_零下,2026-05-08,98.42,30,-9
仅周线,SH.603309,维力医疗,,,,MACD绿柱扩大_零上,2026-05-29,12.44,22.75,-9.2
仅周线,SH.600481,双良节能,,,,MACD绿柱扩大_零上,2026-05-08,6.4,35,-9.3
仅周线,SH.688371,菲沃泰,,,,背驰买 / MACD绿柱扩大_零上,2026-04-03,18.48,26.25,-9.3
仅周线,SZ.300138,晨光生物,,,,MACD绿柱扩大_零上,2026-04-30,11.53,24.5,-9.5
仅周线,SH.603880,南卫股份,,,,二买,2025-12-19,5.94,34.1,-9.7
仅周线,SH.600721,百花医药,,,,MACD绿柱扩大_零上,2026-05-15,8.09,26.25,-9.8
仅周线,SH.601608,中信重工,,,,MACD绿柱扩大_零上,2026-04-17,6.27,33.25,-9.8
仅周线,SZ.300049,福瑞医科,,,,MACD绿柱缩小_零下 / MACD绿柱扩大_零上,2026-05-22,54.82,35,-9.8
仅周线,SZ.301100,风光股份,,,,MACD绿柱缩小_零下 / MACD绿柱扩大_零上,2026-05-22,17.97,31.5,-10.3
仅周线,SH.601163,三角轮胎,,,,MACD绿柱扩大_零上,2026-04-17,14.09,29.75,-10.4
仅周线,SZ.000837,秦川机床,,,,背驰买,2026-04-03,10.11,26.25,-10.4
仅周线,SH.601688,华泰证券,,,,MACD绿柱缩小_零下 / MACD绿柱扩大_零上,2026-05-29,18.18,35,-10.7
仅周线,SH.688586,江航装备,,,,三买 / MACD绿柱扩大_零上,2026-05-08,14.3,32.5,-10.7
仅周线,SZ.300277,汽轮科技,,,,MACD绿柱扩大_零上,2026-05-29,15.4,28,-10.7
仅周线,SH.601702,华峰铝业,,,,MACD绿柱扩大_零上,2026-05-08,18.99,28,-10.8
仅周线,SZ.002383,合众思壮,,,,MACD绿柱扩大_零上,2026-04-17,9.63,31.5,-10.9
仅周线,SZ.002420,毅昌科技,,,,MACD绿柱扩大_零上,2026-05-22,6.72,28,-10.9
仅周线,SZ.300121,阳谷华泰,,,,MACD绿柱缩小_零下,2026-05-22,12.54,30,-11
仅周线,SH.688056,莱伯泰科,,,,MACD绿柱扩大_零上,2026-05-29,31.99,22.75,-11.1
仅周线,SZ.300429,强力新材,,,,MACD绿柱扩大_零上,2026-04-10,13.73,29.75,-11.2
仅周线,SZ.301018,申菱环境,,,,二买 / 三买,2025-12-05,49.66,34.1,-11.3
仅周线,SH.601798,蓝科高新,,,,MACD绿柱扩大_零上,2026-05-22,8.56,28,-11.9
仅周线,SH.603238,诺邦股份,,,,MACD绿柱缩小_零下 / MACD绿柱扩大_零上,2026-05-22,14.42,23.7,-12
仅周线,SZ.003010,若羽臣,,,,MACD绿柱缩小_零下,2026-05-15,28.76,30,-12
仅周线,SZ.300551,古鳌科技,,,,三买 / MACD绿柱扩大_零上,2026-04-30,14.35,33.25,-12.1
仅周线,SH.688596,正帆科技,,,,背驰买,2026-04-03,27.41,26.25,-12.2
仅周线,SZ.002395,双象股份,,,,二买 / MACD绿柱扩大_零上,2026-04-17,18.01,34.1,-12.2
仅周线,SH.601788,光大证券,,,,MACD绿柱缩小_零下,2026-05-15,14.95,30,-12.3
仅周线,SZ.300354,东华测试,,,,MACD绿柱缩小_零下,2026-05-22,37.82,30,-12.4
仅周线,SH.603182,嘉华股份,,,,MACD绿柱扩大_零上,2026-05-29,13.2,24.5,-12.6
仅周线,SZ.002097,山河智能,,,,背驰买 / MACD绿柱缩小_零下,2026-05-15,9.7,30,-12.6
仅周线,SZ.300471,厚普股份,,,,MACD绿柱扩大_零上,2026-05-29,9.91,28,-12.6
仅周线,SZ.301155,海力风电,,,,MACD绿柱扩大_零上,2026-04-10,66.06,22.75,-12.6
仅周线,SZ.002807,江阴银行,,,,MACD绿柱扩大_零上,2026-04-10,4.027,29.75,-12.9
仅周线,SZ.002223,鱼跃医疗,,,,MACD绿柱扩大_零上,2026-04-10,32,28,-13
仅周线,SZ.300258,精锻科技,,,,MACD绿柱扩大_零上,2026-04-10,12.31,24.5,-13
仅周线,SZ.301009,可靠股份,,,,MACD绿柱缩小_零下,2026-05-08,11.52,30,-13
仅周线,SH.605378,野马电池,,,,MACD绿柱缩小_零下,2026-05-08,20.28,30,-13.1
仅周线,SZ.000017,深中华A,,,,MACD绿柱扩大_零上,2026-04-10,6.86,35,-13.1
仅周线,SZ.003042,中农联合,,,,MACD绿柱扩大_零上,2026-05-22,16.09,28,-13.2
仅周线,SZ.301522,上大股份,,,,MACD绿柱缩小_零下 / MACD绿柱扩大_零上,2026-05-22,31.96,30,-13.6
仅周线,SZ.300195,长荣股份,,,,MACD绿柱扩大_零上,2026-05-08,7.02,24.5,-13.7
仅周线,SH.600258,首旅酒店,,,,MACD绿柱扩大_零上,2026-05-22,13.2,29.75,-13.8
仅周线,SH.688270,ST臻镭,,,,MACD绿柱扩大_零上,2026-05-29,118.68,29.75,-14.1
仅周线,SZ.002165,红 宝 丽,,,,MACD绿柱扩大_零上,2026-05-15,9.74,33.25,-14.2
仅周线,SZ.002405,四维图新,,,,MACD绿柱扩大_零上,2026-05-29,8.73,28,-14.2
仅周线,SZ.300397,天和防务,,,,MACD绿柱缩小_零下 / MACD绿柱扩大_零上,2026-05-15,13.56,30,-14.2
仅周线,SH.603305,旭升集团,,,,二买 / MACD绿柱扩大_零上,2026-04-10,14.99,34.1,-14.3
仅周线,SZ.300687,赛意信息,,,,背驰买,2026-04-03,18.01,26.25,-14.3
仅周线,SZ.000999,华润三九,,,,一买,2026-05-29,23.42,28,-14.4
仅周线,SZ.002955,鸿合科技,,,,MACD绿柱缩小_零下 / MACD绿柱扩大_零上,2026-05-15,24.44,30,-14.5
仅周线,SZ.300185,通裕重工,,,,MACD绿柱扩大_零上,2026-05-29,2.78,28,-14.6
仅周线,SZ.300691,联合光电,,,,背驰买,2026-03-27,14.95,26.25,-14.6
仅周线,SZ.300955,嘉亨家化,,,,二买,2026-03-27,30,34.1,-14.7
仅周线,SH.600185,珠免集团,,,,MACD绿柱扩大_零上,2026-04-17,5.98,33.25,-14.8
仅周线,SH.601928,凤凰传媒,,,,一买,2026-05-29,8.66,28,-14.8
仅周线,SH.688026,洁特生物,,,,MACD绿柱扩大_零上,2026-04-10,16.59,28,-14.9
仅周线,SZ.300963,中洲特材,,,,MACD绿柱缩小_零下 / MACD绿柱扩大_零上,2026-05-15,17.43,30,-15
仅周线,SH.688173,希荻微,,,,二买 / MACD绿柱扩大_零上,2026-04-10,14.29,34.1,-15.3
仅周线,SZ.301201,诚达药业,,,,MACD绿柱扩大_零上,2026-05-22,35.45,26.25,-15.3
仅周线,SH.688118,普元信息,,,,MACD绿柱扩大_零上,2026-05-29,22.91,28,-15.6
仅周线,SH.600075,新疆天业,,,,MACD绿柱扩大_零上,2026-05-15,6.31,29.75,-15.9
仅周线,SH.603083,剑桥科技,,,,二买 / MACD绿柱扩大_零上,2026-04-10,115.96,34.1,-15.9
仅周线,SZ.002394,联发股份,,,,MACD绿柱扩大_零上,2026-05-22,11.4,31.5,-16
仅周线,SH.688188,柏楚电子,,,,MACD绿柱扩大_零上,2026-04-10,142.09,28,-16.2
仅周线,SH.688579,地纬智能,,,,MACD绿柱扩大_零上,2026-04-17,11.21,28,-16.3
仅周线,SH.688202,美迪西,,,,MACD绿柱扩大_零上,2026-05-29,59.64,26.25,-16.4
仅周线,SZ.002979,雷赛智能,,,,背驰买,2026-03-27,34.32,26.25,-16.7
仅周线,SH.688348,昱能科技,,,,MACD绿柱扩大_零上,2026-05-22,47.86,26.25,-16.9
仅周线,SZ.002878,元隆雅图,,,,MACD绿柱扩大_零上,2026-03-27,16.99,29.75,-16.9
仅周线,SH.600847,万里股份,,,,二买 / 三买,2025-12-19,10.81,34.1,-17.2
仅周线,SZ.300115,长盈精密,,,,MACD绿柱扩大_零上,2026-04-10,33.56,35,-17.4
仅周线,SZ.301529,福赛科技,,,,二买 / MACD绿柱扩大_零上,2026-04-17,81.024,34.1,-17.4
仅周线,SH.603161,科华控股,,,,二买 / MACD绿柱扩大_零上,2026-05-29,12.68,34.1,-17.5
仅周线,SZ.002174,游族网络,,,,背驰买,2026-03-27,8.89,26.25,-17.9
仅周线,SZ.300124,汇川技术,,,,MACD绿柱扩大_零上,2026-04-10,68.11,35,-18
仅周线,SZ.300786,国林科技,,,,二买 / MACD绿柱扩大_零上,2026-03-27,13.7,34.1,-18
仅周线,SZ.301535,浙江华远,,,,MACD绿柱扩大_零上,2026-05-08,19.66,33.25,-18.2
仅周线,SZ.300125,*ST聆达,,,,三买,2026-03-27,7.68,40,-18.3
仅周线,SZ.301278,快可电子,,,,MACD绿柱扩大_零上,2026-05-29,34.84,24.5,-18.3
仅周线,SZ.002279,久其软件,,,,MACD绿柱扩大_零上,2026-05-29,6.65,26.25,-18.4
仅周线,SH.603810,丰山集团,,,,MACD绿柱扩大_零上,2026-04-17,15.52,29.75,-18.6
仅周线,SZ.002116,中国海诚,,,,MACD绿柱扩大_零上,2026-04-30,9.73,28,-18.6
仅周线,SZ.003043,华亚智能,,,,二买 / 三买,2025-12-19,41.84,34.1,-18.7
仅周线,SH.601399,国机重装,,,,MACD绿柱扩大_零上,2026-04-30,4.29,28,-18.8
仅周线,SZ.300811,铂科新材,,,,二买 / 三买 / MACD绿柱扩大_零上,2026-04-10,58.643,42.9,-18.8
仅周线,SH.688358,祥生医疗,,,,MACD绿柱扩大_零上,2026-04-10,29.74,31.5,-19
仅周线,SZ.300338,ST开元,,,,一买,2026-05-29,3.01,28,-19.1
仅周线,SH.603863,松炀资源,,,,背驰买 / MACD绿柱扩大_零上,2026-04-30,18.1,28,-19.3
仅周线,SH.603228,景旺电子,,,,MACD绿柱扩大_零上,2026-04-10,58.88,33.25,-19.6
仅周线,SH.688569,铁科轨道,,,,一买 / MACD绿柱缩小_零下,2026-05-22,19.82,30,-19.6
仅周线,SZ.301131,聚赛龙,,,,MACD绿柱缩小_零下 / MACD绿柱扩大_零上,2026-05-22,42.13,31.5,-19.6
仅周线,SZ.002530,金财互联,,,,MACD绿柱缩小_零下,2026-05-22,8.45,30,-19.7
仅周线,SZ.000777,中核科技,,,,MACD绿柱扩大_零上,2026-05-15,19.62,29.75,-19.8
仅周线,SZ.300080,易成新能,,,,MACD绿柱扩大_零上,2026-05-08,4.53,28,-19.9
仅周线,SZ.300226,上海钢联,,,,MACD绿柱扩大_零上,2026-04-24,23.62,31.5,-20.2
仅周线,SZ.301187,欧圣电气,,,,背驰买 / MACD绿柱缩小_零下,2026-05-15,21.43,30,-20.2
仅周线,SZ.301108,洁雅股份,,,,MACD绿柱扩大_零上,2026-04-17,27.3,31.5,-20.3
仅周线,SZ.300081,ST恒信,,,,MACD绿柱缩小_零下,2026-05-29,3.98,30,-20.4
仅周线,SZ.300506,ST名家汇,,,,二买,2026-04-10,4.33,42.9,-20.4
仅周线,SZ.002034,旺能环境,,,,二买,2024-09-20,12.34,42.9,-20.6
仅周线,SH.688593,新相微,,,,二买,2025-12-19,18.21,34.1,-21.2
仅周线,SZ.300746,汉嘉数智,,,,背驰买,2026-03-27,11.22,26.25,-21.2
仅周线,SH.688360,德马科技,,,,MACD绿柱缩小_零下,2026-04-17,19.12,30,-21.3
仅周线,SH.688552,航天南湖,,,,MACD绿柱扩大_零上,2026-05-29,31.3,24.5,-21.4
仅周线,SZ.002836,新宏泽,,,,MACD绿柱扩大_零上,2026-04-24,12.464,26.25,-21.4
仅周线,SH.605028,世茂能源,,,,MACD绿柱扩大_零上,2026-05-29,23.1,28,-21.5
仅周线,SH.688505,复旦张江,,,,MACD绿柱缩小_零下,2026-05-15,7.8,30,-21.5
仅周线,SZ.300706,阿石创,,,,MACD绿柱扩大_零上,2026-04-10,37.84,29.75,-21.5
仅周线,SZ.001380,华纬科技,,,,MACD绿柱缩小_零下,2026-05-22,19.98,30,-21.6
仅周线,SZ.002379,宏桥控股,,,,MACD绿柱扩大_零上,2026-05-29,21.26,29.75,-21.6
仅周线,SZ.300426,华智数媒,,,,MACD绿柱缩小_零下,2026-05-22,7.08,28.8,-21.6
仅周线,SH.688032,禾迈股份,,,,MACD绿柱扩大_零上,2026-05-29,96.07,26.25,-21.8
仅周线,SZ.002040,南 京 港,,,,MACD绿柱扩大_零上,2026-04-30,9.95,33.25,-21.8
仅周线,SZ.002519,银河电子,,,,MACD绿柱扩大_零上,2026-05-22,7.41,24.5,-21.9
仅周线,SH.603350,安乃达,,,,MACD绿柱缩小_零下,2026-05-15,36.25,30,-22
仅周线,SZ.301300,远翔新材,,,,MACD绿柱扩大_零上,2026-05-29,35.52,28,-22.1
仅周线,SH.600010,包钢股份,,,,MACD绿柱扩大_零上,2026-05-29,2.36,28,-22.4
仅周线,SZ.000592,平潭发展,,,,MACD绿柱扩大_零上,2026-05-29,8.58,22.75,-22.4
仅周线,SZ.000818,航锦科技,,,,一买,2026-04-30,13.18,28,-22.5
仅周线,SZ.000008,神州高铁,,,,MACD绿柱扩大_零上,2026-04-10,2.74,29.75,-22.7
仅周线,SH.601881,中国银河,,,,MACD绿柱缩小_零下,2026-05-08,12.84,30,-22.9
仅周线,SH.688176,亚虹医药,,,,MACD绿柱扩大_零上,2026-05-29,11.38,26.25,-23.5
仅周线,SH.688561,奇安信,,,,MACD绿柱缩小_零下 / MACD绿柱扩大_零上,2026-05-29,26.79,28.8,-23.5
仅周线,SZ.301538,骏鼎达,,,,二买 / MACD绿柱扩大_零上,2026-05-08,81,34.1,-23.6
仅周线,SZ.000779,甘咨询,,,,MACD绿柱扩大_零上,2026-04-30,8.86,29.75,-23.7
仅周线,SZ.000905,厦门港务,,,,MACD绿柱扩大_零上,2026-04-30,10.87,28,-23.7
仅周线,SZ.002868,*ST绿康,,,,MACD绿柱扩大_零上,2026-05-22,36.41,33.25,-23.8
仅周线,SZ.002546,新联电子,,,,MACD绿柱扩大_零上,2026-05-29,7.53,29.75,-24
仅周线,SH.603628,清源股份,,,,MACD绿柱扩大_零上,2026-05-15,12.11,28,-24.1
仅周线,SZ.002837,英维克,,,,MACD绿柱扩大_零上,2026-05-08,102.28,28,-24.3
仅周线,SZ.300537,广信材料,,,,MACD绿柱扩大_零上,2026-04-10,22.13,29.75,-24.3
仅周线,SH.600108,亚盛集团,,,,MACD绿柱扩大_零上,2026-05-29,3.47,26.25,-24.4
仅周线,SH.600425,青松建化,,,,MACD绿柱扩大_零上,2026-04-17,4.06,26.25,-24.5
仅周线,SZ.300632,光莆股份,,,,二买,2026-01-30,13.39,34.1,-24.7
仅周线,SZ.300401,花园生物,,,,MACD绿柱扩大_零上,2026-04-24,12.967,26.25,-24.8
仅周线,SZ.301370,国科恒泰,,,,MACD绿柱扩大_零上,2026-04-10,10.55,35,-24.9
仅周线,SZ.300702,天宇股份,,,,MACD绿柱扩大_零上,2026-03-27,22.95,33.25,-25
仅周线,SZ.002092,中泰化学,,,,MACD绿柱扩大_零上,2026-05-29,4.64,29.75,-25.4
仅周线,SZ.002679,福建金森,,,,MACD绿柱缩小_零下 / MACD绿柱扩大_零上,2026-05-22,10.22,30,-25.4
仅周线,SH.688088,虹软科技,,,,MACD绿柱缩小_零下,2026-05-29,39.31,30,-25.5
仅周线,SH.603688,石英股份,,,,二买,2025-12-19,34.74,34.1,-25.6
仅周线,SH.600775,南京熊猫,,,,MACD绿柱扩大_零上,2026-05-29,10.78,29.75,-25.9
仅周线,SZ.002284,亚太股份,,,,MACD绿柱扩大_零上,2026-05-29,11.51,22.75,-25.9
仅周线,SZ.300141,和顺电气,,,,MACD绿柱扩大_零上,2026-05-29,11.34,22.75,-25.9
仅周线,SZ.001217,华尔泰,,,,MACD绿柱扩大_零上,2026-04-17,11.62,33.25,-26.2
仅周线,SH.600423,柳化股份,,,,二买 / MACD绿柱扩大_零上,2026-04-24,2.66,34.1,-26.3
仅周线,SH.688361,中科飞测,,,,三买 / MACD绿柱扩大_零上,2026-04-10,170.72,32.5,-26.3
仅周线,SZ.000683,博源化工,,,,MACD绿柱扩大_零上,2026-05-29,7.2,26.25,-26.3
仅周线,SZ.301083,百胜智能,,,,MACD绿柱缩小_零下 / MACD绿柱扩大_零上,2026-05-22,16.87,33.25,-26.3
仅周线,SZ.301448,开创电气,,,,MACD绿柱缩小_零下,2026-05-22,36.86,30,-26.3
仅周线,SH.603982,泉峰汽车,,,,MACD绿柱缩小_零下,2026-05-22,7.62,30,-26.5
仅周线,SH.688716,中研股份,,,,背驰买,2026-04-30,31.01,26.25,-26.7
仅周线,SH.688789,宏华数科,,,,MACD绿柱扩大_零上,2026-04-17,72.08,31.5,-26.8
仅周线,SH.603082,北自科技,,,,背驰买,2026-03-27,32.76,26.25,-26.9
仅周线,SH.600893,航发动力,,,,MACD绿柱扩大_零上,2026-05-22,45.81,31.5,-27.1
仅周线,SH.603505,金石资源,,,,MACD绿柱扩大_零上,2026-04-24,17.82,31.5,-27.8
仅周线,SZ.000058,深 赛 格,,,,MACD绿柱缩小_零下,2026-05-22,7.58,30,-28
仅周线,SZ.301556,托普云农,,,,MACD绿柱缩小_零下 / MACD绿柱扩大_零上,2026-05-22,76.05,24.5,-28
仅周线,SZ.000981,山子高科,,,,MACD绿柱扩大_零上,2026-05-29,3.59,24.5,-28.1
仅周线,SH.688359,三孚新科,,,,二买 / 三买,2025-10-17,54.71,42.9,-28.2
仅周线,SZ.300412,迦南科技,,,,MACD绿柱扩大_零上,2026-04-17,5.2,29.75,-28.2
仅周线,SH.600399,抚顺特钢,,,,MACD绿柱扩大_零上,2026-05-22,5.11,29.75,-28.4
仅周线,SH.603948,建业股份,,,,MACD绿柱扩大_零上,2026-05-29,25.41,24.5,-28.4
仅周线,SZ.300940,南极光,,,,MACD绿柱缩小_零下 / MACD绿柱扩大_零上,2026-05-22,20.74,30,-28.7
仅周线,SH.601226,华电科工,,,,MACD绿柱扩大_零上,2026-05-22,8.25,26.25,-28.9
仅周线,SZ.002953,日丰股份,,,,MACD绿柱缩小_零下 / MACD绿柱扩大_零上,2026-05-15,11.371,30,-29.6
仅周线,SZ.001390,古麒绒材,,,,MACD绿柱缩小_零下,2026-05-15,19.94,28.8,-29.7
仅周线,SZ.002291,遥望科技,,,,MACD绿柱缩小_零下 / MACD绿柱扩大_零上,2026-05-15,6.8,30,-29.7
仅周线,SH.603379,三美股份,,,,MACD绿柱扩大_零上,2026-05-29,57.51,28,-29.8
仅周线,SZ.300176,鸿特科技,,,,MACD绿柱扩大_零上,2026-05-22,6.39,28,-30.1
仅周线,SZ.300644,南京聚隆,,,,MACD绿柱缩小_零下 / MACD绿柱扩大_零上,2026-05-22,27.83,30,-30.1
仅周线,SZ.300937,药易购,,,,MACD绿柱扩大_零上,2026-05-08,27.85,28,-30.2
仅周线,SZ.300111,向日葵,,,,MACD绿柱缩小_零下,2026-05-22,3.62,30,-30.3
仅周线,SZ.000572,海马汽车,,,,MACD绿柱缩小_零下 / MACD绿柱扩大_零上,2026-05-22,4.9,31.5,-30.5
仅周线,SZ.301636,泽润新能,,,,MACD绿柱扩大_零上,2026-05-29,51.56,29.75,-30.6
仅周线,SH.688059,华锐精密,,,,二买,2025-07-11,42.2,42.9,-30.8
仅周线,SZ.002373,千方科技,,,,MACD绿柱扩大_零上,2026-04-10,9.588,29.75,-30.8
仅周线,SZ.002054,德美化工,,,,MACD绿柱扩大_零上,2026-04-30,8.63,31.5,-30.9
仅周线,SZ.002783,凯龙股份,,,,MACD绿柱扩大_零上,2026-05-08,8.97,28,-30.9
仅周线,SZ.301208,中亦科技,,,,MACD绿柱缩小_零下,2026-05-15,33.13,30,-31
仅周线,SZ.300347,泰格医药,,,,MACD绿柱扩大_零上,2026-04-03,55.3,28,-31.1
仅周线,SZ.301357,北方长龙,,,,MACD绿柱扩大_零上,2026-04-03,114.45,26.25,-31.1
仅周线,SZ.300102,乾照光电,,,,MACD绿柱扩大_零上,2026-05-29,24.18,24.5,-31.2
仅周线,SZ.300657,弘信电子,,,,二买 / 三买 / 缺口买:普通,2026-05-22,50.25,34.1,-31.2
仅周线,SZ.301166,优宁维,,,,MACD绿柱扩大_零上,2026-04-24,30.65,29.75,-31.2
仅周线,SZ.002172,澳洋健康,,,,MACD绿柱扩大_零上,2026-04-24,3.73,31.5,-31.4
仅周线,SZ.300032,金龙机电,,,,MACD绿柱扩大_零上,2026-05-22,4.91,24.5,-31.6
仅周线,SZ.002173,创新医疗,,,,MACD绿柱扩大_零上,2026-05-29,19.14,24.5,-31.8
仅周线,SH.688213,思特威,,,,背驰买,2026-04-03,73.141,21,-32
仅周线,SZ.300875,捷强装备,,,,MACD绿柱扩大_零上,2026-05-08,40.12,29.75,-32
仅周线,SH.688788,科思科技,,,,MACD绿柱扩大_零上,2026-04-10,57.88,35,-32.6
仅周线,SZ.002587,奥拓电子,,,,MACD绿柱扩大_零上,2026-04-24,6.19,26.25,-32.7
仅周线,SZ.000856,冀东装备,,,,MACD绿柱扩大_零上,2026-05-08,10.46,28,-32.8
仅周线,SH.600756,浪潮软件,,,,MACD绿柱扩大_零上,2026-04-30,16.51,28,-33
仅周线,SZ.000801,四川九洲,,,,MACD绿柱缩小_零下,2026-05-22,13.74,30,-33
仅周线,SH.688339,亿华通,,,,MACD绿柱缩小_零下 / MACD绿柱扩大_零上,2026-05-22,25.02,30,-33.3
仅周线,SZ.300300,海峡创新,,,,MACD绿柱扩大_零上,2026-05-29,9.5,24.5,-33.5
仅周线,SH.688484,南芯科技,,,,背驰买,2026-03-27,33.63,21,-33.6
仅周线,SH.605286,同力天启,,,,MACD绿柱扩大_零上,2026-05-22,39.74,24.5,-33.7
仅周线,SH.600990,四创电子,,,,MACD绿柱缩小_零下,2026-05-15,21.22,27.3,-33.9
仅周线,SZ.002276,万马股份,,,,MACD绿柱扩大_零上,2026-04-10,14.17,29.75,-33.9
仅周线,SH.688010,福光股份,,,,二买,2026-03-27,26.3,34.1,-34
仅周线,SZ.002141,贤丰控股,,,,MACD绿柱扩大_零上,2026-05-22,3.58,31.5,-34
仅周线,SZ.301390,经纬股份,,,,MACD绿柱扩大_零上,2026-05-29,32.88,22.75,-34
仅周线,SZ.300395,菲利华,,,,二买,2026-04-03,90.1,34.1,-34.1
仅周线,SH.600113,浙江东日,,,,MACD绿柱扩大_零上,2026-04-17,47.19,35,-34.4
仅周线,SZ.002576,通达动力,,,,二买,2026-04-03,17.1,34.1,-34.6
仅周线,SH.688179,阿拉丁,,,,二买,2025-12-19,12.21,34.1,-34.8
仅周线,SZ.301215,中汽股份,,,,MACD绿柱缩小_零下 / MACD绿柱扩大_零上,2026-05-29,5.84,30,-35.1
仅周线,SH.603179,新泉股份,,,,MACD绿柱扩大_零上,2026-04-24,43.479,29.75,-35.2
仅周线,SZ.300072,海新能科,,,,MACD绿柱扩大_零上,2026-05-22,4.13,29.75,-35.3
仅周线,SZ.301622,英思特,,,,背驰买,2026-04-30,52.8,26.25,-35.3
仅周线,SZ.300699,光威复材,,,,MACD绿柱扩大_零上,2026-05-08,35.53,28,-35.4
仅周线,SZ.300753,爱朋医疗,,,,MACD绿柱扩大_零上,2026-04-24,26.68,31.5,-35.7
仅周线,SH.688023,安恒信息,,,,MACD绿柱扩大_零上,2026-04-10,49.57,24.5,-35.8
仅周线,SH.601908,京运通,,,,MACD绿柱扩大_零上,2026-05-29,3.72,24.5,-36
仅周线,SH.688075,安旭生物,,,,MACD绿柱扩大_零上,2026-04-03,37.71,33.25,-36.1
仅周线,SZ.002250,联化科技,,,,MACD绿柱扩大_零上,2026-05-29,14.25,28,-36.2
仅周线,SZ.002434,万里扬,,,,MACD绿柱扩大_零上,2026-04-10,8.09,31.5,-36.3
仅周线,SZ.300605,恒锋信息,,,,MACD绿柱扩大_零上,2026-03-27,14.24,28,-36.3
仅周线,SZ.002195,岩山科技,,,,MACD绿柱扩大_零上,2026-05-29,7.67,31.5,-36.4
仅周线,SZ.002683,广东宏大,,,,MACD绿柱扩大_零上,2026-05-15,36.39,22.75,-36.7
仅周线,SZ.300884,狄耐克,,,,MACD绿柱扩大_零上,2026-04-10,13.382,31.5,-36.8
仅周线,SZ.001208,华菱线缆,,,,MACD绿柱扩大_零上,2026-05-22,17.5,24.5,-36.9
仅周线,SH.601579,会稽山,,,,MACD绿柱缩小_零下,2026-05-22,17.14,30,-37.1
仅周线,SZ.300950,德固特,,,,MACD绿柱缩小_零下,2026-05-22,21.24,30,-37.1
仅周线,SZ.000948,南天信息,,,,MACD绿柱缩小_零下,2026-05-15,14.73,30,-37.2
仅周线,SZ.300655,晶瑞电材,,,,MACD绿柱扩大_零上,2026-04-10,14.89,31.5,-37.2
仅周线,SZ.000821,ST京机,,,,MACD绿柱扩大_零上,2026-04-24,10.47,26.25,-37.7
仅周线,SZ.003029,吉大正元,,,,MACD绿柱缩小_零下,2026-05-22,20.93,30,-37.7
仅周线,SZ.300719,安达维尔,,,,MACD绿柱扩大_零上,2026-04-17,16.3,29.75,-37.7
仅周线,SZ.000757,浩物股份,,,,MACD绿柱缩小_零下 / MACD绿柱扩大_零上,2026-05-15,4.67,30,-37.8
仅周线,SZ.300423,昇辉科技,,,,MACD绿柱扩大_零上,2026-05-29,6.54,26.25,-37.8
仅周线,SH.601319,中国人保,,,,MACD绿柱扩大_零上,2026-04-17,7.38,31.5,-38.2
仅周线,SZ.300374,中铁装配,,,,MACD绿柱缩小_零下,2026-05-15,13.42,30,-38.2
仅周线,SH.688080,映翰通,,,,MACD绿柱扩大_零上,2026-05-15,45.05,24.5,-38.5
仅周线,SH.603106,恒银科技,,,,MACD绿柱缩小_零下 / MACD绿柱扩大_零上,2026-05-22,8.39,28,-38.7
仅周线,SZ.000422,湖北宜化,,,,MACD绿柱扩大_零上,2026-05-29,14.12,26.25,-38.9
仅周线,SZ.300402,宝色股份,,,,MACD绿柱扩大_零上,2026-04-17,19.18,31.5,-38.9
仅周线,SZ.002852,道道全,,,,MACD绿柱扩大_零上,2026-04-10,9.79,21,-39
仅周线,SZ.301251,威尔高,,,,二买,2026-04-03,38.76,34.1,-39
仅周线,SZ.301327,华宝新能,,,,MACD绿柱扩大_零上,2026-05-29,55.29,24.5,-39.4
仅周线,SH.600218,全柴动力,,,,MACD绿柱缩小_零下 / MACD绿柱扩大_零上,2026-05-22,9.08,31.5,-39.5
仅周线,SH.601136,首创证券,,,,MACD绿柱缩小_零下,2026-05-15,16.09,30,-39.5
仅周线,SZ.300031,宝通科技,,,,背驰买,2026-03-27,19.21,26.25,-39.5
仅周线,SZ.002524,光正眼科,,,,MACD绿柱扩大_零上,2026-04-24,4.15,29.75,-39.7
仅周线,SZ.002355,兴民智通,,,,MACD绿柱扩大_零上,2026-04-30,6,26.25,-39.9
仅周线,SH.600416,湘电股份,,,,MACD绿柱缩小_零下 / MACD绿柱扩大_零上,2026-05-22,12.98,29.75,-40.2
仅周线,SH.688050,爱博医疗,,,,MACD绿柱缩小_零下,2026-05-15,49,30,-40.3
仅周线,SZ.002133,广宇集团,,,,MACD绿柱扩大_零上,2026-04-30,3.47,33.25,-40.4
仅周线,SH.600468,百利电气,,,,MACD绿柱扩大_零上,2026-05-29,6.6,28,-40.5
仅周线,SZ.301266,宇邦新材,,,,MACD绿柱扩大_零上,2026-05-29,25.79,26.25,-40.6
仅周线,SZ.300614,百川畅银,,,,MACD绿柱扩大_零上,2026-04-24,13.35,29.75,-40.7
仅周线,SZ.300802,矩子科技,,,,MACD绿柱扩大_零上,2026-04-10,18.86,28,-41
仅周线,SZ.002339,积成电子,,,,MACD绿柱扩大_零上,2026-05-22,9.23,29.75,-41.4
仅周线,SH.600742,富维股份,,,,MACD绿柱扩大_零上,2026-05-22,8.57,26.25,-41.6
仅周线,SH.601162,天风证券,,,,MACD绿柱缩小_零下,2026-05-15,3.6,30,-42
仅周线,SZ.002270,华明装备,,,,MACD绿柱扩大_零上,2026-05-29,22.27,29.75,-42
仅周线,SH.603068,博通集成,,,,二买,2026-04-03,30.15,34.1,-42.1
仅周线,SZ.002682,龙洲股份,,,,MACD绿柱扩大_零上,2026-04-10,6.02,31.5,-42.1
仅周线,SZ.300232,洲明科技,,,,MACD绿柱扩大_零上,2026-04-17,7.09,28,-42.1
仅周线,SZ.001207,联科科技,,,,三买,2026-04-24,17.15,32.5,-42.3
仅周线,SZ.301031,中熔电气,,,,二买 / 三买,2026-04-03,131.2,42.9,-42.3
仅周线,SH.688609,九联科技,,,,背驰买,2026-03-27,7.72,21,-42.4
仅周线,SZ.002292,奥飞娱乐,,,,MACD绿柱缩小_零下,2026-05-22,7.69,30,-42.7
仅周线,SZ.002486,嘉麟杰,,,,MACD绿柱扩大_零上,2026-04-10,2.89,35,-42.7
仅周线,SH.600706,曲江文旅,,,,MACD绿柱扩大_零上,2026-03-27,10.08,35,-42.8
仅周线,SZ.002330,得利斯,,,,MACD绿柱扩大_零上,2026-04-24,4.49,31.5,-42.8
仅周线,SH.600560,金自天正,,,,MACD绿柱缩小_零下,2026-05-22,14.31,30,-42.9
仅周线,SZ.300926,博俊科技,,,,MACD绿柱扩大_零上,2026-04-03,24.12,29.75,-43
仅周线,SZ.000407,胜利股份,,,,MACD绿柱扩大_零上,2026-05-29,4.15,22.75,-43.1
仅周线,SH.601519,大智慧,,,,MACD绿柱缩小_零下,2026-05-22,10.51,30,-43.4
仅周线,SZ.002933,新兴装备,,,,MACD绿柱扩大_零上,2026-04-10,32.65,29.75,-43.7
仅周线,SZ.301033,迈普医学,,,,MACD绿柱扩大_零上,2026-04-10,59.64,28,-43.8
仅周线,SZ.002562,兄弟科技,,,,MACD绿柱扩大_零上,2026-04-24,5.57,29.75,-43.9
仅周线,SH.600737,中粮糖业,,,,MACD绿柱扩大_零上,2026-04-10,14.43,35,-44.1
仅周线,SZ.000596,古井贡酒,,,,MACD绿柱缩小_零下,2026-05-08,106.36,30,-44.1
仅周线,SH.688252,天德钰,,,,背驰买,2026-03-27,19.1,26.25,-44.2
仅周线,SZ.002645,华宏科技,,,,二买 / 三买,2025-12-19,13.96,42.9,-44.5
仅周线,SZ.002247,聚力文化,,,,MACD绿柱扩大_零上,2026-04-30,2.88,28,-44.7
仅周线,SZ.300987,川网传媒,,,,MACD绿柱扩大_零上,2026-04-10,17.36,29.75,-44.7
仅周线,SZ.002523,天桥起重,,,,MACD绿柱扩大_零上,2026-04-24,3.83,33.25,-45.1
仅周线,SH.600309,万华化学,,,,MACD绿柱扩大_零上,2026-05-29,73.45,26.25,-45.2
仅周线,SH.688518,联赢激光,,,,二买 / MACD绿柱扩大_零上,2026-04-10,25.67,34.1,-45.6
仅周线,SZ.301096,百诚医药,,,,MACD绿柱缩小_零下,2026-04-10,54.83,30,-45.6
仅周线,SH.603800,洪田股份,,,,MACD绿柱缩小_零下,2026-04-17,47.49,30,-45.8
仅周线,SZ.002564,天沃科技,,,,MACD绿柱缩小_零下,2026-05-08,6.3,30,-45.8
仅周线,SZ.300289,利德曼,,,,MACD绿柱缩小_零下,2026-05-08,6.75,30,-45.9
仅周线,SH.603036,如通股份,,,,MACD绿柱扩大_零上,2026-04-10,18.93,31.5,-46.5
仅周线,SZ.300569,天能重工,,,,MACD绿柱扩大_零上,2026-05-29,5.36,26.25,-47
仅周线,SH.600734,实达集团,,,,MACD绿柱扩大_零上,2026-04-10,3.75,31.5,-47.1
仅周线,SH.603697,有友食品,,,,MACD绿柱扩大_零上,2026-03-27,10.76,28,-47.1
仅周线,SH.688653,康希通信,,,,二买,2026-03-27,11.99,34.1,-47.3
仅周线,SZ.300827,上能电气,,,,MACD绿柱扩大_零上,2026-05-29,33.06,24.5,-47.4
仅周线,SH.603192,汇得科技,,,,MACD绿柱扩大_零上,2026-05-22,21.74,29.75,-47.5
仅周线,SH.600877,电科芯片,,,,MACD绿柱扩大_零上,2026-04-17,17.32,31.5,-47.7
仅周线,SZ.002074,国轩高科,,,,MACD绿柱扩大_零上,2026-05-29,32.95,28,-47.9
仅周线,SZ.300658,延江股份,,,,MACD绿柱扩大_零上,2026-05-15,18.97,24.5,-47.9
仅周线,SZ.002014,永新股份,,,,MACD绿柱扩大_零上,2026-05-29,10.71,28,-48
仅周线,SZ.002716,湖南白银,,,,MACD绿柱扩大_零上,2026-05-29,9.39,29.75,-48
仅周线,SZ.300299,富春股份,,,,MACD绿柱缩小_零下,2026-05-22,5.94,30,-48
仅周线,SH.688200,华峰测控,,,,二买 / 三买,2025-11-28,162.92,34.1,-48.2
仅周线,SH.688208,道通科技,,,,MACD绿柱扩大_零上 / 缺口买:普通,2026-05-15,38.4,31.5,-48.4
仅周线,SZ.002206,海 利 得,,,,MACD绿柱扩大_零上,2026-05-29,5.15,24.5,-48.8
仅周线,SZ.301127,武汉天源,,,,MACD绿柱扩大_零上,2026-05-08,14.58,33.25,-48.8
仅周线,SH.605001,威奥股份,,,,MACD绿柱扩大_零上,2026-04-10,7.49,28,-49
仅周线,SZ.000576,甘化科工,,,,MACD绿柱扩大_零上,2026-04-10,9.44,28,-49
仅周线,SH.688559,海目星,,,,二买 / MACD绿柱扩大_零上,2026-04-10,55.2,34.1,-49.3
仅周线,SZ.301091,深城交,,,,MACD绿柱缩小_零下,2026-05-15,22.12,30,-49.4
仅周线,SH.688169,石头科技,,,,背驰买 / MACD绿柱缩小_零下,2026-05-15,122.12,30,-49.6
仅周线,SZ.002987,京北方,,,,MACD绿柱缩小_零下,2026-05-22,12.41,30,-49.7
仅周线,SH.600180,瑞茂通,,,,缺口买:衰竭,2026-05-15,1.93,16.25,-49.8
仅周线,SZ.300150,世纪瑞尔,,,,MACD绿柱扩大_零上,2026-04-30,5.09,28,-49.8
仅周线,SZ.002732,燕塘乳业,,,,MACD绿柱扩大_零上,2026-04-10,16.16,35,-50
仅周线,SZ.002676,顺威股份,,,,MACD绿柱缩小_零下,2026-04-30,7.12,30,-50.1
仅周线,SZ.300813,泰林生物,,,,MACD绿柱扩大_零上,2026-05-15,24.59,28,-50.4
仅周线,SH.688691,灿芯股份,,,,MACD绿柱扩大_零上,2026-04-10,99.1,28,-50.8
仅周线,SH.688408,中信博,,,,MACD绿柱缩小_零下,2026-05-22,38.77,30,-50.9
仅周线,SZ.301185,鸥玛软件,,,,MACD绿柱扩大_零上,2026-04-10,19.15,28,-51
仅周线,SH.603755,日辰股份,,,,MACD绿柱缩小_零下 / MACD绿柱扩大_零上,2026-05-29,25.26,31.5,-51.2
仅周线,SH.688709,成都华微,,,,MACD绿柱扩大_零上,2026-05-15,39.65,29.75,-51.2
仅周线,SH.688351,微电生理,,,,MACD绿柱扩大_零上,2026-03-27,21.18,31.5,-51.3
仅周线,SZ.003005,竞业达,,,,MACD绿柱缩小_零下,2026-05-15,17.48,30,-51.3
仅周线,SZ.300662,科锐国际,,,,MACD绿柱缩小_零下,2026-05-15,24.83,30,-51.7
仅周线,SZ.002123,梦网科技,,,,MACD绿柱缩小_零下,2026-05-22,9.62,30,-51.9
仅周线,SH.688680,海优新材,,,,MACD绿柱扩大_零上,2026-05-29,41.66,28,-52.1
仅周线,SH.603281,江瀚新材,,,,二买 / 三买,2026-03-20,29.2,42.9,-53
仅周线,SZ.002588,史丹利,,,,MACD绿柱扩大_零上,2026-05-29,9.09,26.25,-53
仅周线,SZ.002912,中新赛克,,,,MACD绿柱扩大_零上,2026-04-10,26.94,31.5,-53
仅周线,SZ.301392,汇成真空,,,,背驰买,2026-03-06,102.34,26.25,-53
仅周线,SZ.000633,合金投资,,,,MACD绿柱扩大_零上,2026-04-10,6.91,33.25,-53.1
仅周线,SZ.000655,金岭矿业,,,,MACD绿柱扩大_零上,2026-04-30,8.3,33.25,-53.1
仅周线,SZ.300078,思创智联,,,,MACD绿柱扩大_零上,2026-05-22,3.69,24.5,-53.7
仅周线,SZ.002045,国光电器,,,,MACD绿柱缩小_零下,2026-05-15,11.28,30,-53.9
仅周线,SZ.002462,嘉事堂,,,,MACD绿柱扩大_零上,2026-05-08,13.87,29.75,-53.9
仅周线,SZ.002324,普利特,,,,MACD绿柱扩大_零上,2026-05-29,12.3,26.25,-54.5
仅周线,SZ.300991,创益通,,,,MACD绿柱扩大_零上,2026-05-29,39.4,28,-54.5
仅周线,SZ.000936,华西股份,,,,MACD绿柱扩大_零上,2026-04-10,7.5,31.5,-55
仅周线,SZ.002696,百洋股份,,,,MACD绿柱扩大_零上,2026-05-29,5.88,26.25,-55.2
仅周线,SZ.300766,每日互动,,,,MACD绿柱扩大_零上,2026-04-17,38.81,28,-55.4
仅周线,SH.688711,宏微科技,,,,二买 / MACD绿柱扩大_零上,2026-04-10,27.41,34.1,-55.5
仅周线,SZ.002451,摩恩电气,,,,MACD绿柱扩大_零上,2026-04-24,9.4,33.25,-55.5
仅周线,SH.601901,方正证券,,,,MACD绿柱缩小_零下,2026-05-29,6.89,30,-55.8
仅周线,SH.601999,出版传媒,,,,MACD绿柱扩大_零上,2026-05-22,6.42,22.75,-56.1
仅周线,SZ.300589,江龙船艇,,,,MACD绿柱扩大_零上,2026-04-10,16.03,29.75,-56.5
仅周线,SZ.301533,威马农机,,,,MACD绿柱缩小_零下,2026-05-22,30.94,30,-56.8
仅周线,SH.688370,丛麟科技,,,,MACD绿柱扩大_零上,2026-04-10,24.65,29.75,-56.9
仅周线,SH.600386,北巴传媒,,,,MACD绿柱缩小_零下,2026-05-22,3.94,30,-57
仅周线,SZ.301175,中科环保,,,,MACD绿柱扩大_零上,2026-05-22,5.79,35,-57.1
仅周线,SZ.300990,同飞股份,,,,二买 / MACD绿柱扩大_零上,2026-04-30,80.09,34.1,-57.3
仅周线,SH.603999,读者传媒,,,,MACD绿柱扩大_零上,2026-04-10,7.04,29.75,-57.5
仅周线,SH.600800,渤海化学,,,,MACD绿柱扩大_零上,2026-05-29,3.9,22.75,-57.6
仅周线,SH.688345,博力威,,,,三买,2025-11-21,29.96,32.5,-57.6
仅周线,SH.688233,神工股份,,,,二买 / MACD绿柱扩大_零上,2026-04-10,74.05,42.9,-57.7
仅周线,SZ.300398,飞凯材料,,,,二买 / 三买,2026-03-27,23.61,34.1,-57.7
仅周线,SZ.300578,会畅科技,,,,MACD绿柱扩大_零上,2026-05-29,17.71,22.75,-57.8
仅周线,SZ.002882,金龙羽,,,,MACD绿柱扩大_零上,2026-04-10,27.27,31.5,-58
仅周线,SH.688138,清溢光电,,,,MACD绿柱扩大_零上,2026-04-10,27.51,29.75,-58.1
仅周线,SZ.002476,宝莫股份,,,,MACD绿柱扩大_零上,2026-05-29,5.23,24.5,-58.2
仅周线,SH.603088,宁波精达,,,,MACD绿柱扩大_零上,2026-05-29,10.5,22.75,-58.5
仅周线,SZ.000415,渤海租赁,,,,MACD绿柱扩大_零上,2026-05-29,4.12,22.75,-58.9
仅周线,SH.600720,中交设计,,,,一买,2026-05-29,5.92,28,-59.5
仅周线,SZ.300684,中石科技,,,,二买 / MACD绿柱扩大_零上,2026-04-10,52.063,34.1,-59.5
仅周线,SH.600328,中盐化工,,,,MACD绿柱扩大_零上,2026-05-29,6.77,29.75,-59.6
仅周线,SH.600444,国机通用,,,,MACD绿柱扩大_零上,2026-04-10,17.75,33.25,-60
仅周线,SZ.300427,红相股份,,,,MACD绿柱扩大_零上,2026-05-22,9.81,26.25,-60.2
仅周线,SZ.001238,浙江正特,,,,MACD绿柱扩大_零上,2026-05-22,44.98,28,-60.6
仅周线,SZ.002232,启明信息,,,,MACD绿柱缩小_零下,2026-05-08,18.2,30,-61.3
仅周线,SZ.300322,硕贝德,,,,二买 / MACD绿柱扩大_零上,2026-04-10,26.62,34.1,-61.5
仅周线,SZ.300638,广和通,,,,MACD绿柱扩大_零上,2026-04-03,23.81,24.5,-61.6
仅周线,SZ.000970,中科三环,,,,MACD绿柱缩小_零下 / MACD绿柱扩大_零上,2026-05-29,11.18,29.75,-61.8
仅周线,SH.688201,信安世纪,,,,MACD绿柱扩大_零上,2026-04-24,11.21,26.25,-62
仅周线,SH.603310,巍华新材,,,,背驰买,2026-03-27,15.5,26.25,-62.3
仅周线,SZ.300358,楚天科技,,,,MACD绿柱扩大_零上,2026-05-29,8.41,24.5,-62.6
仅周线,SH.688522,纳睿雷达,,,,MACD绿柱缩小_零下,2026-05-22,33.9,30,-62.9
仅周线,SZ.002160,常铝股份,,,,MACD绿柱扩大_零上,2026-04-10,5.1,31.5,-62.9
仅周线,SZ.002593,日上集团,,,,MACD绿柱扩大_零上,2026-04-10,5.38,33.25,-62.9
仅周线,SZ.301539,宏鑫科技,,,,MACD绿柱扩大_零上,2026-04-10,19.44,29.75,-63.4
仅周线,SZ.301270,汉仪股份,,,,MACD绿柱缩小_零下,2026-05-15,32,29.4,-63.7
仅周线,SZ.301119,正强股份,,,,MACD绿柱扩大_零上,2026-05-08,43.35,28,-64
仅周线,SH.600728,佳都科技,,,,MACD绿柱扩大_零上,2026-04-10,5.68,26.25,-64.1
仅周线,SZ.301386,未来电器,,,,MACD绿柱扩大_零上,2026-05-29,23.28,22.75,-64.4
仅周线,SH.605008,长鸿高科,,,,MACD绿柱缩小_零下,2026-05-15,12.24,30,-64.6
仅周线,SZ.300076,GQY视讯,,,,MACD绿柱扩大_零上,2026-04-10,6,24.5,-64.6
仅周线,SH.603155,新亚强,,,,MACD绿柱扩大_零上,2026-04-10,16.06,29.75,-64.8
仅周线,SZ.000972,*ST中基,,,,背驰买,2026-02-06,3.43,21,-64.9
仅周线,SZ.002467,二六三,,,,MACD绿柱扩大_零上,2026-05-29,5.51,24.5,-65.1
仅周线,SZ.000988,华工科技,,,,二买,2026-02-06,72.92,34.1,-65.7
仅周线,SH.688776,国光电气,,,,MACD绿柱扩大_零上,2026-04-24,79.8,28,-66.7
仅周线,SZ.300071,福石控股,,,,MACD绿柱缩小_零下 / MACD绿柱扩大_零上,2026-05-22,4.47,33.25,-66.9
仅周线,SH.688291,金橙子,,,,二买 / MACD绿柱扩大_零上,2026-04-17,43.19,34.1,-67.8
仅周线,SH.601279,英利汽车,,,,MACD绿柱缩小_零下 / MACD绿柱扩大_零上,2026-05-22,3.73,29.75,-68
仅周线,SH.688153,唯捷创芯,,,,MACD绿柱扩大_零上,2026-04-10,33.95,31.5,-68
仅周线,SH.688084,晶品特装,,,,MACD绿柱扩大_零上,2026-03-27,69,26.25,-69
仅周线,SH.603043,广州酒家,,,,MACD绿柱扩大_零上,2026-04-17,14.93,29.75,-69.1
仅周线,SH.603273,天元智能,,,,MACD绿柱扩大_零上,2026-04-03,17.48,26.25,-69.8
仅周线,SZ.002767,先锋电子,,,,MACD绿柱扩大_零上,2026-05-29,17.42,24.5,-70.3
仅周线,SZ.300250,初灵信息,,,,MACD绿柱扩大_零上,2026-04-10,21.38,29.75,-71.5
仅周线,SZ.300101,振芯科技,,,,MACD绿柱缩小_零下 / MACD绿柱扩大_零上,2026-05-22,19.26,28.5,-71.7
仅周线,SH.600128,苏豪弘业,,,,MACD绿柱扩大_零上,2026-04-17,10.53,29.75,-71.8
仅周线,SH.603486,科沃斯,,,,背驰买 / MACD绿柱缩小_零下,2026-05-15,65.15,30,-71.8
仅周线,SH.600918,中泰证券,,,,MACD绿柱缩小_零下,2026-05-15,5.84,30,-72.1
仅周线,SH.688070,纵横股份,,,,MACD绿柱扩大_零上,2026-04-17,49.59,31.5,-72.3
仅周线,SH.600287,苏豪时尚,,,,MACD绿柱扩大_零上,2026-05-29,5.11,22.75,-72.6
仅周线,SZ.300278,华昌达,,,,MACD绿柱缩小_零下,2026-05-29,4.5,30,-73.3
仅周线,SH.600160,巨化股份,,,,二买 / MACD绿柱扩大_零上,2026-04-24,35.05,34.1,-73.5
仅周线,SH.600192,长城电工,,,,MACD绿柱扩大_零上,2026-04-17,8.36,29.75,-74.8
仅周线,SH.603656,泰禾智能,,,,MACD绿柱扩大_零上,2026-04-24,19.96,35,-75.3
仅周线,SH.601020,华钰矿业,,,,MACD绿柱扩大_零上,2026-05-29,24.56,26.25,-75.8
仅周线,SH.600860,京城股份,,,,MACD绿柱扩大_零上,2026-04-24,10.82,26.25,-76.2
仅周线,SH.600523,贵航股份,,,,MACD绿柱扩大_零上,2026-04-10,13.866,31.5,-76.5
仅周线,SZ.002272,川润股份,,,,二买,2026-02-06,14.4,34.1,-76.5
仅周线,SZ.301356,天振股份,,,,MACD绿柱扩大_零上,2026-04-24,20.59,33.25,-76.5
仅周线,SH.688191,智洋创新,,,,二买,2026-04-10,38,42.9,-77.1
仅周线,SH.603385,惠达卫浴,,,,MACD绿柱扩大_零上,2026-04-17,6.36,26.25,-77.9
仅周线,SH.600671,天目药业,,,,MACD绿柱扩大_零上,2026-05-29,17.46,29.75,-78.4
仅周线,SZ.002708,光洋股份,,,,MACD绿柱扩大_零上,2026-04-03,11.23,26.25,-78.8
仅周线,SZ.301296,新巨丰,,,,MACD绿柱缩小_零下,2026-05-15,7.43,30,-80.3
仅周线,SH.600526,菲达环保,,,,MACD绿柱扩大_零上,2026-05-29,4.76,26.25,-81.5
仅周线,SH.688501,青达环保,,,,MACD绿柱扩大_零上,2026-04-03,23.07,24.5,-81.9
仅周线,SZ.301082,久盛电气,,,,MACD绿柱扩大_零上,2026-04-10,13.508,28,-81.9
仅周线,SZ.300123,ST亚光,,,,MACD绿柱扩大_零上 / 缺口买:普通,2026-05-08,4.6,29.75,-82.3
仅周线,SH.688551,科威尔,,,,三买,2025-11-21,34.651,32.5,-82.4
仅周线,SZ.000410,沈阳机床,,,,MACD绿柱扩大_零上,2026-04-10,6.66,28,-82.4
仅周线,SZ.001311,多利科技,,,,MACD绿柱扩大_零上,2026-05-22,21.885,21,-82.5
仅周线,SZ.003002,壶化股份,,,,MACD绿柱扩大_零上,2026-05-22,24.46,24.5,-82.8
仅周线,SZ.300248,新开普,,,,MACD绿柱缩小_零下,2026-05-22,9.83,30,-83.2
仅周线,SH.601956,东贝集团,,,,MACD绿柱扩大_零上,2026-04-10,6.62,33.25,-83.7
仅周线,SZ.300188,国投智能,,,,MACD绿柱缩小_零下,2026-05-15,12.31,30,-85
仅周线,SZ.300036,超图软件,,,,MACD绿柱扩大_零上,2026-04-10,15.5,26.25,-88.3
仅周线,SH.688588,凌志软件,,,,MACD绿柱缩小_零下,2026-05-22,11.95,30,-88.7
仅周线,SH.603501,豪威集团,,,,一买 / MACD绿柱缩小_零下,2026-05-22,104.25,30,-89
仅周线,SH.688343,云天励飞,,,,MACD绿柱扩大_零上,2026-05-29,68.55,28,-89.1
仅周线,SZ.300066,三川智慧,,,,MACD绿柱扩大_零上,2026-04-10,6.48,28,-89.7
仅周线,SZ.300011,鼎汉技术,,,,MACD绿柱扩大_零上,2026-04-24,7.24,28,-90.7
仅周线,SZ.002152,广电运通,,,,MACD绿柱缩小_零下,2026-05-15,11.38,30,-91
仅周线,SH.600477,杭萧钢构,,,,MACD绿柱扩大_零上,2026-05-29,2.73,29.75,-91.3
仅周线,SZ.300722,新余国科,,,,MACD绿柱扩大_零上,2026-03-27,28.85,24.5,-91.5
仅周线,SZ.000975,山金国际,,,,MACD绿柱扩大_零上,2026-05-15,25.09,29.75,-91.7
仅周线,SH.603214,爱婴室,,,,MACD绿柱缩小_零下,2026-05-15,16.047,30,-92.4
仅周线,SH.603556,海兴电力,,,,MACD绿柱扩大_零上,2026-05-22,27.5,28,-93.3
仅周线,SZ.002369,卓翼科技,,,,MACD绿柱缩小_零下,2026-05-22,7,30,-94.6
仅周线,SH.603035,常熟汽饰,,,,MACD绿柱扩大_零上,2026-03-27,13.68,31.5,-95.2
仅周线,SZ.002666,德联集团,,,,MACD绿柱扩大_零上,2026-05-22,4.89,24.5,-96.2
仅周线,SZ.000727,冠捷科技,,,,背驰买,2026-02-06,2.48,21,-96.5
仅周线,SZ.002510,天汽模,,,,MACD绿柱扩大_零上,2026-05-08,6.92,28,-96.9
仅周线,SZ.300469,信息发展,,,,MACD绿柱扩大_零上,2026-04-30,59.67,35,-97.7
仅周线,SZ.300581,晨曦航空,,,,MACD绿柱缩小_零下,2026-05-08,13.5,30,-98.4
仅周线,SZ.002942,新农股份,,,,MACD绿柱扩大_零上,2026-05-29,17.02,24.5,-98.5
仅周线,SH.603169,兰石重装,,,,MACD绿柱扩大_零上,2026-05-08,9.06,28,-98.7
仅周线,SH.688244,永信至诚,,,,MACD绿柱缩小_零下,2026-05-22,19.29,30,-99.7
仅周线,SZ.301311,昆船智能,,,,MACD绿柱缩小_零下,2026-05-22,16.1,30,-99.8
仅周线,SZ.300803,指南针,,,,MACD绿柱缩小_零下 / MACD绿柱扩大_零上,2026-05-22,98.19,30,-102.6
仅周线,SZ.002883,中设股份,,,,MACD绿柱缩小_零下,2026-05-15,9.92,30,-103.1
仅周线,SZ.300724,捷佳伟创,,,,MACD绿柱扩大_零上,2026-05-29,80.71,29.75,-104.9
仅周线,SZ.002065,东华软件,,,,MACD绿柱缩小_零下,2026-05-22,8.05,30,-107.5
仅周线,SZ.300960,通业科技,,,,MACD绿柱扩大_零上,2026-04-10,23.33,26.25,-107.9
仅周线,SZ.002660,茂硕电源,,,,MACD绿柱缩小_零下,2026-05-22,8.67,30,-109.6
仅周线,SH.920896,旺成科技,,,,MACD绿柱缩小_零下,2026-05-22,16.13,30,-111.3
仅周线,SZ.002506,协鑫集成,,,,MACD绿柱扩大_零上,2026-05-22,3.83,24.5,-111.5
仅周线,SH.601012,隆基绿能,,,,MACD绿柱扩大_零上,2026-04-17,17.44,28,-113.4
仅周线,SZ.300810,中科海讯,,,,MACD绿柱缩小_零下,2026-05-22,31.11,30,-114.1
仅周线,SH.688277,天智航,,,,MACD绿柱扩大_零上,2026-05-29,17.33,31.5,-115.8
仅周线,SZ.002599,盛通股份,,,,MACD绿柱缩小_零下,2026-05-22,6.8,30,-118.7
仅周线,SH.601595,上海电影,,,,MACD绿柱缩小_零下,2026-05-15,22.43,28.2,-120.3
仅周线,SZ.301263,泰恩康,,,,缺口买:衰竭,2026-06-01,21.11,16.25,-121.8
仅周线,SH.688648,中邮科技,,,,MACD绿柱扩大_零上,2026-05-08,49.7,22.75,-123.1
仅周线,SH.603712,七一二,,,,MACD绿柱缩小_零下,2026-05-22,15.78,30,-130.9
仅周线,SZ.300808,久量股份,,,,MACD绿柱扩大_零上,2026-04-10,26.36,21,-146.1
仅周线,SZ.002362,汉王科技,,,,MACD绿柱缩小_零下,2026-05-22,17.85,30,-207.9
